index,PredicMistral,PredicLLAMA,PredicGemma
0,"{'sentiment': 'NEUTRAL', 'confidence': 0.99}","{'sentiment': 'NEUTRAL', 'confidence': 0.5}","{'sentiment': 'NEGATIVE', 'confidence': 0.8}"
1,"{'sentiment': 'POSITIVE', 'confidence': 0.85}","{'sentiment': 'POSITIVE', 'confidence': 0.8}","{'sentiment': 'NEGATIVE', 'confidence': 0.8}"
2,"{'sentiment': 'NEUTRAL', 'confidence': 1.0}","{'sentiment': 'NEUTRAL', 'confidence': 0.8}","{'sentiment': 'NEUTRAL', 'confidence': 0.5}"
3,"{'sentiment': 'POSITIVE', 'confidence': 0.95}","{'sentiment': 'POSITIVE', 'confidence': 0.9}","{'sentiment': 'POSITIVE', 'confidence': 1}"
4,"{'sentiment': 'NEGATIVE', 'confidence': 1.0}","{'sentiment': 'NEGATIVE', 'confidence': 0.8}","{'sentiment': 'NEGATIVE', 'confidence': 0.8}"
5,"{'sentiment': 'POSITIVE', 'confidence': 0.85}","{'sentiment': 'POSITIVE', 'confidence': 0.9}","{'sentiment': 'POSITIVE', 'confidence': 1}"
6,"{'sentiment': 'NEUTRAL', 'confidence': 1.0}","{'sentiment': 'NEUTRAL', 'confidence': 0.5}","{'sentiment': 'NEGATIVE', 'confidence': 0.85}"
7,"{'sentiment': 'NEUTRAL', 'confidence': 0.7}","{'sentiment': 'POSITIVE', 'confidence': 0.9}","{'sentiment': 'POSITIVE', 'confidence': 0.8}"
8,"{'sentiment': 'NEGATIVE', 'confidence': 1.0}","{'sentiment': 'NEGATIVE', 'confidence': 0.9}","{'sentiment': 'NEGATIVE', 'confidence': 0.8}"
9,"{'sentiment': 'NEGATIVE', 'confidence': 0.99}","{'sentiment': 'NEGATIVE', 'confidence': 0.8}","{'sentiment': 'NEGATIVE', 'confidence': 0.6}"
10,"{'sentiment': 'NEUTRAL', 'confidence': 0.5}","{'sentiment': 'NEGATIVE', 'confidence': 0.8}","{'sentiment': 'NEGATIVE', 'confidence': 0.8}"
11,"{'sentiment': 'POSITIVE', 'confidence': 0.9}","{'sentiment': 'POSITIVE', 'confidence': 0.9}","{'sentiment': 'POSITIVE', 'confidence': 1}"
12,"{'sentiment': 'NEGATIVE', 'confidence': 1.0}","{'sentiment': 'NEGATIVE', 'confidence': 0.9}","{'sentiment': 'NEGATIVE', 'confidence': 0.8}"
13,"{'sentiment': 'NEUTRAL', 'confidence': 1.0}","{'sentiment': 'POSITIVE', 'confidence': 0.8}","{'sentiment': 'POSITIVE', 'confidence': 1}"
14,"{'sentiment': 'POSITIVE', 'confidence': 0.95}","{'sentiment': 'POSITIVE', 'confidence': 0.9}","{'sentiment': 'POSITIVE', 'confidence': 0.95}"
15,"{'sentiment': 'POSITIVE', 'confidence': 0.9}","{'sentiment': 'NEUTRAL', 'confidence': 0.8}","{'sentiment': 'NEGATIVE', 'confidence': 0.8}"
16,"{'sentiment': 'NEGATIVE', 'confidence': 0.95}","{'sentiment': 'NEGATIVE', 'confidence': 0.9}","{'sentiment': 'NEGATIVE', 'confidence': 0.8}"
17,"{'sentiment': 'NEGATIVE', 'confidence': 1.0}","{'sentiment': 'NEGATIVE', 'confidence': 0.8}","{'sentiment': 'NEGATIVE', 'confidence': 0.8}"
18,"{'sentiment': 'NEGATIVE', 'confidence': 0.95}","{'sentiment': 'NEGATIVE', 'confidence': 0.8}","{'sentiment': 'NEGATIVE', 'confidence': 0.8}"
19,"{'sentiment': 'POSITIVE', 'confidence': 0.85}","{'sentiment': 'POSITIVE', 'confidence': 0.9}","{'sentiment': 'NEGATIVE', 'confidence': 0.8}"
20,"{'sentiment': 'NEUTRAL', 'confidence': 0.9}","{'sentiment': 'NEGATIVE', 'confidence': 0.8}","{'sentiment': 'NEGATIVE', 'confidence': 0.8}"
21,"{'sentiment': 'NEUTRAL', 'confidence': 0.5}","{'sentiment': 'POSITIVE', 'confidence': 0.9}","{'sentiment': 'POSITIVE', 'confidence': 0.95}"
22,"{'sentiment': 'NEGATIVE', 'confidence': 0.7}","{'sentiment': 'NEGATIVE', 'confidence': 0.8}","{'sentiment': 'NEGATIVE', 'confidence': 0.8}"
23,"{'sentiment': 'NEGATIVE', 'confidence': 1.0}","{'sentiment': 'NEGATIVE', 'confidence': 0.8}","{'sentiment': 'NEGATIVE', 'confidence': 0.7}"
24,"{'sentiment': 'NEUTRAL', 'confidence': 0.6}","{'sentiment': 'NEGATIVE', 'confidence': 0.6}","{'sentiment': 'NEGATIVE', 'confidence': 0.8}"
25,"{'sentiment': 'POSITIVE', 'confidence': 0.95}","{'sentiment': 'POSITIVE', 'confidence': 0.9}","{'sentiment': 'POSITIVE', 'confidence': 1}"
26,"{'sentiment': 'NEUTRAL', 'confidence': 1}","{'sentiment': 'POSITIVE', 'confidence': 0.9}","{'sentiment': 'NEUTRAL', 'confidence': 0.5}"
27,"{'sentiment': 'POSITIVE', 'confidence': 1}","{'sentiment': 'POSITIVE', 'confidence': 0.9}","{'sentiment': 'Neutral', 'confidence': 1}"
28,"{'sentiment': 'NEGATIVE', 'confidence': 0.99}","{'sentiment': 'NEGATIVE', 'confidence': 0.9}","{'sentiment': 'NEGATIVE', 'confidence': 0.4}"
29,"{'sentiment': 'POSITIVE', 'confidence': 0.85}","{'sentiment': 'POSITIVE', 'confidence': 0.8}","{'sentiment': 'POSITIVE', 'confidence': 0.8}"
30,"{'sentiment': 'NEUTRAL', 'confidence': 1.0}","{'sentiment': 'POSITIVE', 'confidence': 0.8}","{'sentiment': 'POSITIVE', 'confidence': 1}"
31,"{'sentiment': 'NEUTRAL', 'confidence': 0.8}","{'sentiment': 'POSITIVE', 'confidence': 0.8}","{'sentiment': 'POSITIVE', 'confidence': 0.95}"
32,"{'sentiment': 'NEGATIVE', 'confidence': 0.9}","{'sentiment': 'NEGATIVE', 'confidence': 0.8}","{'sentiment': 'NEGATIVE', 'confidence': 0.8}"
33,"{'sentiment': 'POSITIVE', 'confidence': 0.95}","{'sentiment': 'POSITIVE', 'confidence': 0.95}","{'sentiment': 'NEGATIVE', 'confidence': 0.95}"
34,"{'sentiment': 'POSITIVE', 'confidence': 0.95}","{'sentiment': 'POSITIVE', 'confidence': 0.9}","{'sentiment': 'POSITIVE', 'confidence': 0.8}"
35,"{'sentiment': 'POSITIVE', 'confidence': 1.0}","{'sentiment': 'POSITIVE', 'confidence': 0.9}","{'sentiment': 'POSITIVE', 'confidence': 1}"
36,"{'sentiment': 'POSITIVE', 'confidence': 0.95}","{'sentiment': 'POSITIVE', 'confidence': 0.95}","{'sentiment': 'POSITIVE', 'confidence': 0.9}"
37,"{'sentiment': 'POSITIVE', 'confidence': 0.95}","{'sentiment': 'POSITIVE', 'confidence': 0.9}","{'sentiment': 'POSITIVE', 'confidence': 1}"
38,"{'sentiment': 'NEGATIVE', 'confidence': 1.0}","{'sentiment': 'NEGATIVE', 'confidence': 0.8}","{'sentiment': 'Negative', 'confidence': 0.8}"
39,"{'sentiment': 'NEGATIVE', 'confidence': 0.95}","{'sentiment': 'NEGATIVE', 'confidence': 0.7}","{'sentiment': 'NEGATIVE', 'confidence': 0.8}"
40,"{'sentiment': 'NEGATIVE', 'confidence': 1.0}","{'sentiment': 'NEGATIVE', 'confidence': 0.8}","{'sentiment': 'NEGATIVE', 'confidence': 0.8}"
41,"{'sentiment': 'POSITIVE', 'confidence': 1.0}","{'sentiment': 'POSITIVE', 'confidence': 0.8}","{'sentiment': 'POSITIVE', 'confidence': 1}"
42,"{'sentiment': 'NEGATIVE', 'confidence': 0.95}","{'sentiment': 'POSITIVE', 'confidence': 0.9}","{'sentiment': 'POSITIVE', 'confidence': 0.95}"
43,"{'sentiment': 'POSITIVE', 'confidence': 1.0}","{'sentiment': 'POSITIVE', 'confidence': 0.9}","{'sentiment': 'POSITIVE', 'confidence': 1}"
44,"{'sentiment': 'POSITIVE', 'confidence': 0.9}","{'sentiment': 'POSITIVE', 'confidence': 0.8}","{'sentiment': 'POSITIVE', 'confidence': 0.8}"
45,"{'sentiment': 'NEUTRAL', 'confidence': 0.99}","{'sentiment': 'NEUTRAL', 'confidence': 0.8}","{'sentiment': 'NEGATIVE', 'confidence': 0.8}"
46,"{'sentiment': 'POSITIVE', 'confidence': 0.85}","{'sentiment': 'POSITIVE', 'confidence': 0.8}","{'sentiment': 'POSITIVE', 'confidence': 0.8}"
47,"{'sentiment': 'POSITIVE', 'confidence': 1.0}","{'sentiment': 'POSITIVE', 'confidence': 0.9}","{'sentiment': 'POSITIVE', 'confidence': 0.85}"
48,"{'sentiment': 'POSITIVE', 'confidence': 1.0}","{'sentiment': 'POSITIVE', 'confidence': 0.9}","{'sentiment': 'POSITIVE', 'confidence': 1}"
49,"{'sentiment': 'NEUTRAL', 'confidence': 0.5}","{'sentiment': 'POSITIVE', 'confidence': 0.9}","{'sentiment': 'POSITIVE', 'confidence': 0.95}"
50,"{'sentiment': 'NEGATIVE', 'confidence': 1.0}","{'sentiment': 'NEGATIVE', 'confidence': 0.9}","{'sentiment': 'NEGATIVE', 'confidence': 0.8}"
51,"{'sentiment': 'POSITIVE', 'confidence': 0.8}","{'sentiment': 'POSITIVE', 'confidence': 0.9}","{'sentiment': 'NEGATIVE', 'confidence': 0.8}"
52,"{'sentiment': 'POSITIVE', 'confidence': 0.9}","{'sentiment': 'POSITIVE', 'confidence': 0.95}","{'sentiment': 'POSITIVE', 'confidence': 0.8}"
53,"{'sentiment': 'NEGATIVE', 'confidence': 0.9}","{'sentiment': 'NEGATIVE', 'confidence': 0.8}","{'sentiment': 'NEGATIVE', 'confidence': 0.85}"
54,"{'sentiment': 'NEGATIVE', 'confidence': 1.0}","{'sentiment': 'NEGATIVE', 'confidence': 0.8}","{'sentiment': 'NEGATIVE', 'confidence': 0.8}"
55,"{'sentiment': 'NEUTRAL', 'confidence': 0.99}","{'sentiment': 'NEUTRAL', 'confidence': 0.8}","{'sentiment': 'NEUTRAL', 'confidence': 0.5}"
56,"{'sentiment': 'POSITIVE', 'confidence': 1.0}","{'sentiment': 'POSITIVE', 'confidence': 0.9}","{'sentiment': 'POSITIVE', 'confidence': 0.75}"
57,"{'sentiment': 'NEGATIVE', 'confidence': 1.0}","{'sentiment': 'NEGATIVE', 'confidence': 0.95}","{'sentiment': 'NEGATIVE', 'confidence': 0.8}"
58,"{'sentiment': 'NEUTRAL', 'confidence': 0.5}","{'sentiment': 'NEGATIVE', 'confidence': 0.8}","{'sentiment': 'NEGATIVE', 'confidence': 0.8}"
59,"{'sentiment': 'NEGATIVE', 'confidence': 0.95}","{'sentiment': 'NEGATIVE', 'confidence': 0.8}","{'sentiment': 'NEGATIVE', 'confidence': 0.8}"
60,"{'sentiment': 'POSITIVE', 'confidence': 0.95}","{'sentiment': 'NEUTRAL', 'confidence': 0.8}","{'sentiment': 'POSITIVE', 'confidence': 1}"
61,"{'sentiment': 'POSITIVE', 'confidence': 0.95}","{'sentiment': 'POSITIVE', 'confidence': 0.8}","{'sentiment': 'NEGATIVE', 'confidence': 0.8}"
62,"{'sentiment': 'NEGATIVE', 'confidence': 0.85}","{'sentiment': 'NEGATIVE', 'confidence': 0.8}","{'sentiment': 'NEGATIVE', 'confidence': 0.8}"
63,"{'sentiment': 'POSITIVE', 'confidence': 0.8}","{'sentiment': 'POSITIVE', 'confidence': 0.9}","{'sentiment': 'POSITIVE', 'confidence': 0.95}"
64,"{'sentiment': 'NEGATIVE', 'confidence': 1.0}","{'sentiment': 'NEGATIVE', 'confidence': 0.9}","{'sentiment': 'NEGATIVE', 'confidence': 0.8}"
65,"{'sentiment': 'POSITIVE', 'confidence': 0.85}","{'sentiment': 'POSITIVE', 'confidence': 0.9}","{'sentiment': 'POSITIVE', 'confidence': 0.8}"
66,"{'sentiment': 'NEGATIVE', 'confidence': 0.95}","{'sentiment': 'NEGATIVE', 'confidence': 0.8}","{'sentiment': 'NEGATIVE', 'confidence': 0.8}"
67,"{'sentiment': 'POSITIVE', 'confidence': 0.98}","{'sentiment': 'POSITIVE', 'confidence': 0.8}","{'sentiment': 'POSITIVE', 'confidence': 0.8}"
68,"{'sentiment': 'NEGATIVE', 'confidence': 1}","{'sentiment': 'NEGATIVE', 'confidence': 0.95}","{'sentiment': 'NEGATIVE', 'confidence': 0.8}"
69,"{'sentiment': 'POSITIVE', 'confidence': 1.0}","{'sentiment': 'POSITIVE', 'confidence': 0.9}","{'sentiment': 'POSITIVE', 'confidence': 0.85}"
70,"{'sentiment': 'NEUTRAL', 'confidence': 1.0}","{'sentiment': 'NEGATIVE', 'confidence': 0.33}","{'sentiment': 'NEUTRAL', 'confidence': 0.5}"
71,"{'sentiment': 'NEGATIVE', 'confidence': 0.9}","{'sentiment': 'NEGATIVE', 'confidence': 0.8}","{'sentiment': 'NEGATIVE', 'confidence': 0.5}"
72,"{'sentiment': 'POSITIVE', 'confidence': 0.95}","{'sentiment': 'POSITIVE', 'confidence': 0.9}","{'sentiment': 'POSITIVE', 'confidence': 0.95}"
73,"{'sentiment': 'NEUTRAL', 'confidence': 1.0}","{'sentiment': 'POSITIVE', 'confidence': 0.8}","{'sentiment': 'Neutral', 'confidence': 0.5}"
74,"{'sentiment': 'POSITIVE', 'confidence': 0.75}","{'sentiment': 'NEGATIVE', 'confidence': 0.8}","{'sentiment': 'NEGATIVE', 'confidence': 0.8}"
75,"{'sentiment': 'POSITIVE', 'confidence': 0.8}","{'sentiment': 'NEGATIVE', 'confidence': 0.8}","{'sentiment': 'POSITIVE', 'confidence': 0.8}"
76,"{'sentiment': 'NEGATIVE', 'confidence': 0.99}","{'sentiment': 'NEGATIVE', 'confidence': 0.8}","{'sentiment': 'NEGATIVE', 'confidence': 0.8}"
77,"{'sentiment': 'NEGATIVE', 'confidence': 1}","{'sentiment': 'NEGATIVE', 'confidence': 0.9}","{'sentiment': 'NEGATIVE', 'confidence': 0.7}"
78,"{'sentiment': 'POSITIVE', 'confidence': 1}","{'sentiment': 'POSITIVE', 'confidence': 0.8}","{'sentiment': 'POSITIVE', 'confidence': 1}"
79,"{'sentiment': 'POSITIVE', 'confidence': 1.0}","{'sentiment': 'POSITIVE', 'confidence': 0.9}","{'sentiment': 'POSITIVE', 'confidence': 1}"
80,"{'sentiment': 'POSITIVE', 'confidence': 0.8}","{'sentiment': 'POSITIVE', 'confidence': 0.9}","{'sentiment': 'NEGATIVE', 'confidence': 0.8}"
81,"{'sentiment': 'NEGATIVE', 'confidence': 0.99}","{'sentiment': 'POSITIVE', 'confidence': 0.8}","{'sentiment': 'NEGATIVE', 'confidence': 0.8}"
82,"{'sentiment': 'NEUTRAL', 'confidence': 0.8}","{'sentiment': 'NEGATIVE', 'confidence': 0.8}","{'sentiment': 'NEGATIVE', 'confidence': 0.8}"
83,"{'sentiment': 'POSITIVE', 'confidence': 0.95}","{'sentiment': 'POSITIVE', 'confidence': 0.9}","{'sentiment': 'NEGATIVE', 'confidence': 0.7}"
84,"{'sentiment': 'NEUTRAL', 'confidence': 0.5}","{'sentiment': 'NEGATIVE', 'confidence': 0.8}","{'sentiment': 'NEGATIVE', 'confidence': 0.8}"
85,"{'sentiment': 'POSITIVE', 'confidence': 0.95}","{'sentiment': 'POSITIVE', 'confidence': 0.9}","{'sentiment': 'POSITIVE', 'confidence': 0.8}"
86,"{'sentiment': 'POSITIVE', 'confidence': 1}","{'sentiment': 'POSITIVE', 'confidence': 0.9}","{'sentiment': 'POSITIVE', 'confidence': 1}"
87,"{'sentiment': 'NEGATIVE', 'confidence': 0.9}","{'sentiment': 'NEGATIVE', 'confidence': 0.8}","{'sentiment': 'POSITIVE', 'confidence': 1}"
88,"{'sentiment': 'POSITIVE', 'confidence': 1}","{'sentiment': 'POSITIVE', 'confidence': 0.9}","{'sentiment': 'POSITIVE', 'confidence': 0.8}"
89,"{'sentiment': 'NEGATIVE', 'confidence': 0.9}","{'sentiment': 'NEGATIVE', 'confidence': 0.8}","{'sentiment': 'NEGATIVE', 'confidence': 0.8}"
90,"{'sentiment': 'POSITIVE', 'confidence': 1}","{'sentiment': 'POSITIVE', 'confidence': 0.9}","{'sentiment': 'POSITIVE', 'confidence': 0.8}"
91,"{'sentiment': 'NEUTRAL', 'confidence': 1.0}","{'sentiment': 'POSITIVE', 'confidence': 0.8}","{'sentiment': 'POSITIVE', 'confidence': 1}"
92,"{'sentiment': 'NEUTRAL', 'confidence': 1}","{'sentiment': 'POSITIVE', 'confidence': 0.8}","{'sentiment': 'NEGATIVE', 'confidence': 0.75}"
93,"{'sentiment': 'NEGATIVE', 'confidence': 1.0}","{'sentiment': 'NEGATIVE', 'confidence': 0.9}","{'sentiment': 'NEGATIVE', 'confidence': 0.8}"
94,"{'sentiment': 'NEGATIVE', 'confidence': 0.95}","{'sentiment': 'NEUTRAL', 'confidence': 0.8}","{'sentiment': 'NEGATIVE', 'confidence': 0.8}"
95,"{'sentiment': 'NEGATIVE', 'confidence': 0.9}","{'sentiment': 'NEGATIVE', 'confidence': 0.8}","{'sentiment': 'NEGATIVE', 'confidence': 0.8}"
96,"{'sentiment': 'NEGATIVE', 'confidence': 0.95}","{'sentiment': 'NEUTRAL', 'confidence': 0.8}","{'sentiment': 'NEGATIVE', 'confidence': 0.8}"
97,"{'sentiment': 'NEGATIVE', 'confidence': 1}","{'sentiment': 'NEGATIVE', 'confidence': 0.8}","{'sentiment': 'NEGATIVE', 'confidence': 0.8}"
98,"{'sentiment': 'NEGATIVE', 'confidence': 0.98}","{'sentiment': 'NEGATIVE', 'confidence': 0.9}","{'sentiment': 'NEGATIVE', 'confidence': 0.7}"
99,"{'sentiment': 'POSITIVE', 'confidence': 1.0}","{'sentiment': 'POSITIVE', 'confidence': 0.9}","{'sentiment': 'POSITIVE', 'confidence': 1}"
100,"{'sentiment': 'NEUTRAL', 'confidence': 1.0}","{'sentiment': 'POSITIVE', 'confidence': 0.8}","{'sentiment': 'NEGATIVE', 'confidence': 0.1}"
101,"{'sentiment': 'NEGATIVE', 'confidence': 1.0}","{'sentiment': 'NEGATIVE', 'confidence': 0.8}","{'sentiment': 'NEGATIVE', 'confidence': 0.8}"
102,"{'sentiment': 'MIXED', 'confidence': 0.95}","{'sentiment': 'NEUTRAL', 'confidence': 0.5}","{'sentiment': 'NEGATIVE', 'confidence': 0.75}"
103,"{'sentiment': 'POSITIVE', 'confidence': 0.95}","{'sentiment': 'POSITIVE', 'confidence': 0.8}","{'sentiment': 'POSITIVE', 'confidence': 0.8}"
104,"{'sentiment': 'NEUTRAL', 'confidence': 0.95}","{'sentiment': 'POSITIVE', 'confidence': 0.8}","{'sentiment': 'NEGATIVE', 'confidence': 0.8}"
105,"{'sentiment': 'POSITIVE', 'confidence': 1}","{'sentiment': 'POSITIVE', 'confidence': 0.8}","{'sentiment': 'POSITIVE', 'confidence': 1}"
106,"{'sentiment': 'NEGATIVE', 'confidence': 0.95}","{'sentiment': 'NEGATIVE', 'confidence': 0.95}","{'sentiment': 'NEGATIVE', 'confidence': 0.8}"
107,"{'sentiment': 'NEGATIVE', 'confidence': 0.9}","{'sentiment': 'NEGATIVE', 'confidence': 0.8}","{'sentiment': 'NEGATIVE', 'confidence': 0.8}"
108,"{'sentiment': 'NEUTRAL', 'confidence': 1.0}","{'sentiment': 'NEUTRAL', 'confidence': 0.8}","{'sentiment': 'NEGATIVE', 'confidence': 0.8}"
109,"{'sentiment': 'POSITIVE', 'confidence': 0.9}","{'sentiment': 'POSITIVE', 'confidence': 0.9}","{'sentiment': 'POSITIVE', 'confidence': 0.8}"
110,"{'sentiment': 'NEGATIVE', 'confidence': 1.0}","{'sentiment': 'NEGATIVE', 'confidence': 0.8}","{'sentiment': 'NEGATIVE', 'confidence': 0.8}"
111,"{'sentiment': 'POSITIVE', 'confidence': 1.0}","{'sentiment': 'POSITIVE', 'confidence': 0.95}","{'sentiment': 'POSITIVE', 'confidence': 1}"
112,"{'sentiment': 'POSITIVE', 'confidence': 0.99}","{'sentiment': 'POSITIVE', 'confidence': 0.95}","{'sentiment': 'NEGATIVE', 'confidence': 0.8}"
113,"{'sentiment': 'POSITIVE', 'confidence': 0.9}","{'sentiment': 'POSITIVE', 'confidence': 0.8}","{'sentiment': 'NEGATIVE', 'confidence': 0.8}"
114,"{'sentiment': 'NEGATIVE', 'confidence': 0.92}","{'sentiment': 'NEGATIVE', 'confidence': 0.6}","{'sentiment': 'NEGATIVE', 'confidence': 0.8}"
115,"{'sentiment': 'POSITIVE', 'confidence': 0.95}","{'sentiment': 'POSITIVE', 'confidence': 0.8}","{'sentiment': 'POSITIVE', 'confidence': 1}"
116,"{'sentiment': 'NEUTRAL', 'confidence': 1.0}","{'sentiment': 'NEGATIVE', 'confidence': 0.6}","{'sentiment': 'NEGATIVE', 'confidence': 0.8}"
117,"{'sentiment': 'NEUTRAL', 'confidence': 0.7}","{'sentiment': 'POSITIVE', 'confidence': 0.9}","{'sentiment': 'NEGATIVE', 'confidence': 0.8}"
118,"{'sentiment': 'NEUTRAL', 'confidence': 0.5}","{'sentiment': 'NEGATIVE', 'confidence': 0.8}","{'sentiment': 'NEGATIVE', 'confidence': 0.7}"
119,"{'sentiment': 'NEUTRAL', 'confidence': 0.95}","{'sentiment': 'NEGATIVE', 'confidence': 0.8}","{'sentiment': 'NEGATIVE', 'confidence': 0.8}"
120,"{'sentiment': 'NEUTRAL', 'confidence': 1.0}","{'sentiment': 'NEUTRAL', 'confidence': 0.5}","{'sentiment': 'NEGATIVE', 'confidence': 0.7}"
121,"{'sentiment': 'POSITIVE', 'confidence': 1}","{'sentiment': 'POSITIVE', 'confidence': 0.9}","{'sentiment': 'POSITIVE', 'confidence': 1}"
122,"{'sentiment': 'NEGATIVE', 'confidence': 0.99}","{'sentiment': 'NEGATIVE', 'confidence': 0.8}","{'sentiment': 'NEGATIVE', 'confidence': 0.8}"
123,"{'sentiment': 'POSITIVE', 'confidence': 0.95}","{'sentiment': 'POSITIVE', 'confidence': 0.9}","{'sentiment': 'NEGATIVE', 'confidence': 0.8}"
124,"{'sentiment': 'NEGATIVE', 'confidence': 1.0}","{'sentiment': 'NEGATIVE', 'confidence': 0.8}","{'sentiment': 'NEGATIVE', 'confidence': 0.8}"
125,"{'sentiment': 'NEGATIVE', 'confidence': 0.8}","{'sentiment': 'NEGATIVE', 'confidence': 0.8}","{'sentiment': 'NEGATIVE', 'confidence': 0.8}"
126,"{'sentiment': 'NEGATIVE', 'confidence': 1.0}","{'sentiment': 'NEGATIVE', 'confidence': 0.9}","{'sentiment': 'NEGATIVE', 'confidence': 0.8}"
127,"{'sentiment': 'NEGATIVE', 'confidence': 0.98}","{'sentiment': 'NEGATIVE', 'confidence': 0.8}","{'sentiment': 'NEGATIVE', 'confidence': 0.8}"
128,"{'sentiment': 'NEUTRAL', 'confidence': 0.85}","{'sentiment': 'NEGATIVE', 'confidence': 0.8}","{'sentiment': 'NEGATIVE', 'confidence': 0.8}"
129,"{'sentiment': 'NEUTRAL', 'confidence': 0.5}","{'sentiment': 'NEGATIVE', 'confidence': 0.8}","{'sentiment': 'NEGATIVE', 'confidence': 0.8}"
130,"{'sentiment': 'POSITIVE', 'confidence': 1.0}","{'sentiment': 'POSITIVE', 'confidence': 0.9}","{'sentiment': 'POSITIVE', 'confidence': 1}"
131,"{'sentiment': 'POSITIVE', 'confidence': 0.9}","{'sentiment': 'POSITIVE', 'confidence': 0.85}","{'sentiment': 'NEGATIVE', 'confidence': 0.8}"
132,"{'sentiment': 'NEGATIVE', 'confidence': 0.6}","{'sentiment': 'NEGATIVE', 'confidence': 0.5}","{'sentiment': 'POSITIVE', 'confidence': 1}"
133,"{'sentiment': 'NEUTRAL', 'confidence': 1.0}","{'sentiment': 'POSITIVE', 'confidence': 0.9}","{'sentiment': 'NEUTRAL', 'confidence': 0.5}"
134,"{'sentiment': 'NEUTRAL', 'confidence': 0.85}","{'sentiment': 'POSITIVE', 'confidence': 0.95}","{'sentiment': 'NEGATIVE', 'confidence': 0.8}"
135,"{'sentiment': 'NEGATIVE', 'confidence': 0.85}","{'sentiment': 'NEUTRAL', 'confidence': 0.7}","{'sentiment': 'NEGATIVE', 'confidence': 0.8}"
136,"{'sentiment': 'POSITIVE', 'confidence': 0.95}","{'sentiment': 'POSITIVE', 'confidence': 0.8}","{'sentiment': 'NEGATIVE', 'confidence': 0.8}"
137,"{'sentiment': 'NEGATIVE', 'confidence': 1.0}","{'sentiment': 'NEGATIVE', 'confidence': 0.5}","{'sentiment': 'NEGATIVE', 'confidence': 0.8}"
138,"{'sentiment': 'NEGATIVE', 'confidence': 0.97}","{'sentiment': 'NEGATIVE', 'confidence': 0.8}","{'sentiment': 'NEGATIVE', 'confidence': 0.8}"
139,"{'sentiment': 'POSITIVE', 'confidence': 1.0}","{'sentiment': 'POSITIVE', 'confidence': 0.9}","{'sentiment': 'POSITIVE', 'confidence': 1}"
140,"{'sentiment': 'NEGATIVE', 'confidence': 0.99}","{'sentiment': 'NEGATIVE', 'confidence': 0.9}","{'sentiment': 'NEGATIVE', 'confidence': 0.8}"
141,"{'sentiment': 'POSITIVE', 'confidence': 1.0}","{'sentiment': 'POSITIVE', 'confidence': 0.9}","{'sentiment': 'NEGATIVE', 'confidence': 0.2}"
142,"{'sentiment': 'POSITIVE', 'confidence': 0.8}","{'sentiment': 'POSITIVE', 'confidence': 0.8}","{'sentiment': 'NEGATIVE', 'confidence': 0.6}"
143,"{'sentiment': 'POSITIVE', 'confidence': 0.85}","{'sentiment': 'POSITIVE', 'confidence': 0.9}","{'sentiment': 'POSITIVE', 'confidence': 0.8}"
144,"{'sentiment': 'NEGATIVE', 'confidence': 1.0}","{'sentiment': 'NEGATIVE', 'confidence': 0.8}","{'sentiment': 'NEGATIVE', 'confidence': 0.8}"
145,"{'sentiment': 'NEGATIVE', 'confidence': 1}","{'sentiment': 'POSITIVE', 'confidence': 0.8}","{'sentiment': 'NEGATIVE', 'confidence': 0.85}"
146,"{'sentiment': 'NEGATIVE', 'confidence': 1.0}","{'sentiment': 'NEGATIVE', 'confidence': 0.9}","{'sentiment': 'NEGATIVE', 'confidence': 0.8}"
147,"{'sentiment': 'NEUTRAL', 'confidence': 0.99}","{'sentiment': 'NEGATIVE', 'confidence': 0.8}","{'sentiment': 'NEGATIVE', 'confidence': 0.2}"
148,"{'sentiment': 'NEGATIVE', 'confidence': 1.0}","{'sentiment': 'NEGATIVE', 'confidence': 0.8}","{'sentiment': 'NEGATIVE', 'confidence': 0.8}"
149,"{'sentiment': 'NEUTRAL', 'confidence': 0.6}","{'sentiment': 'NEGATIVE', 'confidence': 0.8}","{'sentiment': 'NEGATIVE', 'confidence': 0.8}"
150,"{'sentiment': 'POSITIVE', 'confidence': 0.99}","{'sentiment': 'POSITIVE', 'confidence': 0.8}","{'sentiment': 'POSITIVE', 'confidence': 1}"
151,"{'sentiment': 'POSITIVE', 'confidence': 0.7}","{'sentiment': 'POSITIVE', 'confidence': 0.9}","{'sentiment': 'Neutral', 'confidence': 0.5}"
152,"{'sentiment': 'POSITIVE', 'confidence': 0.7}","{'sentiment': 'POSITIVE', 'confidence': 0.8}","{'sentiment': 'POSITIVE', 'confidence': 1}"
153,"{'sentiment': 'POSITIVE', 'confidence': 1.0}","{'sentiment': 'POSITIVE', 'confidence': 0.9}","{'sentiment': 'POSITIVE', 'confidence': 1}"
154,"{'sentiment': 'NEGATIVE', 'confidence': 0.8}","{'sentiment': 'NEGATIVE', 'confidence': 0.8}","{'sentiment': 'NEGATIVE', 'confidence': 0.7}"
155,"{'sentiment': 'POSITIVE', 'confidence': 0.95}","{'sentiment': 'POSITIVE', 'confidence': 0.9}","{'sentiment': 'POSITIVE', 'confidence': 0.95}"
156,"{'sentiment': 'NEGATIVE', 'confidence': 0.9}","{'sentiment': 'NEGATIVE', 'confidence': 0.8}","{'sentiment': 'NEGATIVE', 'confidence': 0.8}"
157,"{'sentiment': 'POSITIVE', 'confidence': 0.98}","{'sentiment': 'POSITIVE', 'confidence': 0.8}","{'sentiment': 'POSITIVE', 'confidence': 0.95}"
158,"{'sentiment': 'NEGATIVE', 'confidence': 0.95}","{'sentiment': 'NEGATIVE', 'confidence': 0.8}","{'sentiment': 'NEGATIVE', 'confidence': 0.8}"
159,"{'sentiment': 'NEGATIVE', 'confidence': 0.99}","{'sentiment': 'NEGATIVE', 'confidence': 0.8}","{'sentiment': 'POSITIVE', 'confidence': 0.8}"
160,"{'sentiment': 'POSITIVE', 'confidence': 1.0}","{'sentiment': 'POSITIVE', 'confidence': 0.9}","{'sentiment': 'POSITIVE', 'confidence': 1}"
161,"{'sentiment': 'NEUTRAL', 'confidence': 0.2}","{'sentiment': 'NEGATIVE', 'confidence': 0.5}","{'sentiment': 'NEGATIVE', 'confidence': 0.8}"
162,"{'sentiment': 'NEUTRAL', 'confidence': 1.0}","{'sentiment': 'NEUTRAL', 'confidence': 0.8}","{'sentiment': 'NEGATIVE', 'confidence': 0.01}"
163,"{'sentiment': 'NEGATIVE', 'confidence': 0.95}","{'sentiment': 'NEGATIVE', 'confidence': 0.9}","{'sentiment': 'NEGATIVE', 'confidence': 0.8}"
164,"{'sentiment': 'NEGATIVE', 'confidence': 1.0}","{'sentiment': 'NEGATIVE', 'confidence': 0.8}","{'sentiment': 'NEGATIVE', 'confidence': 0.8}"
165,"{'sentiment': 'NEGATIVE', 'confidence': 1.0}","{'sentiment': 'POSITIVE', 'confidence': 0.8}","{'sentiment': 'NEGATIVE', 'confidence': 0.8}"
166,"{'sentiment': 'POSITIVE', 'confidence': 0.95}","{'sentiment': 'POSITIVE', 'confidence': 0.9}","{'sentiment': 'POSITIVE', 'confidence': 0.8}"
167,"{'sentiment': 'NEGATIVE', 'confidence': 0.95}","{'sentiment': 'NEGATIVE', 'confidence': 0.8}","{'sentiment': 'NEGATIVE', 'confidence': 0.8}"
168,"{'sentiment': 'NEGATIVE', 'confidence': 1.0}","{'sentiment': 'NEGATIVE', 'confidence': 0.7}","{'sentiment': 'NEGATIVE', 'confidence': 0.75}"
169,"{'sentiment': 'NEUTRAL', 'confidence': 0.5}","{'sentiment': 'NEGATIVE', 'confidence': 0.7}","{'sentiment': 'NEGATIVE', 'confidence': 0.8}"
170,"{'sentiment': 'NEGATIVE', 'confidence': 0.95}","{'sentiment': 'POSITIVE', 'confidence': 0.95}","{'sentiment': 'NEGATIVE', 'confidence': 0.87}"
171,"{'sentiment': 'NEUTRAL', 'confidence': 0.8}","{'sentiment': 'NEGATIVE', 'confidence': 0.75}","{'sentiment': 'NEGATIVE', 'confidence': 0.5}"
172,"{'sentiment': 'POSITIVE', 'confidence': 0.85}","{'sentiment': 'POSITIVE', 'confidence': 0.9}","{'sentiment': 'POSITIVE', 'confidence': 1}"
173,"{'sentiment': 'NEGATIVE', 'confidence': 0.95}","{'sentiment': 'NEGATIVE', 'confidence': 0.8}","{'sentiment': 'NEGATIVE', 'confidence': 0.8}"
174,"{'sentiment': 'NEUTRAL', 'confidence': 0.7}","{'sentiment': 'POSITIVE', 'confidence': 0.8}","{'sentiment': 'NEGATIVE', 'confidence': 0.8}"
175,"{'sentiment': 'NEGATIVE', 'confidence': 0.95}","{'sentiment': 'NEGATIVE', 'confidence': 0.8}","{'sentiment': 'NEGATIVE', 'confidence': 0.7}"
176,"{'sentiment': 'POSITIVE', 'confidence': 1}","{'sentiment': 'POSITIVE', 'confidence': 0.8}","{'sentiment': 'POSITIVE', 'confidence': 1}"
177,"{'sentiment': 'NEGATIVE', 'confidence': 0.99}","{'sentiment': 'NEGATIVE', 'confidence': 0.8}","{'sentiment': 'NEGATIVE', 'confidence': 0.8}"
178,"{'sentiment': 'NEGATIVE', 'confidence': 1.0}","{'sentiment': 'NEGATIVE', 'confidence': 0.8}","{'sentiment': 'NEGATIVE', 'confidence': 0.7}"
179,"{'sentiment': 'NEGATIVE', 'confidence': 0.6}","{'sentiment': 'NEGATIVE', 'confidence': 0.8}","{'sentiment': 'NEGATIVE', 'confidence': 0.5}"
180,"{'sentiment': 'POSITIVE', 'confidence': 0.99}","{'sentiment': 'POSITIVE', 'confidence': 0.9}","{'sentiment': 'POSITIVE', 'confidence': 1}"
181,"{'sentiment': 'NEGATIVE', 'confidence': 0.6}","{'sentiment': 'NEUTRAL', 'confidence': 0.8}","{'sentiment': 'NEGATIVE', 'confidence': 0.7}"
182,"{'sentiment': 'NEGATIVE', 'confidence': 1.0}","{'sentiment': 'NEGATIVE', 'confidence': 0.8}","{'sentiment': 'NEGATIVE', 'confidence': 0.8}"
183,"{'sentiment': 'NEUTRAL', 'confidence': 0.6}","{'sentiment': 'POSITIVE', 'confidence': 0.9}","{'sentiment': 'NEGATIVE', 'confidence': 0.8}"
184,"{'sentiment': 'NEGATIVE', 'confidence': 0.95}","{'sentiment': 'NEGATIVE', 'confidence': 0.8}","{'sentiment': 'NEGATIVE', 'confidence': 0.7}"
185,"{'sentiment': 'NEGATIVE', 'confidence': 1.0}","{'sentiment': 'NEGATIVE', 'confidence': 0.8}","{'sentiment': 'NEGATIVE', 'confidence': 0.7}"
186,"{'sentiment': 'NEUTRAL', 'confidence': 0.8}","{'sentiment': 'NEUTRAL', 'confidence': 0.6}","{'sentiment': 'POSITIVE', 'confidence': 0.8}"
187,"{'sentiment': 'NEUTRAL', 'confidence': 0.8}","{'sentiment': 'NEGATIVE', 'confidence': 0.9}","{'sentiment': 'NEGATIVE', 'confidence': 0.8}"
188,"{'sentiment': 'POSITIVE', 'confidence': 0.95}","{'sentiment': 'POSITIVE', 'confidence': 0.95}","{'sentiment': 'POSITIVE', 'confidence': 0.85}"
189,"{'sentiment': 'POSITIVE', 'confidence': 0.99}","{'sentiment': 'POSITIVE', 'confidence': 0.9}","{'sentiment': 'POSITIVE', 'confidence': 1}"
190,"{'sentiment': 'NEUTRAL', 'confidence': 0.6}","{'sentiment': 'POSITIVE', 'confidence': 0.8}","{'sentiment': 'POSITIVE', 'confidence': 1}"
191,"{'sentiment': 'POSITIVE', 'confidence': 1}","{'sentiment': 'POSITIVE', 'confidence': 0.9}","{'sentiment': 'POSITIVE', 'confidence': 1}"
192,"{'sentiment': 'POSITIVE', 'confidence': 0.98}","{'sentiment': 'POSITIVE', 'confidence': 0.95}","{'sentiment': 'POSITIVE', 'confidence': 0.95}"
193,"{'sentiment': 'POSITIVE', 'confidence': 0.8}","{'sentiment': 'NEGATIVE', 'confidence': 0.6}","{'sentiment': 'NEGATIVE', 'confidence': 0.3}"
194,"{'sentiment': 'POSITIVE', 'confidence': 0.9}","{'sentiment': 'POSITIVE', 'confidence': 0.8}","{'sentiment': 'NEGATIVE', 'confidence': 0.8}"
195,"{'sentiment': 'POSITIVE', 'confidence': 0.75}","{'sentiment': 'POSITIVE', 'confidence': 0.8}","{'sentiment': 'POSITIVE', 'confidence': 0.8}"
196,"{'sentiment': 'NEGATIVE', 'confidence': 1.0}","{'sentiment': 'NEGATIVE', 'confidence': 0.8}","{'sentiment': 'NEGATIVE', 'confidence': 0.8}"
197,"{'sentiment': 'POSITIVE', 'confidence': 1.0}","{'sentiment': 'POSITIVE', 'confidence': 0.8}","{'sentiment': 'POSITIVE', 'confidence': 1}"
198,"{'sentiment': 'NEUTRAL', 'confidence': 0.5}","{'sentiment': 'NEGATIVE', 'confidence': 0.8}","{'sentiment': 'POSITIVE', 'confidence': 1}"
199,"{'sentiment': 'NEGATIVE', 'confidence': 1}","{'sentiment': 'NEGATIVE', 'confidence': 0.6}","{'sentiment': 'NEGATIVE', 'confidence': 0.8}"
200,"{'sentiment': 'POSITIVE', 'confidence': 0.98}","{'sentiment': 'POSITIVE', 'confidence': 0.95}","{'sentiment': 'POSITIVE', 'confidence': 0.95}"
201,"{'sentiment': 'NEGATIVE', 'confidence': 0.9}","{'sentiment': 'NEGATIVE', 'confidence': 0.9}","{'sentiment': 'NEGATIVE', 'confidence': 0.2}"
202,"{'sentiment': 'NEUTRAL', 'confidence': 0.6}","{'sentiment': 'NEUTRAL', 'confidence': 0.6}","{'sentiment': 'NEGATIVE', 'confidence': 0.7}"
203,"{'sentiment': 'POSITIVE', 'confidence': 1.0}","{'sentiment': 'POSITIVE', 'confidence': 0.8}","{'sentiment': 'POSITIVE', 'confidence': 0.95}"
204,"{'sentiment': 'POSITIVE', 'confidence': 0.95}","{'sentiment': 'POSITIVE', 'confidence': 0.9}","{'sentiment': 'NEGATIVE', 'confidence': 0.8}"
205,"{'sentiment': 'NEUTRAL', 'confidence': 1}","{'sentiment': 'POSITIVE', 'confidence': 0.8}","{'sentiment': 'POSITIVE', 'confidence': 0.9}"
206,"{'sentiment': 'NEGATIVE', 'confidence': 0.9}","{'sentiment': 'NEUTRAL', 'confidence': 0.5}","{'sentiment': 'NEGATIVE', 'confidence': 0.8}"
207,"{'sentiment': 'POSITIVE', 'confidence': 0.95}","{'sentiment': 'POSITIVE', 'confidence': 0.9}","{'sentiment': 'POSITIVE', 'confidence': 0.95}"
208,"{'sentiment': 'NEGATIVE', 'confidence': 0.9}","{'sentiment': 'NEGATIVE', 'confidence': 0.8}","{'sentiment': 'NEGATIVE', 'confidence': 0.8}"
209,"{'sentiment': 'POSITIVE', 'confidence': 0.6}","{'sentiment': 'POSITIVE', 'confidence': 0.8}","{'sentiment': 'POSITIVE', 'confidence': 1}"
210,"{'sentiment': 'NEGATIVE', 'confidence': 1.0}","{'sentiment': 'NEGATIVE', 'confidence': 0.9}","{'sentiment': 'NEGATIVE', 'confidence': 0.5}"
211,"{'sentiment': 'NEGATIVE', 'confidence': 0.9}","{'sentiment': 'NEGATIVE', 'confidence': 0.8}","{'sentiment': 'NEGATIVE', 'confidence': 0.8}"
212,"{'sentiment': 'NEUTRAL', 'confidence': 0.7}","{'sentiment': 'POSITIVE', 'confidence': 0.8}","{'sentiment': 'NEGATIVE', 'confidence': 0.8}"
213,"{'sentiment': 'NEUTRAL', 'confidence': 0.75}","{'sentiment': 'POSITIVE', 'confidence': 0.9}","{'sentiment': 'POSITIVE', 'confidence': 1}"
214,"{'sentiment': 'positive', 'confidence': 0.8}","{'sentiment': 'NEGATIVE', 'confidence': 0.8}","{'sentiment': 'NEGATIVE', 'confidence': 0.7}"
215,"{'sentiment': 'NEGATIVE', 'confidence': 0.99}","{'sentiment': 'NEGATIVE', 'confidence': 0.8}","{'sentiment': 'NEGATIVE', 'confidence': 0.8}"
216,"{'sentiment': 'NEGATIVE', 'confidence': 1.0}","{'sentiment': 'NEGATIVE', 'confidence': 0.9}","{'sentiment': 'NEGATIVE', 'confidence': 0.8}"
217,"{'sentiment': 'POSITIVE', 'confidence': 1.0}","{'sentiment': 'POSITIVE', 'confidence': 0.8}","{'sentiment': 'POSITIVE', 'confidence': 1}"
218,"{'sentiment': 'NEGATIVE', 'confidence': 1.0}","{'sentiment': 'NEGATIVE', 'confidence': 0.8}","{'sentiment': 'NEGATIVE', 'confidence': 0.8}"
219,"{'sentiment': 'POSITIVE', 'confidence': 1.0}","{'sentiment': 'POSITIVE', 'confidence': 0.9}","{'sentiment': 'POSITIVE', 'confidence': 1}"
220,"{'sentiment': 'POSITIVE', 'confidence': 0.99}","{'sentiment': 'POSITIVE', 'confidence': 0.9}","{'sentiment': 'NEGATIVE', 'confidence': 0.8}"
221,"{'sentiment': 'POSITIVE', 'confidence': 0.99}","{'sentiment': 'POSITIVE', 'confidence': 0.9}","{'sentiment': 'POSITIVE', 'confidence': 0.8}"
222,"{'sentiment': 'NEUTRAL', 'confidence': 0.99}","{'sentiment': 'NEGATIVE', 'confidence': 0.8}","{'sentiment': 'NEGATIVE', 'confidence': 0.8}"
223,"{'sentiment': 'NEGATIVE', 'confidence': 0.95}","{'sentiment': 'NEGATIVE', 'confidence': 0.9}","{'sentiment': 'NEGATIVE', 'confidence': 0.1}"
224,"{'sentiment': 'POSITIVE', 'confidence': 0.8}","{'sentiment': 'POSITIVE', 'confidence': 0.8}","{'sentiment': 'NEGATIVE', 'confidence': 0.7}"
225,"{'sentiment': 'POSITIVE', 'confidence': 0.8}","{'sentiment': 'POSITIVE', 'confidence': 0.8}","{'sentiment': 'NEGATIVE', 'confidence': 0.2}"
226,"{'sentiment': 'NEUTRAL', 'confidence': 1}","{'sentiment': 'POSITIVE', 'confidence': 1.0}","{'sentiment': 'NEGATIVE', 'confidence': 0.7}"
227,"{'sentiment': 'NEGATIVE', 'confidence': 0.65}","{'sentiment': 'NEUTRAL', 'confidence': 0.5}","{'sentiment': 'POSITIVE', 'confidence': 0.8}"
228,"{'sentiment': 'POSITIVE', 'confidence': 1.0}","{'sentiment': 'POSITIVE', 'confidence': 0.8}","{'sentiment': 'POSITIVE', 'confidence': 1}"
229,"{'sentiment': 'NEGATIVE', 'confidence': 0.9}","{'sentiment': 'NEGATIVE', 'confidence': 0.9}","{'sentiment': 'NEGATIVE', 'confidence': 0.8}"
230,"{'sentiment': 'NEGATIVE', 'confidence': 1.0}","{'sentiment': 'NEGATIVE', 'confidence': 0.9}","{'sentiment': 'NEGATIVE', 'confidence': 0.8}"
231,"{'sentiment': 'NEUTRAL', 'confidence': 1.0}","{'sentiment': 'POSITIVE', 'confidence': 0.83}","{'sentiment': 'NEUTRAL', 'confidence': 0.5}"
232,"{'sentiment': 'POSITIVE', 'confidence': 0.8}","{'sentiment': 'NEGATIVE', 'confidence': 0.8}","{'sentiment': 'NEGATIVE', 'confidence': 0.8}"
233,"{'sentiment': 'POSITIVE', 'confidence': 0.9}","{'sentiment': 'POSITIVE', 'confidence': 0.85}","{'sentiment': 'POSITIVE', 'confidence': 0.85}"
234,"{'sentiment': 'NEUTRAL', 'confidence': 1.0}","{'sentiment': 'POSITIVE', 'confidence': 0.8}","{'sentiment': 'NEGATIVE', 'confidence': 0.8}"
235,"{'sentiment': 'POSITIVE', 'confidence': 1.0}","{'sentiment': 'POSITIVE', 'confidence': 0.95}","{'sentiment': 'POSITIVE', 'confidence': 0.95}"
236,"{'sentiment': 'NEGATIVE', 'confidence': 1}","{'sentiment': 'NEGATIVE', 'confidence': 0.8}","{'sentiment': 'NEGATIVE', 'confidence': 0.8}"
237,"{'sentiment': 'NEGATIVE', 'confidence': 0.99}","{'sentiment': 'NEGATIVE', 'confidence': 0.8}","{'sentiment': 'NEGATIVE', 'confidence': 0.8}"
238,"{'sentiment': 'NEUTRAL', 'confidence': 0.75}","{'sentiment': 'NEGATIVE', 'confidence': 0.8}","{'sentiment': 'NEGATIVE', 'confidence': 0.8}"
239,"{'sentiment': 'NEGATIVE', 'confidence': 0.95}","{'sentiment': 'NEGATIVE', 'confidence': 0.9}","{'sentiment': 'NEGATIVE', 'confidence': 0.7}"
240,"{'sentiment': 'POSITIVE', 'confidence': 1.0}","{'sentiment': 'POSITIVE', 'confidence': 0.9}","{'sentiment': 'POSITIVE', 'confidence': 1}"
241,"{'sentiment': 'NEGATIVE', 'confidence': 1.0}","{'sentiment': 'NEGATIVE', 'confidence': 0.9}","{'sentiment': 'NEGATIVE', 'confidence': 0.8}"
242,"{'sentiment': 'NEGATIVE', 'confidence': 1.0}","{'sentiment': 'NEGATIVE', 'confidence': 0.9}","{'sentiment': 'NEGATIVE', 'confidence': 0.8}"
243,"{'sentiment': 'NEUTRAL', 'confidence': 0.8}","{'sentiment': 'NEGATIVE', 'confidence': 0.8}","{'sentiment': 'NEGATIVE', 'confidence': 0.8}"
244,"{'sentiment': 'NEGATIVE', 'confidence': 0.98}","{'sentiment': 'NEGATIVE', 'confidence': 0.8}","{'sentiment': 'NEGATIVE', 'confidence': 0.8}"
245,"{'sentiment': 'NEGATIVE', 'confidence': 0.99}","{'sentiment': 'NEGATIVE', 'confidence': 0.8}","{'sentiment': 'NEGATIVE', 'confidence': 0.8}"
246,"{'sentiment': 'POSITIVE', 'confidence': 1.0}","{'sentiment': 'POSITIVE', 'confidence': 0.9}","{'sentiment': 'POSITIVE', 'confidence': 1}"
247,"{'sentiment': 'POSITIVE', 'confidence': 1}","{'sentiment': 'POSITIVE', 'confidence': 0.9}","{'sentiment': 'POSITIVE', 'confidence': 1}"
248,"{'sentiment': 'POSITIVE', 'confidence': 1.0}","{'sentiment': 'POSITIVE', 'confidence': 0.8}","{'sentiment': 'POSITIVE', 'confidence': 0.95}"
249,"{'sentiment': 'POSITIVE', 'confidence': 1}","{'sentiment': 'POSITIVE', 'confidence': 0.9}","{'sentiment': 'POSITIVE', 'confidence': 1}"
250,"{'sentiment': 'NEGATIVE', 'confidence': 1}","{'sentiment': 'NEGATIVE', 'confidence': 0.9}","{'sentiment': 'NEGATIVE', 'confidence': 0.8}"
251,"{'sentiment': 'NEGATIVE', 'confidence': 0.97}","{'sentiment': 'NEGATIVE', 'confidence': 0.9}","{'sentiment': 'NEGATIVE', 'confidence': 0.8}"
252,"{'sentiment': 'POSITIVE', 'confidence': 1.0}","{'sentiment': 'POSITIVE', 'confidence': 0.9}","{'sentiment': 'POSITIVE', 'confidence': 0.95}"
253,"{'sentiment': 'NEUTRAL', 'confidence': 0.9}","{'sentiment': 'NEGATIVE', 'confidence': 0.8}","{'sentiment': 'NEGATIVE', 'confidence': 0.8}"
254,"{'sentiment': 'NEGATIVE', 'confidence': 0.98}","{'sentiment': 'NEGATIVE', 'confidence': 0.8}","{'sentiment': 'NEGATIVE', 'confidence': 0.7}"
255,"{'sentiment': 'NEGATIVE', 'confidence': 0.8}","{'sentiment': 'NEUTRAL', 'confidence': 0.4}","{'sentiment': 'POSITIVE', 'confidence': 0.85}"
256,"{'sentiment': 'NEGATIVE', 'confidence': 1.0}","{'sentiment': 'NEGATIVE', 'confidence': 0.8}","{'sentiment': 'NEGATIVE', 'confidence': 0.8}"
257,"{'sentiment': 'NEGATIVE', 'confidence': 0.95}","{'sentiment': 'NEGATIVE', 'confidence': 0.8}","{'sentiment': 'NEGATIVE', 'confidence': 0.8}"
258,"{'sentiment': 'NEUTRAL', 'confidence': 1.0}","{'sentiment': 'NEUTRAL', 'confidence': 0.8}","{'sentiment': 'NEGATIVE', 'confidence': 0.8}"
259,"{'sentiment': 'POSITIVE', 'confidence': 0.95}","{'sentiment': 'POSITIVE', 'confidence': 0.9}","{'sentiment': 'NEGATIVE', 'confidence': 0.8}"
260,"{'sentiment': 'NEUTRAL', 'confidence': 0.7}","{'sentiment': 'POSITIVE', 'confidence': 0.9}","{'sentiment': 'NEGATIVE', 'confidence': 0.7}"
261,"{'sentiment': 'NEGATIVE', 'confidence': 0.99}","{'sentiment': 'NEGATIVE', 'confidence': 0.9}","{'sentiment': 'NEGATIVE', 'confidence': 0.8}"
262,"{'sentiment': 'POSITIVE', 'confidence': 1}","{'sentiment': 'POSITIVE', 'confidence': 0.8}","{'sentiment': 'POSITIVE', 'confidence': 1}"
263,"{'sentiment': 'POSITIVE', 'confidence': 0.95}","{'sentiment': 'POSITIVE', 'confidence': 0.8}","{'sentiment': 'POSITIVE', 'confidence': 1}"
264,"{'sentiment': 'NEUTRAL', 'confidence': 1.0}","{'sentiment': 'NEUTRAL', 'confidence': 0.55}","{'sentiment': 'NEGATIVE', 'confidence': 0.8}"
265,"{'sentiment': 'NEUTRAL', 'confidence': 1.0}","{'sentiment': 'NEGATIVE', 'confidence': 0.8}","{'sentiment': 'NEGATIVE', 'confidence': 0.8}"
266,"{'sentiment': 'NEUTRAL', 'confidence': 0.8}","{'sentiment': 'NEUTRAL', 'confidence': 0.8}","{'sentiment': 'NEGATIVE', 'confidence': 0.8}"
267,"{'sentiment': 'POSITIVE', 'confidence': 1.0}","{'sentiment': 'POSITIVE', 'confidence': 0.8}","{'sentiment': 'NEGATIVE', 'confidence': 0.8}"
268,"{'sentiment': 'POSITIVE', 'confidence': 0.98}","{'sentiment': 'POSITIVE', 'confidence': 0.9}","{'sentiment': 'POSITIVE', 'confidence': 0.85}"
269,"{'sentiment': 'POSITIVE', 'confidence': 1.0}","{'sentiment': 'POSITIVE', 'confidence': 0.9}","{'sentiment': 'POSITIVE', 'confidence': 0.95}"
270,"{'sentiment': 'NEGATIVE', 'confidence': 0.95}","{'sentiment': 'NEGATIVE', 'confidence': 0.9}","{'sentiment': 'NEGATIVE', 'confidence': 0.8}"
271,"{'sentiment': 'POSITIVE', 'confidence': 0.9}","{'sentiment': 'NEUTRAL', 'confidence': 0.5}","{'sentiment': 'POSITIVE', 'confidence': 0.8}"
272,"{'sentiment': 'NEUTRAL', 'confidence': 0.6}","{'sentiment': 'POSITIVE', 'confidence': 0.8}","{'sentiment': 'NEGATIVE', 'confidence': 0.8}"
273,"{'sentiment': 'NEGATIVE', 'confidence': 1}","{'sentiment': 'NEGATIVE', 'confidence': 0.8}","{'sentiment': 'NEGATIVE', 'confidence': 0.8}"
274,"{'sentiment': 'NEGATIVE', 'confidence': 1}","{'sentiment': 'NEGATIVE', 'confidence': 0.9}","{'sentiment': 'NEGATIVE', 'confidence': 0.3}"
275,"{'sentiment': 'NEGATIVE', 'confidence': 1.0}","{'sentiment': 'NEGATIVE', 'confidence': 0.8}","{'sentiment': 'NEGATIVE', 'confidence': 0.5}"
276,"{'sentiment': 'NEUTRAL', 'confidence': 1.0}","{'sentiment': 'NEGATIVE', 'confidence': 0.8}","{'sentiment': 'NEGATIVE', 'confidence': 0.8}"
277,"{'sentiment': 'POSITIVE', 'confidence': 0.95}","{'sentiment': 'POSITIVE', 'confidence': 0.9}","{'sentiment': 'POSITIVE', 'confidence': 0.8}"
278,"{'sentiment': 'POSITIVE', 'confidence': 1.0}","{'sentiment': 'POSITIVE', 'confidence': 0.9}","{'sentiment': 'POSITIVE', 'confidence': 0.95}"
279,"{'sentiment': 'NEGATIVE', 'confidence': 1}","{'sentiment': 'NEGATIVE', 'confidence': 0.9}","{'sentiment': 'NEGATIVE', 'confidence': 0.8}"
280,"{'sentiment': 'NEGATIVE', 'confidence': 1.0}","{'sentiment': 'NEGATIVE', 'confidence': 0.8}","{'sentiment': 'NEGATIVE', 'confidence': 0.8}"
281,"{'sentiment': 'POSITIVE', 'confidence': 0.99}","{'sentiment': 'POSITIVE', 'confidence': 0.95}","{'sentiment': 'POSITIVE', 'confidence': 0.85}"
282,"{'sentiment': 'NEUTRAL', 'confidence': 1}","{'sentiment': 'POSITIVE', 'confidence': 0.9}","{'sentiment': 'NEGATIVE', 'confidence': 0.75}"
283,"{'sentiment': 'POSITIVE', 'confidence': 0.95}","{'sentiment': 'NEUTRAL', 'confidence': 0.7}","{'sentiment': 'POSITIVE', 'confidence': 1}"
284,"{'sentiment': 'POSITIVE', 'confidence': 1.0}","{'sentiment': 'POSITIVE', 'confidence': 0.9}","{'sentiment': 'POSITIVE', 'confidence': 1}"
285,"{'sentiment': 'NEUTRAL', 'confidence': 0.5}","{'sentiment': 'NEGATIVE', 'confidence': 0.6}","{'sentiment': 'NEGATIVE', 'confidence': 0.8}"
286,"{'sentiment': 'POSITIVE', 'confidence': 1.0}","{'sentiment': 'POSITIVE', 'confidence': 0.8}","{'sentiment': 'POSITIVE', 'confidence': 1}"
287,"{'sentiment': 'NEUTRAL', 'confidence': 0.6}","{'sentiment': 'POSITIVE', 'confidence': 0.9}","{'sentiment': 'NEGATIVE', 'confidence': 0.8}"
288,"{'sentiment': 'NEUTRAL', 'confidence': 1.0}","{'sentiment': 'POSITIVE', 'confidence': 0.8}","{'sentiment': 'NEUTRAL', 'confidence': 0.5}"
289,"{'sentiment': 'NEGATIVE', 'confidence': 0.95}","{'sentiment': 'NEGATIVE', 'confidence': 0.8}","{'sentiment': 'NEGATIVE', 'confidence': 0.75}"
290,"{'sentiment': 'NEGATIVE', 'confidence': 1.0}","{'sentiment': 'NEGATIVE', 'confidence': 0.8}","{'sentiment': 'NEGATIVE', 'confidence': 0.8}"
291,"{'sentiment': 'NEGATIVE', 'confidence': 1.0}","{'sentiment': 'NEGATIVE', 'confidence': 0.9}","{'sentiment': 'NEGATIVE', 'confidence': 0.7}"
292,"{'sentiment': 'NEGATIVE', 'confidence': 0.9}","{'sentiment': 'NEGATIVE', 'confidence': 0.9}","{'sentiment': 'NEGATIVE', 'confidence': 0.7}"
293,"{'sentiment': 'NEUTRAL', 'confidence': 0.6}","{'sentiment': 'NEGATIVE', 'confidence': 0.8}","{'sentiment': 'POSITIVE', 'confidence': 0.95}"
294,"{'sentiment': 'NEGATIVE', 'confidence': 1.0}","{'sentiment': 'NEGATIVE', 'confidence': 0.8}","{'sentiment': 'NEGATIVE', 'confidence': 0.8}"
295,"{'sentiment': 'NEGATIVE', 'confidence': 0.95}","{'sentiment': 'NEUTRAL', 'confidence': 0.67}","{'sentiment': 'NEGATIVE', 'confidence': 0.7}"
296,"{'sentiment': 'NEUTRAL', 'confidence': 1.0}","{'sentiment': 'NEGATIVE', 'confidence': 0.3}","{'sentiment': 'Neutral', 'confidence': 0.5}"
297,"{'sentiment': 'POSITIVE', 'confidence': 1.0}","{'sentiment': 'POSITIVE', 'confidence': 0.8}","{'sentiment': 'POSITIVE', 'confidence': 1}"
298,"{'sentiment': 'NEGATIVE', 'confidence': 0.91}","{'sentiment': 'POSITIVE', 'confidence': 0.9}","{'sentiment': 'NEGATIVE', 'confidence': 0.7}"
299,"{'sentiment': 'NEGATIVE', 'confidence': 0.95}","{'sentiment': 'NEGATIVE', 'confidence': 0.8}","{'sentiment': 'NEGATIVE', 'confidence': 0.75}"
300,"{'sentiment': 'NEGATIVE', 'confidence': 1.0}","{'sentiment': 'NEGATIVE', 'confidence': 0.8}","{'sentiment': 'NEGATIVE', 'confidence': 0.8}"
301,"{'sentiment': 'NEGATIVE', 'confidence': 1.0}","{'sentiment': 'NEGATIVE', 'confidence': 0.8}","{'sentiment': 'NEGATIVE', 'confidence': 0.8}"
302,"{'sentiment': 'POSITIVE', 'confidence': 1.0}","{'sentiment': 'POSITIVE', 'confidence': 0.96}","{'sentiment': 'POSITIVE', 'confidence': 0.95}"
303,"{'sentiment': 'NEGATIVE', 'confidence': 1.0}","{'sentiment': 'NEGATIVE', 'confidence': 0.8}","{'sentiment': 'NEGATIVE', 'confidence': 0.8}"
304,"{'sentiment': 'POSITIVE', 'confidence': 1.0}","{'sentiment': 'POSITIVE', 'confidence': 0.95}","{'sentiment': 'POSITIVE', 'confidence': 1}"
305,"{'sentiment': 'NEGATIVE', 'confidence': 1.0}","{'sentiment': 'NEGATIVE', 'confidence': 0.8}","{'sentiment': 'NEGATIVE', 'confidence': 0.8}"
306,"{'sentiment': 'NEGATIVE', 'confidence': 0.95}","{'sentiment': 'POSITIVE', 'confidence': 0.95}","{'sentiment': 'POSITIVE', 'confidence': 1}"
307,"{'sentiment': 'NEUTRAL', 'confidence': 1}","{'sentiment': 'POSITIVE', 'confidence': 0.9}","{'sentiment': 'POSITIVE', 'confidence': 1}"
308,"{'sentiment': 'POSITIVE', 'confidence': 0.85}","{'sentiment': 'POSITIVE', 'confidence': 0.8}","{'sentiment': 'POSITIVE', 'confidence': 0.8}"
309,"{'sentiment': 'NEGATIVE', 'confidence': 0.95}","{'sentiment': 'NEGATIVE', 'confidence': 0.8}","{'sentiment': 'POSITIVE', 'confidence': 1}"
310,"{'sentiment': 'POSITIVE', 'confidence': 1.0}","{'sentiment': 'POSITIVE', 'confidence': 0.9}","{'sentiment': 'POSITIVE', 'confidence': 0.8}"
311,"{'sentiment': 'NEGATIVE', 'confidence': 0.99}","{'sentiment': 'NEGATIVE', 'confidence': 0.8}","{'sentiment': 'NEGATIVE', 'confidence': 0.75}"
312,"{'sentiment': 'NEGATIVE', 'confidence': 0.9}","{'sentiment': 'NEGATIVE', 'confidence': 0.8}","{'sentiment': 'NEGATIVE', 'confidence': 0.85}"
313,"{'sentiment': 'NEUTRAL', 'confidence': 1.0}","{'sentiment': 'NEUTRAL', 'confidence': 0.67}","{'sentiment': 'NEGATIVE', 'confidence': 0.8}"
314,"{'sentiment': 'NEUTRAL', 'confidence': 0.6}","{'sentiment': 'NEUTRAL', 'confidence': 0.2}","{'sentiment': 'NEGATIVE', 'confidence': 0.8}"
315,"{'sentiment': 'POSITIVE', 'confidence': 1.0}","{'sentiment': 'POSITIVE', 'confidence': 0.8}","{'sentiment': 'POSITIVE', 'confidence': 1}"
316,"{'sentiment': 'NEGATIVE', 'confidence': 0.99}","{'sentiment': 'NEGATIVE', 'confidence': 0.8}","{'sentiment': 'NEGATIVE', 'confidence': 0.6}"
317,"{'sentiment': 'POSITIVE', 'confidence': 0.9}","{'sentiment': 'NEUTRAL', 'confidence': 0.8}","{'sentiment': 'POSITIVE', 'confidence': 0.85}"
318,"{'sentiment': 'POSITIVE', 'confidence': 1.0}","{'sentiment': 'POSITIVE', 'confidence': 0.9}","{'sentiment': 'NEGATIVE', 'confidence': 0.8}"
319,"{'sentiment': 'POSITIVE', 'confidence': 0.95}","{'sentiment': 'POSITIVE', 'confidence': 0.9}","{'sentiment': 'POSITIVE', 'confidence': 1}"
320,"{'sentiment': 'NEGATIVE', 'confidence': 0.9}","{'sentiment': 'NEGATIVE', 'confidence': 0.8}","{'sentiment': 'POSITIVE', 'confidence': 1}"
321,"{'sentiment': 'POSITIVE', 'confidence': 1.0}","{'sentiment': 'POSITIVE', 'confidence': 0.9}","{'sentiment': 'POSITIVE', 'confidence': 1}"
322,"{'sentiment': 'NEGATIVE', 'confidence': 0.9}","{'sentiment': 'NEGATIVE', 'confidence': 0.8}","{'sentiment': 'NEGATIVE', 'confidence': 0.8}"
323,"{'sentiment': 'POSITIVE', 'confidence': 1}","{'sentiment': 'POSITIVE', 'confidence': 0.8}","{'sentiment': 'NEGATIVE', 'confidence': 0.8}"
324,"{'sentiment': 'NEGATIVE', 'confidence': 1.0}","{'sentiment': 'NEGATIVE', 'confidence': 0.8}","{'sentiment': 'NEGATIVE', 'confidence': 0.8}"
325,"{'sentiment': 'NEUTRAL', 'confidence': 1}","{'sentiment': 'POSITIVE', 'confidence': 0.8}","{'sentiment': 'NEGATIVE', 'confidence': 0.8}"
326,"{'sentiment': 'NEUTRAL', 'confidence': 0.3}","{'sentiment': 'NEGATIVE', 'confidence': 0.8}","{'sentiment': 'Neutral', 'confidence': 0.5}"
327,"{'sentiment': 'NEGATIVE', 'confidence': 0.9}","{'sentiment': 'POSITIVE', 'confidence': 0.9}","{'sentiment': 'NEGATIVE', 'confidence': 0.2}"
328,"{'sentiment': 'NEGATIVE', 'confidence': 0.95}","{'sentiment': 'NEGATIVE', 'confidence': 0.8}","{'sentiment': 'NEGATIVE', 'confidence': 0.7}"
329,"{'sentiment': 'NEGATIVE', 'confidence': 0.8}","{'sentiment': 'NEGATIVE', 'confidence': 0.8}","{'sentiment': 'NEGATIVE', 'confidence': 0.8}"
330,"{'sentiment': 'NEGATIVE', 'confidence': 0.95}","{'sentiment': 'NEGATIVE', 'confidence': 0.9}","{'sentiment': 'NEGATIVE', 'confidence': 0.8}"
331,"{'sentiment': 'NEGATIVE', 'confidence': 0.95}","{'sentiment': 'NEGATIVE', 'confidence': 0.8}","{'sentiment': 'NEGATIVE', 'confidence': 0.6}"
332,"{'sentiment': 'NEGATIVE', 'confidence': 0.9}","{'sentiment': 'NEGATIVE', 'confidence': 0.8}","{'sentiment': 'NEGATIVE', 'confidence': 0.8}"
333,"{'sentiment': 'NEUTRAL', 'confidence': 0.65}","{'sentiment': 'NEGATIVE', 'confidence': 0.8}","{'sentiment': 'NEGATIVE', 'confidence': 0.7}"
334,"{'sentiment': 'NEUTRAL', 'confidence': 0.5}","{'sentiment': 'NEGATIVE', 'confidence': 0.5}","{'sentiment': 'NEGATIVE', 'confidence': 0.8}"
335,"{'sentiment': 'POSITIVE', 'confidence': 0.9}","{'sentiment': 'POSITIVE', 'confidence': 0.9}","{'sentiment': 'POSITIVE', 'confidence': 0.95}"
336,"{'sentiment': 'NEGATIVE', 'confidence': 0.99}","{'sentiment': 'NEGATIVE', 'confidence': 0.9}","{'sentiment': 'NEGATIVE', 'confidence': 0.7}"
337,"{'sentiment': 'NEGATIVE', 'confidence': 0.99}","{'sentiment': 'NEGATIVE', 'confidence': 0.9}","{'sentiment': 'NEGATIVE', 'confidence': 0.8}"
338,"{'sentiment': 'NEGATIVE', 'confidence': 1.0}","{'sentiment': 'NEGATIVE', 'confidence': 0.8}","{'sentiment': 'NEGATIVE', 'confidence': 0.8}"
339,"{'sentiment': 'POSITIVE', 'confidence': 0.92}","{'sentiment': 'POSITIVE', 'confidence': 0.95}","{'sentiment': 'POSITIVE', 'confidence': 0.8}"
340,"{'sentiment': 'POSITIVE', 'confidence': 0.95}","{'sentiment': 'POSITIVE', 'confidence': 0.95}","{'sentiment': 'POSITIVE', 'confidence': 0.95}"
341,"{'sentiment': 'NEGATIVE', 'confidence': 1.0}","{'sentiment': 'NEGATIVE', 'confidence': 0.8}","{'sentiment': 'negative', 'confidence': 0.8}"
342,"{'sentiment': 'NEGATIVE', 'confidence': 1.0}","{'sentiment': 'NEGATIVE', 'confidence': 0.8}","{'sentiment': 'NEGATIVE', 'confidence': 0.8}"
343,"{'sentiment': 'NEGATIVE', 'confidence': 1.0}","{'sentiment': 'NEGATIVE', 'confidence': 0.8}","{'sentiment': 'NEGATIVE', 'confidence': 0.8}"
344,"{'sentiment': 'NEGATIVE', 'confidence': 1.0}","{'sentiment': 'NEGATIVE', 'confidence': 0.8}","{'sentiment': 'NEGATIVE', 'confidence': 0.8}"
345,"{'sentiment': 'NEGATIVE', 'confidence': 1.0}","{'sentiment': 'NEGATIVE', 'confidence': 0.8}","{'sentiment': 'NEGATIVE', 'confidence': 0.8}"
346,"{'sentiment': 'NEGATIVE', 'confidence': 0.95}","{'sentiment': 'NEGATIVE', 'confidence': 0.8}","{'sentiment': 'NEGATIVE', 'confidence': 0.8}"
347,"{'sentiment': 'POSITIVE', 'confidence': 0.7}","{'sentiment': 'POSITIVE', 'confidence': 0.9}","{'sentiment': 'NEGATIVE', 'confidence': 0.8}"
348,"{'sentiment': 'POSITIVE', 'confidence': 0.8}","{'sentiment': 'NEUTRAL', 'confidence': 0.6}","{'sentiment': 'NEGATIVE', 'confidence': 0.1}"
349,"{'sentiment': 'NEGATIVE', 'confidence': 0.9}","{'sentiment': 'NEGATIVE', 'confidence': 0.8}","{'sentiment': 'NEGATIVE', 'confidence': 0.8}"
350,"{'sentiment': 'POSITIVE', 'confidence': 0.95}","{'sentiment': 'POSITIVE', 'confidence': 0.9}","{'sentiment': 'POSITIVE', 'confidence': 1}"
351,"{'sentiment': 'POSITIVE', 'confidence': 0.95}","{'sentiment': 'POSITIVE', 'confidence': 0.8}","{'sentiment': 'POSITIVE', 'confidence': 0.95}"
352,"{'sentiment': 'NEGATIVE', 'confidence': 0.85}","{'sentiment': 'POSITIVE', 'confidence': 0.9}","{'sentiment': 'NEGATIVE', 'confidence': 0.8}"
353,"{'sentiment': 'POSITIVE', 'confidence': 1.0}","{'sentiment': 'POSITIVE', 'confidence': 0.9}","{'sentiment': 'POSITIVE', 'confidence': 1}"
354,"{'sentiment': 'POSITIVE', 'confidence': 0.8}","{'sentiment': 'POSITIVE', 'confidence': 0.8}","{'sentiment': 'NEUTRAL', 'confidence': 0.5}"
355,"{'sentiment': 'POSITIVE', 'confidence': 0.8}","{'sentiment': 'POSITIVE', 'confidence': 0.8}","{'sentiment': 'NEGATIVE', 'confidence': 0.7}"
356,"{'sentiment': 'POSITIVE', 'confidence': 0.95}","{'sentiment': 'POSITIVE', 'confidence': 0.9}","{'sentiment': 'NEGATIVE', 'confidence': 0.7}"
357,"{'sentiment': 'NEUTRAL', 'confidence': 0.7}","{'sentiment': 'NEUTRAL', 'confidence': 0.8}","{'sentiment': 'NEUTRAL', 'confidence': 0.7}"
358,"{'sentiment': 'NEGATIVE', 'confidence': 0.8}","{'sentiment': 'NEGATIVE', 'confidence': 0.9}","{'sentiment': 'NEGATIVE', 'confidence': 0.7}"
359,"{'sentiment': 'POSITIVE', 'confidence': 1.0}","{'sentiment': 'POSITIVE', 'confidence': 0.8}","{'sentiment': 'POSITIVE', 'confidence': 1}"
360,"{'sentiment': 'NEUTRAL', 'confidence': 0.75}","{'sentiment': 'NEUTRAL', 'confidence': 0.8}","{'sentiment': 'NEGATIVE', 'confidence': 0.8}"
361,"{'sentiment': 'NEUTRAL', 'confidence': 0.6}","{'sentiment': 'NEGATIVE', 'confidence': 0.8}","{'sentiment': 'NEGATIVE', 'confidence': 0.8}"
362,"{'sentiment': 'POSITIVE', 'confidence': 1}","{'sentiment': 'POSITIVE', 'confidence': 0.9}","{'sentiment': 'POSITIVE', 'confidence': 1}"
363,"{'sentiment': 'NEUTRAL', 'confidence': 0.8}","{'sentiment': 'NEGATIVE', 'confidence': 0.8}","{'sentiment': 'NEGATIVE', 'confidence': 0.8}"
364,"{'sentiment': 'NEGATIVE', 'confidence': 0.65}","{'sentiment': 'NEUTRAL', 'confidence': 0.8}","{'sentiment': 'NEGATIVE', 'confidence': 0.8}"
365,"{'sentiment': 'POSITIVE', 'confidence': 1.0}","{'sentiment': 'POSITIVE', 'confidence': 0.9}","{'sentiment': 'POSITIVE', 'confidence': 1}"
366,"{'sentiment': 'NEUTRAL', 'confidence': 0.8}","{'sentiment': 'NEGATIVE', 'confidence': 0.7}","{'sentiment': 'POSITIVE', 'confidence': 1}"
367,"{'sentiment': 'POSITIVE', 'confidence': 0.95}","{'sentiment': 'NEUTRAL', 'confidence': 0.4}","{'sentiment': 'NEGATIVE', 'confidence': 0.7}"
368,"{'sentiment': 'NEGATIVE', 'confidence': 1}","{'sentiment': 'NEGATIVE', 'confidence': 0.8}","{'sentiment': 'NEGATIVE', 'confidence': 0.8}"
369,"{'sentiment': 'POSITIVE', 'confidence': 0.8}","{'sentiment': 'NEUTRAL', 'confidence': 0.2}","{'sentiment': 'NEGATIVE', 'confidence': 0.8}"
370,"{'sentiment': 'NEGATIVE', 'confidence': 0.9}","{'sentiment': 'NEGATIVE', 'confidence': 0.8}","{'sentiment': 'NEGATIVE', 'confidence': 0.8}"
371,"{'sentiment': 'NEUTRAL', 'confidence': 0.75}","{'sentiment': 'NEGATIVE', 'confidence': 0.8}","{'sentiment': 'NEGATIVE', 'confidence': 0.8}"
372,"{'sentiment': 'POSITIVE', 'confidence': 1}","{'sentiment': 'POSITIVE', 'confidence': 0.8}","{'sentiment': 'POSITIVE', 'confidence': 1}"
373,"{'sentiment': 'NEGATIVE', 'confidence': 0.9}","{'sentiment': 'NEGATIVE', 'confidence': 0.8}","{'sentiment': 'NEGATIVE', 'confidence': 0.2}"
374,"{'sentiment': 'NEGATIVE', 'confidence': 0.9}","{'sentiment': 'NEGATIVE', 'confidence': 0.8}","{'sentiment': 'NEGATIVE', 'confidence': 0.8}"
375,"{'sentiment': 'POSITIVE', 'confidence': 0.75}","{'sentiment': 'POSITIVE', 'confidence': 0.8}","{'sentiment': 'NEGATIVE', 'confidence': 0.8}"
376,"{'sentiment': 'NEUTRAL', 'confidence': 0.8}","{'sentiment': 'POSITIVE', 'confidence': 0.9}","{'sentiment': 'POSITIVE', 'confidence': 1}"
377,"{'sentiment': 'NEUTRAL', 'confidence': 1.0}","{'sentiment': 'NEUTRAL', 'confidence': 0.75}","{'sentiment': 'NEUTRAL', 'confidence': 0.5}"
378,"{'sentiment': 'NEUTRAL', 'confidence': 0.7}","{'sentiment': 'POSITIVE', 'confidence': 0.8}","{'sentiment': 'NEGATIVE', 'confidence': 0.7}"
379,"{'sentiment': 'NEGATIVE', 'confidence': 1.0}","{'sentiment': 'NEGATIVE', 'confidence': 0.8}","{'sentiment': 'NEGATIVE', 'confidence': 0.8}"
380,"{'sentiment': 'POSITIVE', 'confidence': 1.0}","{'sentiment': 'POSITIVE', 'confidence': 0.98}","{'sentiment': 'POSITIVE', 'confidence': 1}"
381,"{'sentiment': 'NEGATIVE', 'confidence': 0.99}","{'sentiment': 'NEGATIVE', 'confidence': 0.8}","{'sentiment': 'NEGATIVE', 'confidence': 0.75}"
382,"{'sentiment': 'POSITIVE', 'confidence': 1.0}","{'sentiment': 'POSITIVE', 'confidence': 0.9}","{'sentiment': 'POSITIVE', 'confidence': 1}"
383,"{'sentiment': 'POSITIVE', 'confidence': 0.95}","{'sentiment': 'POSITIVE', 'confidence': 0.8}","{'sentiment': 'POSITIVE', 'confidence': 1}"
384,"{'sentiment': 'NEUTRAL', 'confidence': 0.85}","{'sentiment': 'POSITIVE', 'confidence': 0.9}","{'sentiment': 'NEGATIVE', 'confidence': 0.85}"
385,"{'sentiment': 'NEGATIVE', 'confidence': 0.99}","{'sentiment': 'NEGATIVE', 'confidence': 0.9}","{'sentiment': 'NEGATIVE', 'confidence': 0.8}"
386,"{'sentiment': 'NEUTRAL', 'confidence': 0.6}","{'sentiment': 'POSITIVE', 'confidence': 0.95}","{'sentiment': 'POSITIVE', 'confidence': 1}"
387,"{'sentiment': 'POSITIVE', 'confidence': 0.85}","{'sentiment': 'POSITIVE', 'confidence': 0.9}","{'sentiment': 'POSITIVE', 'confidence': 0.8}"
388,"{'sentiment': 'NEUTRAL', 'confidence': 1.0}","{'sentiment': 'POSITIVE', 'confidence': 0.67}","{'sentiment': 'NEUTRAL', 'confidence': 0.5}"
389,"{'sentiment': 'NEUTRAL', 'confidence': 0.95}","{'sentiment': 'NEGATIVE', 'confidence': 0.8}","{'sentiment': 'NEGATIVE', 'confidence': 0.9}"
390,"{'sentiment': 'POSITIVE', 'confidence': 1.0}","{'sentiment': 'POSITIVE', 'confidence': 0.9}","{'sentiment': 'POSITIVE', 'confidence': 1}"
391,"{'sentiment': 'POSITIVE', 'confidence': 0.9}","{'sentiment': 'NEGATIVE', 'confidence': 0.9}","{'sentiment': 'NEGATIVE', 'confidence': 0.8}"
392,"{'sentiment': 'NEGATIVE', 'confidence': 0.97}","{'sentiment': 'NEGATIVE', 'confidence': 0.8}","{'sentiment': 'NEGATIVE', 'confidence': 0.8}"
393,"{'sentiment': 'POSITIVE', 'confidence': 0.85}","{'sentiment': 'NEGATIVE', 'confidence': 0.8}","{'sentiment': 'NEGATIVE', 'confidence': 0.8}"
394,"{'sentiment': 'NEGATIVE', 'confidence': 0.95}","{'sentiment': 'NEGATIVE', 'confidence': 0.8}","{'sentiment': 'NEGATIVE', 'confidence': 0.8}"
395,"{'sentiment': 'POSITIVE', 'confidence': 1.0}","{'sentiment': 'POSITIVE', 'confidence': 0.9}","{'sentiment': 'POSITIVE', 'confidence': 1}"
396,"{'sentiment': 'POSITIVE', 'confidence': 0.95}","{'sentiment': 'POSITIVE', 'confidence': 0.9}","{'sentiment': 'POSITIVE', 'confidence': 0.95}"
397,"{'sentiment': 'NEGATIVE', 'confidence': 0.9}","{'sentiment': 'NEGATIVE', 'confidence': 0.8}","{'sentiment': 'Negative', 'confidence': 0.7}"
398,"{'sentiment': 'NEUTRAL', 'confidence': 1}","{'sentiment': 'NEUTRAL', 'confidence': 0.8}","{'sentiment': 'NEGATIVE', 'confidence': 0.3}"
399,"{'sentiment': 'NEGATIVE', 'confidence': 1.0}","{'sentiment': 'NEGATIVE', 'confidence': 0.8}","{'sentiment': 'NEGATIVE', 'confidence': 0.5}"
400,"{'sentiment': 'NEGATIVE', 'confidence': 1.0}","{'sentiment': 'NEGATIVE', 'confidence': 0.8}","{'sentiment': 'NEGATIVE', 'confidence': 0.7}"
401,"{'sentiment': 'POSITIVE', 'confidence': 0.85}","{'sentiment': 'POSITIVE', 'confidence': 0.9}","{'sentiment': 'POSITIVE', 'confidence': 0.95}"
402,"{'sentiment': 'POSITIVE', 'confidence': 1}","{'sentiment': 'POSITIVE', 'confidence': 0.9}","{'sentiment': 'POSITIVE', 'confidence': 0.99}"
403,"{'sentiment': 'NEGATIVE', 'confidence': 1.0}","{'sentiment': 'NEGATIVE', 'confidence': 0.8}","{'sentiment': 'NEGATIVE', 'confidence': 0.8}"
404,"{'sentiment': 'NEGATIVE', 'confidence': 0.95}","{'sentiment': 'NEGATIVE', 'confidence': 0.6}","{'sentiment': 'NEGATIVE', 'confidence': 0.8}"
405,"{'sentiment': 'NEGATIVE', 'confidence': 0.8}","{'sentiment': 'NEUTRAL', 'confidence': 0.2}","{'sentiment': 'NEGATIVE', 'confidence': 0.8}"
406,"{'sentiment': 'POSITIVE', 'confidence': 1.0}","{'sentiment': 'POSITIVE', 'confidence': 0.9}","{'sentiment': 'POSITIVE', 'confidence': 1}"
407,"{'sentiment': 'NEGATIVE', 'confidence': 1.0}","{'sentiment': 'NEGATIVE', 'confidence': 0.8}","{'sentiment': 'NEGATIVE', 'confidence': 0.7}"
408,"{'sentiment': 'NEUTRAL', 'confidence': 0.5}","{'sentiment': 'POSITIVE', 'confidence': 0.9}","{'sentiment': 'POSITIVE', 'confidence': 1}"
409,"{'sentiment': 'POSITIVE', 'confidence': 0.99}","{'sentiment': 'POSITIVE', 'confidence': 0.8}","{'sentiment': 'POSITIVE', 'confidence': 1}"
410,"{'sentiment': 'POSITIVE', 'confidence': 0.95}","{'sentiment': 'POSITIVE', 'confidence': 0.8}","{'sentiment': 'POSITIVE', 'confidence': 0.8}"
411,"{'sentiment': 'NEGATIVE', 'confidence': 0.85}","{'sentiment': 'NEGATIVE', 'confidence': 0.8}","{'sentiment': 'NEGATIVE', 'confidence': 0.8}"
412,"{'sentiment': 'NEGATIVE', 'confidence': 1.0}","{'sentiment': 'NEUTRAL', 'confidence': 0.5}","{'sentiment': 'NEGATIVE', 'confidence': 0.8}"
413,"{'sentiment': 'POSITIVE', 'confidence': 0.5}","{'sentiment': 'POSITIVE', 'confidence': 0.8}","{'sentiment': 'POSITIVE', 'confidence': 1}"
414,"{'sentiment': 'NEGATIVE', 'confidence': 0.9}","{'sentiment': 'NEGATIVE', 'confidence': 0.8}","{'sentiment': 'NEGATIVE', 'confidence': 0.8}"
415,"{'sentiment': 'NEUTRAL', 'confidence': 0.7}","{'sentiment': 'NEGATIVE', 'confidence': 0.8}","{'sentiment': 'NEGATIVE', 'confidence': 0.7}"
416,"{'sentiment': 'NEUTRAL', 'confidence': 1.0}","{'sentiment': 'POSITIVE', 'confidence': 0.8}","{'sentiment': 'NEGATIVE', 'confidence': 0.2}"
417,"{'sentiment': 'POSITIVE', 'confidence': 0.85}","{'sentiment': 'NEGATIVE', 'confidence': 0.5}","{'sentiment': 'NEGATIVE', 'confidence': 0.85}"
418,"{'sentiment': 'NEGATIVE', 'confidence': 1.0}","{'sentiment': 'NEGATIVE', 'confidence': 0.8}","{'sentiment': 'NEGATIVE', 'confidence': 0.8}"
419,"{'sentiment': 'NEGATIVE', 'confidence': 0.9}","{'sentiment': 'POSITIVE', 'confidence': 0.8}","{'sentiment': 'NEGATIVE', 'confidence': 0.8}"
420,"{'sentiment': 'NEGATIVE', 'confidence': 0.95}","{'sentiment': 'NEGATIVE', 'confidence': 0.8}","{'sentiment': 'NEGATIVE', 'confidence': 0.2}"
421,"{'sentiment': 'NEGATIVE', 'confidence': 0.9}","{'sentiment': 'NEGATIVE', 'confidence': 0.8}","{'sentiment': 'NEGATIVE', 'confidence': 0.8}"
422,"{'sentiment': 'POSITIVE', 'confidence': 0.7}","{'sentiment': 'NEUTRAL', 'confidence': 0.8}","{'sentiment': 'NEGATIVE', 'confidence': 0.8}"
423,"{'sentiment': 'NEGATIVE', 'confidence': 0.95}","{'sentiment': 'NEGATIVE', 'confidence': 0.8}","{'sentiment': 'NEGATIVE', 'confidence': 0.2}"
424,"{'sentiment': 'POSITIVE', 'confidence': 0.95}","{'sentiment': 'POSITIVE', 'confidence': 0.9}","{'sentiment': 'POSITIVE', 'confidence': 1}"
425,"{'sentiment': 'POSITIVE', 'confidence': 0.9}","{'sentiment': 'POSITIVE', 'confidence': 0.9}","{'sentiment': 'POSITIVE', 'confidence': 0.8}"
426,"{'sentiment': 'NEGATIVE', 'confidence': 1.0}","{'sentiment': 'NEGATIVE', 'confidence': 0.8}","{'sentiment': 'NEGATIVE', 'confidence': 0.8}"
427,"{'sentiment': 'POSITIVE', 'confidence': 0.95}","{'sentiment': 'POSITIVE', 'confidence': 0.8}","{'sentiment': 'NEGATIVE', 'confidence': 0.8}"
428,"{'sentiment': 'NEUTRAL', 'confidence': 1}","{'sentiment': 'POSITIVE', 'confidence': 0.95}","{'sentiment': 'POSITIVE', 'confidence': 1}"
429,"{'sentiment': 'NEUTRAL', 'confidence': 0.6}","{'sentiment': 'NEUTRAL', 'confidence': 0.6}","{'sentiment': 'NEGATIVE', 'confidence': 0.8}"
430,"{'sentiment': 'NEUTRAL', 'confidence': 0.7}","{'sentiment': 'NEUTRAL', 'confidence': 0.6}","{'sentiment': 'NEGATIVE', 'confidence': 0.8}"
431,"{'sentiment': 'NEUTRAL', 'confidence': 0.5}","{'sentiment': 'NEUTRAL', 'confidence': 0.8}","{'sentiment': 'NEGATIVE', 'confidence': 0.8}"
432,"{'sentiment': 'NEGATIVE', 'confidence': 0.9}","{'sentiment': 'NEGATIVE', 'confidence': 0.8}","{'sentiment': 'POSITIVE', 'confidence': 0.8}"
433,"{'sentiment': 'NEGATIVE', 'confidence': 0.95}","{'sentiment': 'NEUTRAL', 'confidence': 0.2}","{'sentiment': 'NEGATIVE', 'confidence': 0.8}"
434,"{'sentiment': 'POSITIVE', 'confidence': 0.95}","{'sentiment': 'POSITIVE', 'confidence': 0.9}","{'sentiment': 'POSITIVE', 'confidence': 0.8}"
435,"{'sentiment': 'NEGATIVE', 'confidence': 1}","{'sentiment': 'POSITIVE', 'confidence': 0.9}","{'sentiment': 'POSITIVE', 'confidence': 1}"
436,"{'sentiment': 'NEGATIVE', 'confidence': 0.95}","{'sentiment': 'NEGATIVE', 'confidence': 0.8}","{'sentiment': 'NEGATIVE', 'confidence': 0.8}"
437,"{'sentiment': 'NEGATIVE', 'confidence': 0.96}","{'sentiment': 'NEGATIVE', 'confidence': 0.8}","{'sentiment': 'NEGATIVE', 'confidence': 0.8}"
438,"{'sentiment': 'POSITIVE', 'confidence': 0.95}","{'sentiment': 'NEUTRAL', 'confidence': 0.2}","{'sentiment': 'NEGATIVE', 'confidence': 0.8}"
439,"{'sentiment': 'POSITIVE', 'confidence': 1.0}","{'sentiment': 'POSITIVE', 'confidence': 0.8}","{'sentiment': 'POSITIVE', 'confidence': 1}"
440,"{'sentiment': 'NEUTRAL', 'confidence': 0.65}","{'sentiment': 'POSITIVE', 'confidence': 0.8}","{'sentiment': 'NEGATIVE', 'confidence': 0.75}"
441,"{'sentiment': 'NEGATIVE', 'confidence': 0.85}","{'sentiment': 'NEGATIVE', 'confidence': 0.8}","{'sentiment': 'NEGATIVE', 'confidence': 0.7}"
442,"{'sentiment': 'NEGATIVE', 'confidence': 1.0}","{'sentiment': 'NEGATIVE', 'confidence': 0.9}","{'sentiment': 'NEGATIVE', 'confidence': 0.8}"
443,"{'sentiment': 'NEGATIVE', 'confidence': 0.99}","{'sentiment': 'NEGATIVE', 'confidence': 0.8}","{'sentiment': 'NEGATIVE', 'confidence': 0.7}"
444,"{'sentiment': 'NEUTRAL', 'confidence': 0.7}","{'sentiment': 'POSITIVE', 'confidence': 0.8}","{'sentiment': 'POSITIVE', 'confidence': 0.85}"
445,"{'sentiment': 'NEGATIVE', 'confidence': 1.0}","{'sentiment': 'NEGATIVE', 'confidence': 0.9}","{'sentiment': 'NEGATIVE', 'confidence': 0.8}"
446,"{'sentiment': 'NEGATIVE', 'confidence': 1.0}","{'sentiment': 'NEGATIVE', 'confidence': 0.8}","{'sentiment': 'NEGATIVE', 'confidence': 0.8}"
447,"{'sentiment': 'NEGATIVE', 'confidence': 1.0}","{'sentiment': 'NEGATIVE', 'confidence': 0.8}","{'sentiment': 'NEGATIVE', 'confidence': 0.5}"
448,"{'sentiment': 'NEGATIVE', 'confidence': 0.95}","{'sentiment': 'NEGATIVE', 'confidence': 0.8}","{'sentiment': 'NEGATIVE', 'confidence': 0.8}"
449,"{'sentiment': 'POSITIVE', 'confidence': 1.0}","{'sentiment': 'POSITIVE', 'confidence': 0.9}","{'sentiment': 'POSITIVE', 'confidence': 1}"
450,"{'sentiment': 'NEGATIVE', 'confidence': 0.95}","{'sentiment': 'NEGATIVE', 'confidence': 0.5}","{'sentiment': 'NEGATIVE', 'confidence': 0.8}"
451,"{'sentiment': 'NEGATIVE', 'confidence': 1.0}","{'sentiment': 'NEGATIVE', 'confidence': 0.8}","{'sentiment': 'NEGATIVE', 'confidence': 0.8}"
452,"{'sentiment': 'NEGATIVE', 'confidence': 1.0}","{'sentiment': 'NEGATIVE', 'confidence': 0.8}","{'sentiment': 'NEGATIVE', 'confidence': 0.7}"
453,"{'sentiment': 'NEUTRAL', 'confidence': 0.7}","{'sentiment': 'NEGATIVE', 'confidence': 0.8}","{'sentiment': 'NEGATIVE', 'confidence': 0.7}"
454,"{'sentiment': 'NEUTRAL', 'confidence': 1.0}","{'sentiment': 'POSITIVE', 'confidence': 0.9}","{'sentiment': 'NEGATIVE', 'confidence': 0.7}"
455,"{'sentiment': 'NEGATIVE', 'confidence': 0.95}","{'sentiment': 'NEGATIVE', 'confidence': 0.8}","{'sentiment': 'NEGATIVE', 'confidence': 0.8}"
456,"{'sentiment': 'POSITIVE', 'confidence': 0.8}","{'sentiment': 'POSITIVE', 'confidence': 0.9}","{'sentiment': 'POSITIVE', 'confidence': 1}"
457,"{'sentiment': 'positive', 'confidence': 0.85}","{'sentiment': 'POSITIVE', 'confidence': 0.8}","{'sentiment': 'POSITIVE', 'confidence': 0.85}"
458,"{'sentiment': 'NEGATIVE', 'confidence': 0.9}","{'sentiment': 'POSITIVE', 'confidence': 0.9}","{'sentiment': 'POSITIVE', 'confidence': 1}"
459,"{'sentiment': 'POSITIVE', 'confidence': 0.95}","{'sentiment': 'POSITIVE', 'confidence': 0.9}","{'sentiment': 'POSITIVE', 'confidence': 0.8}"
460,"{'sentiment': 'POSITIVE', 'confidence': 0.95}","{'sentiment': 'POSITIVE', 'confidence': 0.9}","{'sentiment': 'POSITIVE', 'confidence': 1}"
461,"{'sentiment': 'NEGATIVE', 'confidence': 1}","{'sentiment': 'NEGATIVE', 'confidence': 0.9}","{'sentiment': 'NEGATIVE', 'confidence': 0.8}"
462,"{'sentiment': 'NEGATIVE', 'confidence': 1.0}","{'sentiment': 'NEGATIVE', 'confidence': 0.8}","{'sentiment': 'NEGATIVE', 'confidence': 0.8}"
463,"{'sentiment': 'POSITIVE', 'confidence': 1.0}","{'sentiment': 'POSITIVE', 'confidence': 0.9}","{'sentiment': 'POSITIVE', 'confidence': 1}"
464,"{'sentiment': 'POSITIVE', 'confidence': 0.8}","{'sentiment': 'POSITIVE', 'confidence': 0.9}","{'sentiment': 'NEGATIVE', 'confidence': 0.8}"
465,"{'sentiment': 'MIXED', 'confidence': 0.9}","{'sentiment': 'POSITIVE', 'confidence': 0.9}","{'sentiment': 'NEGATIVE', 'confidence': 0.2}"
466,"{'sentiment': 'POSITIVE', 'confidence': 1}","{'sentiment': 'POSITIVE', 'confidence': 0.9}","{'sentiment': 'NEGATIVE', 'confidence': 0.2}"
467,"{'sentiment': 'NEUTRAL', 'confidence': 0.75}","{'sentiment': 'NEUTRAL', 'confidence': 0.6}","{'sentiment': 'NEGATIVE', 'confidence': 0.5}"
468,"{'sentiment': 'NEGATIVE', 'confidence': 1.0}","{'sentiment': 'NEGATIVE', 'confidence': 0.8}","{'sentiment': 'NEGATIVE', 'confidence': 0.8}"
469,"{'sentiment': 'NEGATIVE', 'confidence': 1.0}","{'sentiment': 'NEGATIVE', 'confidence': 0.8}","{'sentiment': 'NEGATIVE', 'confidence': 0.8}"
470,"{'sentiment': 'NEGATIVE', 'confidence': 0.78}","{'sentiment': 'NEGATIVE', 'confidence': 0.8}","{'sentiment': 'NEGATIVE', 'confidence': 0.8}"
471,"{'sentiment': 'NEUTRAL', 'confidence': 1}","{'sentiment': 'POSITIVE', 'confidence': 0.8}","{'sentiment': 'NEUTRAL', 'confidence': 0.6}"
472,"{'sentiment': 'POSITIVE', 'confidence': 1.0}","{'sentiment': 'POSITIVE', 'confidence': 0.9}","{'sentiment': 'NEGATIVE', 'confidence': 0.7}"
473,"{'sentiment': 'POSITIVE', 'confidence': 0.9}","{'sentiment': 'POSITIVE', 'confidence': 0.8}","{'sentiment': 'POSITIVE', 'confidence': 0.8}"
474,"{'sentiment': 'POSITIVE', 'confidence': 0.85}","{'sentiment': 'POSITIVE', 'confidence': 0.9}","{'sentiment': 'NEGATIVE', 'confidence': 0.75}"
475,"{'sentiment': 'NEGATIVE', 'confidence': 0.95}","{'sentiment': 'NEGATIVE', 'confidence': 0.8}","{'sentiment': 'NEGATIVE', 'confidence': 0.8}"
476,"{'sentiment': 'NEUTRAL', 'confidence': 1.0}","{'sentiment': 'POSITIVE', 'confidence': 0.9}","{'sentiment': 'NEGATIVE', 'confidence': 0.8}"
477,"{'sentiment': 'NEGATIVE', 'confidence': 1.0}","{'sentiment': 'NEGATIVE', 'confidence': 0.8}","{'sentiment': 'POSITIVE', 'confidence': 1}"
478,"{'sentiment': 'POSITIVE', 'confidence': 1.0}","{'sentiment': 'POSITIVE', 'confidence': 0.95}","{'sentiment': 'POSITIVE', 'confidence': 0.95}"
479,"{'sentiment': 'NEGATIVE', 'confidence': 1.0}","{'sentiment': 'NEGATIVE', 'confidence': 0.9}","{'sentiment': 'NEGATIVE', 'confidence': 0.8}"
480,"{'sentiment': 'NEGATIVE', 'confidence': 1.0}","{'sentiment': 'NEGATIVE', 'confidence': 0.8}","{'sentiment': 'NEGATIVE', 'confidence': 0.8}"
481,"{'sentiment': 'NEGATIVE', 'confidence': 0.95}","{'sentiment': 'NEGATIVE', 'confidence': 0.8}","{'sentiment': 'NEGATIVE', 'confidence': 0.8}"
482,"{'sentiment': 'POSITIVE', 'confidence': 0.9}","{'sentiment': 'POSITIVE', 'confidence': 0.9}","{'sentiment': 'POSITIVE', 'confidence': 1}"
483,"{'sentiment': 'NEGATIVE', 'confidence': 1}","{'sentiment': 'NEGATIVE', 'confidence': 0.8}","{'sentiment': 'NEGATIVE', 'confidence': 0.8}"
484,"{'sentiment': 'NEUTRAL', 'confidence': 0.6}","{'sentiment': 'NEGATIVE', 'confidence': 0.7}","{'sentiment': 'NEGATIVE', 'confidence': 0.8}"
485,"{'sentiment': 'NEGATIVE', 'confidence': 0.95}","{'sentiment': 'NEGATIVE', 'confidence': 0.9}","{'sentiment': 'NEGATIVE', 'confidence': 0.8}"
486,"{'sentiment': 'NEGATIVE', 'confidence': 0.95}","{'sentiment': 'NEGATIVE', 'confidence': 0.8}","{'sentiment': 'NEGATIVE', 'confidence': 0.8}"
487,"{'sentiment': 'POSITIVE', 'confidence': 0.9}","{'sentiment': 'NEGATIVE', 'confidence': 0.8}","{'sentiment': 'NEGATIVE', 'confidence': 0.8}"
488,"{'sentiment': 'NEGATIVE', 'confidence': 1.0}","{'sentiment': 'NEGATIVE', 'confidence': 0.8}","{'sentiment': 'NEGATIVE', 'confidence': 0.8}"
489,"{'sentiment': 'NEGATIVE', 'confidence': 0.8}","{'sentiment': 'NEUTRAL', 'confidence': 0.6}","{'sentiment': 'NEGATIVE', 'confidence': 0.8}"
490,"{'sentiment': 'POSITIVE', 'confidence': 0.95}","{'sentiment': 'POSITIVE', 'confidence': 0.9}","{'sentiment': 'POSITIVE', 'confidence': 0.8}"
491,"{'sentiment': 'NEUTRAL', 'confidence': 0.5}","{'sentiment': 'NEGATIVE', 'confidence': 0.6}","{'sentiment': 'NEGATIVE', 'confidence': 0.7}"
492,"{'sentiment': 'POSITIVE', 'confidence': 1.0}","{'sentiment': 'POSITIVE', 'confidence': 0.9}","{'sentiment': 'POSITIVE', 'confidence': 1}"
493,"{'sentiment': 'NEGATIVE', 'confidence': 1.0}","{'sentiment': 'NEGATIVE', 'confidence': 0.8}","{'sentiment': 'NEGATIVE', 'confidence': 0.8}"
494,"{'sentiment': 'POSITIVE', 'confidence': 1.0}","{'sentiment': 'POSITIVE', 'confidence': 0.8}","{'sentiment': 'POSITIVE', 'confidence': 1}"
495,"{'sentiment': 'NEGATIVE', 'confidence': 1}","{'sentiment': 'NEGATIVE', 'confidence': 0.8}","{'sentiment': 'NEGATIVE', 'confidence': 0.8}"
496,"{'sentiment': 'NEUTRAL', 'confidence': 0.7}","{'sentiment': 'NEGATIVE', 'confidence': 0.8}","{'sentiment': 'NEUTRAL', 'confidence': 0.6}"
497,"{'sentiment': 'NEGATIVE', 'confidence': 1.0}","{'sentiment': 'NEGATIVE', 'confidence': 0.5}","{'sentiment': 'NEGATIVE', 'confidence': 0.9}"
498,"{'sentiment': 'NEUTRAL', 'confidence': 0.75}","{'sentiment': 'NEUTRAL', 'confidence': 0.8}","{'sentiment': 'NEGATIVE', 'confidence': 0.2}"
499,"{'sentiment': 'POSITIVE', 'confidence': 1.0}","{'sentiment': 'POSITIVE', 'confidence': 0.9}","{'sentiment': 'POSITIVE', 'confidence': 0.8}"
500,"{'sentiment': 'NEGATIVE', 'confidence': 1.0}","{'sentiment': 'NEGATIVE', 'confidence': 0.8}","{'sentiment': 'NEGATIVE', 'confidence': 0.7}"
501,"{'sentiment': 'POSITIVE', 'confidence': 0.98}","{'sentiment': 'POSITIVE', 'confidence': 0.9}","{'sentiment': 'POSITIVE', 'confidence': 0.8}"
502,"{'sentiment': 'POSITIVE', 'confidence': 1.0}","{'sentiment': 'POSITIVE', 'confidence': 0.9}","{'sentiment': 'POSITIVE', 'confidence': 0.95}"
503,"{'sentiment': 'POSITIVE', 'confidence': 0.95}","{'sentiment': 'POSITIVE', 'confidence': 0.9}","{'sentiment': 'POSITIVE', 'confidence': 1}"
504,"{'sentiment': 'NEGATIVE', 'confidence': 0.9}","{'sentiment': 'NEGATIVE', 'confidence': 0.8}","{'sentiment': 'NEGATIVE', 'confidence': 0.8}"
505,"{'sentiment': 'POSITIVE', 'confidence': 1.0}","{'sentiment': 'POSITIVE', 'confidence': 0.9}","{'sentiment': 'POSITIVE', 'confidence': 1}"
506,"{'sentiment': 'NEGATIVE', 'confidence': 0.99}","{'sentiment': 'POSITIVE', 'confidence': 0.9}","{'sentiment': 'NEGATIVE', 'confidence': 0.8}"
507,"{'sentiment': 'NEUTRAL', 'confidence': 0.6}","{'sentiment': 'NEGATIVE', 'confidence': 0.8}","{'sentiment': 'POSITIVE', 'confidence': 0.85}"
508,"{'sentiment': 'NEUTRAL', 'confidence': 0.8}","{'sentiment': 'NEGATIVE', 'confidence': 0.7}","{'sentiment': 'POSITIVE', 'confidence': 0.95}"
509,"{'sentiment': 'NEGATIVE', 'confidence': 0.95}","{'sentiment': 'NEGATIVE', 'confidence': 0.8}","{'sentiment': 'NEGATIVE', 'confidence': 0.7}"
510,"{'sentiment': 'POSITIVE', 'confidence': 1.0}","{'sentiment': 'POSITIVE', 'confidence': 0.9}","{'sentiment': 'POSITIVE', 'confidence': 0.8}"
511,"{'sentiment': 'POSITIVE', 'confidence': 0.95}","{'sentiment': 'POSITIVE', 'confidence': 0.9}","{'sentiment': 'POSITIVE', 'confidence': 0.95}"
512,"{'sentiment': 'POSITIVE', 'confidence': 0.85}","{'sentiment': 'NEGATIVE', 'confidence': 0.2}","{'sentiment': 'POSITIVE', 'confidence': 0.8}"
513,"{'sentiment': 'NEGATIVE', 'confidence': 1.0}","{'sentiment': 'NEGATIVE', 'confidence': 0.9}","{'sentiment': 'NEGATIVE', 'confidence': 0.8}"
514,"{'sentiment': 'NEGATIVE', 'confidence': 0.99}","{'sentiment': 'NEGATIVE', 'confidence': 0.9}","{'sentiment': 'NEGATIVE', 'confidence': 0.75}"
515,"{'sentiment': 'NEUTRAL', 'confidence': 1.0}","{'sentiment': 'NEUTRAL', 'confidence': 0.5}","{'sentiment': 'NEGATIVE', 'confidence': 0.12}"
516,"{'sentiment': 'POSITIVE', 'confidence': 1.0}","{'sentiment': 'POSITIVE', 'confidence': 0.95}","{'sentiment': 'POSITIVE', 'confidence': 1}"
517,"{'sentiment': 'NEUTRAL', 'confidence': 0.75}","{'sentiment': 'NEUTRAL', 'confidence': 0.6}","{'sentiment': 'NEGATIVE', 'confidence': 0.8}"
518,"{'sentiment': 'NEGATIVE', 'confidence': 0.85}","{'sentiment': 'NEGATIVE', 'confidence': 0.8}","{'sentiment': 'NEGATIVE', 'confidence': 0.8}"
519,"{'sentiment': 'NEGATIVE', 'confidence': 0.95}","{'sentiment': 'NEUTRAL', 'confidence': 0.6}","{'sentiment': 'NEGATIVE', 'confidence': 0.8}"
520,"{'sentiment': 'NEGATIVE', 'confidence': 0.7}","{'sentiment': 'NEGATIVE', 'confidence': 0.8}","{'sentiment': 'NEGATIVE', 'confidence': 0.8}"
521,"{'sentiment': 'POSITIVE', 'confidence': 0.8}","{'sentiment': 'POSITIVE', 'confidence': 0.8}","{'sentiment': 'POSITIVE', 'confidence': 1}"
522,"{'sentiment': 'POSITIVE', 'confidence': 0.95}","{'sentiment': 'POSITIVE', 'confidence': 0.95}","{'sentiment': 'POSITIVE', 'confidence': 0.95}"
523,"{'sentiment': 'NEUTRAL', 'confidence': 0.7}","{'sentiment': 'NEGATIVE', 'confidence': 0.8}","{'sentiment': 'NEGATIVE', 'confidence': 0.7}"
524,"{'sentiment': 'POSITIVE', 'confidence': 1.0}","{'sentiment': 'POSITIVE', 'confidence': 0.8}","{'sentiment': 'Neutral', 'confidence': 0.7}"
525,"{'sentiment': 'POSITIVE', 'confidence': 0.85}","{'sentiment': 'POSITIVE', 'confidence': 0.8}","{'sentiment': 'POSITIVE', 'confidence': 1}"
526,"{'sentiment': 'POSITIVE', 'confidence': 0.99}","{'sentiment': 'POSITIVE', 'confidence': 0.9}","{'sentiment': 'POSITIVE', 'confidence': 1}"
527,"{'sentiment': 'NEGATIVE', 'confidence': 1.0}","{'sentiment': 'NEGATIVE', 'confidence': 0.8}","{'sentiment': 'NEGATIVE', 'confidence': 0.8}"
528,"{'sentiment': 'NEGATIVE', 'confidence': 0.97}","{'sentiment': 'POSITIVE', 'confidence': 0.8}","{'sentiment': 'POSITIVE', 'confidence': 0.95}"
529,"{'sentiment': 'NEGATIVE', 'confidence': 1.0}","{'sentiment': 'NEGATIVE', 'confidence': 0.9}","{'sentiment': 'NEGATIVE', 'confidence': 0.8}"
530,"{'sentiment': 'POSITIVE', 'confidence': 0.8}","{'sentiment': 'NEUTRAL', 'confidence': 0.5}","{'sentiment': 'POSITIVE', 'confidence': 1}"
531,"{'sentiment': 'NEGATIVE', 'confidence': 0.99}","{'sentiment': 'NEGATIVE', 'confidence': 0.8}","{'sentiment': 'NEGATIVE', 'confidence': 0.8}"
532,"{'sentiment': 'NEUTRAL', 'confidence': 0.8}","{'sentiment': 'NEGATIVE', 'confidence': 0.8}","{'sentiment': 'NEGATIVE', 'confidence': 0.8}"
533,"{'sentiment': 'NEUTRAL', 'confidence': 0.75}","{'sentiment': 'POSITIVE', 'confidence': 0.8}","{'sentiment': 'NEUTRAL', 'confidence': 0.8}"
534,"{'sentiment': 'NEGATIVE', 'confidence': 1.0}","{'sentiment': 'NEGATIVE', 'confidence': 0.9}","{'sentiment': 'NEGATIVE', 'confidence': 0.8}"
535,"{'sentiment': 'POSITIVE', 'confidence': 0.9}","{'sentiment': 'POSITIVE', 'confidence': 0.9}","{'sentiment': 'POSITIVE', 'confidence': 0.95}"
536,"{'sentiment': 'NEGATIVE', 'confidence': 0.99}","{'sentiment': 'NEGATIVE', 'confidence': 0.9}","{'sentiment': 'NEGATIVE', 'confidence': 0.8}"
537,"{'sentiment': 'NEUTRAL', 'confidence': 1.0}","{'sentiment': 'POSITIVE', 'confidence': 0.8}","{'sentiment': 'POSITIVE', 'confidence': 1}"
538,"{'sentiment': 'NEGATIVE', 'confidence': 0.95}","{'sentiment': 'NEGATIVE', 'confidence': 0.8}","{'sentiment': 'NEGATIVE', 'confidence': 0.8}"
539,"{'sentiment': 'NEGATIVE', 'confidence': 0.95}","{'sentiment': 'NEGATIVE', 'confidence': 0.9}","{'sentiment': 'NEGATIVE', 'confidence': 0.8}"
540,"{'sentiment': 'NEGATIVE', 'confidence': 0.95}","{'sentiment': 'NEGATIVE', 'confidence': 0.8}","{'sentiment': 'NEGATIVE', 'confidence': 0.7}"
541,"{'sentiment': 'NEUTRAL', 'confidence': 1.0}","{'sentiment': 'POSITIVE', 'confidence': 0.95}","{'sentiment': 'POSITIVE', 'confidence': 1}"
542,"{'sentiment': 'NEGATIVE', 'confidence': 1}","{'sentiment': 'NEGATIVE', 'confidence': 0.8}","{'sentiment': 'NEGATIVE', 'confidence': 0.8}"
543,"{'sentiment': 'NEGATIVE', 'confidence': 1}","{'sentiment': 'NEGATIVE', 'confidence': 0.8}","{'sentiment': 'NEGATIVE', 'confidence': 0.8}"
544,"{'sentiment': 'NEGATIVE', 'confidence': 0.85}","{'sentiment': 'NEGATIVE', 'confidence': 0.9}","{'sentiment': 'NEGATIVE', 'confidence': 0.8}"
545,"{'sentiment': 'NEUTRAL', 'confidence': 1.0}","{'sentiment': 'POSITIVE', 'confidence': 0.8}","{'sentiment': 'POSITIVE', 'confidence': 1}"
546,"{'sentiment': 'POSITIVE', 'confidence': 1.0}","{'sentiment': 'POSITIVE', 'confidence': 0.9}","{'sentiment': 'POSITIVE', 'confidence': 1}"
547,"{'sentiment': 'POSITIVE', 'confidence': 1}","{'sentiment': 'POSITIVE', 'confidence': 0.95}","{'sentiment': 'POSITIVE', 'confidence': 0.95}"
548,"{'sentiment': 'POSITIVE', 'confidence': 1.0}","{'sentiment': 'POSITIVE', 'confidence': 0.9}","{'sentiment': 'POSITIVE', 'confidence': 0.85}"
549,"{'sentiment': 'POSITIVE', 'confidence': 1.0}","{'sentiment': 'POSITIVE', 'confidence': 0.9}","{'sentiment': 'POSITIVE', 'confidence': 1}"
550,"{'sentiment': 'POSITIVE', 'confidence': 0.98}","{'sentiment': 'POSITIVE', 'confidence': 0.9}","{'sentiment': 'POSITIVE', 'confidence': 0.85}"
551,"{'sentiment': 'NEGATIVE', 'confidence': 0.95}","{'sentiment': 'NEGATIVE', 'confidence': 0.8}","{'sentiment': 'NEGATIVE', 'confidence': 0.8}"
552,"{'sentiment': 'NEGATIVE', 'confidence': 0.9}","{'sentiment': 'NEGATIVE', 'confidence': 0.8}","{'sentiment': 'NEGATIVE', 'confidence': 0.8}"
553,"{'sentiment': 'NEGATIVE', 'confidence': 0.95}","{'sentiment': 'NEUTRAL', 'confidence': 0.8}","{'sentiment': 'NEGATIVE', 'confidence': 0.8}"
554,"{'sentiment': 'POSITIVE', 'confidence': 1.0}","{'sentiment': 'POSITIVE', 'confidence': 0.9}","{'sentiment': 'NEGATIVE', 'confidence': 0.8}"
555,"{'sentiment': 'NEUTRAL', 'confidence': 0.7}","{'sentiment': 'NEUTRAL', 'confidence': 0.6}","{'sentiment': 'NEGATIVE', 'confidence': 0.7}"
556,"{'sentiment': 'NEGATIVE', 'confidence': 1.0}","{'sentiment': 'NEGATIVE', 'confidence': 0.8}","{'sentiment': 'NEGATIVE', 'confidence': 0.8}"
557,"{'sentiment': 'NEUTRAL', 'confidence': 0.8}","{'sentiment': 'NEUTRAL', 'confidence': 0.5}","{'sentiment': 'NEGATIVE', 'confidence': 0.7}"
558,"{'sentiment': 'NEGATIVE', 'confidence': 1.0}","{'sentiment': 'NEGATIVE', 'confidence': 0.8}","{'sentiment': 'NEGATIVE', 'confidence': 0.8}"
559,"{'sentiment': 'POSITIVE', 'confidence': 0.85}","{'sentiment': 'NEGATIVE', 'confidence': 0.8}","{'sentiment': 'NEGATIVE', 'confidence': 0.8}"
560,"{'sentiment': 'POSITIVE', 'confidence': 0.95}","{'sentiment': 'POSITIVE', 'confidence': 0.9}","{'sentiment': 'POSITIVE', 'confidence': 0.95}"
561,"{'sentiment': 'POSITIVE', 'confidence': 1.0}","{'sentiment': 'POSITIVE', 'confidence': 0.9}","{'sentiment': 'POSITIVE', 'confidence': 0.8}"
562,"{'sentiment': 'NEUTRAL', 'confidence': 0.9}","{'sentiment': 'POSITIVE', 'confidence': 0.95}","{'sentiment': 'NEGATIVE', 'confidence': 0.8}"
563,"{'sentiment': 'NEGATIVE', 'confidence': 0.99}","{'sentiment': 'NEGATIVE', 'confidence': 0.9}","{'sentiment': 'NEGATIVE', 'confidence': 0.8}"
564,"{'sentiment': 'NEUTRAL', 'confidence': 0.85}","{'sentiment': 'NEUTRAL', 'confidence': 0.2}","{'sentiment': 'NEGATIVE', 'confidence': 0.8}"
565,"{'sentiment': 'POSITIVE', 'confidence': 0.95}","{'sentiment': 'POSITIVE', 'confidence': 0.95}","{'sentiment': 'POSITIVE', 'confidence': 1}"
566,"{'sentiment': 'NEGATIVE', 'confidence': 1.0}","{'sentiment': 'NEGATIVE', 'confidence': 0.8}","{'sentiment': 'NEGATIVE', 'confidence': 0.8}"
567,"{'sentiment': 'NEUTRAL', 'confidence': 0.85}","{'sentiment': 'NEUTRAL', 'confidence': 0.6}","{'sentiment': 'POSITIVE', 'confidence': 0.95}"
568,"{'sentiment': 'NEUTRAL', 'confidence': 1.0}","{'sentiment': 'POSITIVE', 'confidence': 0.8}","{'sentiment': 'POSITIVE', 'confidence': 0.95}"
569,"{'sentiment': 'POSITIVE', 'confidence': 0.95}","{'sentiment': 'POSITIVE', 'confidence': 0.9}","{'sentiment': 'POSITIVE', 'confidence': 0.9}"
570,"{'sentiment': 'NEGATIVE', 'confidence': 0.97}","{'sentiment': 'NEGATIVE', 'confidence': 0.9}","{'sentiment': 'NEGATIVE', 'confidence': 0.8}"
571,"{'sentiment': 'POSITIVE', 'confidence': 0.95}","{'sentiment': 'POSITIVE', 'confidence': 0.9}","{'sentiment': 'POSITIVE', 'confidence': 1}"
572,"{'sentiment': 'NEGATIVE', 'confidence': 1.0}","{'sentiment': 'NEGATIVE', 'confidence': 0.95}","{'sentiment': 'NEGATIVE', 'confidence': 0.8}"
573,"{'sentiment': 'POSITIVE', 'confidence': 1}","{'sentiment': 'POSITIVE', 'confidence': 0.95}","{'sentiment': 'POSITIVE', 'confidence': 1}"
574,"{'sentiment': 'NEUTRAL', 'confidence': 0.7}","{'sentiment': 'POSITIVE', 'confidence': 0.8}","{'sentiment': 'NEGATIVE', 'confidence': 0.8}"
575,"{'sentiment': 'NEGATIVE', 'confidence': 1.0}","{'sentiment': 'NEGATIVE', 'confidence': 0.8}","{'sentiment': 'NEGATIVE', 'confidence': 0.95}"
576,"{'sentiment': 'NEUTRAL', 'confidence': 0.8}","{'sentiment': 'NEGATIVE', 'confidence': 0.8}","{'sentiment': 'NEGATIVE', 'confidence': 0.8}"
577,"{'sentiment': 'NEGATIVE', 'confidence': 0.85}","{'sentiment': 'NEGATIVE', 'confidence': 0.8}","{'sentiment': 'NEGATIVE', 'confidence': 0.8}"
578,"{'sentiment': 'NEUTRAL', 'confidence': 1.0}","{'sentiment': 'NEUTRAL', 'confidence': 0.5}","{'sentiment': 'NEGATIVE', 'confidence': 0.8}"
579,"{'sentiment': 'NEGATIVE', 'confidence': 0.95}","{'sentiment': 'NEGATIVE', 'confidence': 0.9}","{'sentiment': 'POSITIVE', 'confidence': 0.95}"
580,"{'sentiment': 'POSITIVE', 'confidence': 0.85}","{'sentiment': 'POSITIVE', 'confidence': 0.9}","{'sentiment': 'POSITIVE', 'confidence': 0.85}"
581,"{'sentiment': 'POSITIVE', 'confidence': 0.75}","{'sentiment': 'NEUTRAL', 'confidence': 0.5}","{'sentiment': 'NEGATIVE', 'confidence': 0.8}"
582,"{'sentiment': 'NEUTRAL', 'confidence': 0.7}","{'sentiment': 'POSITIVE', 'confidence': 0.9}","{'sentiment': 'NEGATIVE', 'confidence': 0.7}"
583,"{'sentiment': 'NEUTRAL', 'confidence': 0.8}","{'sentiment': 'NEGATIVE', 'confidence': 0.8}","{'sentiment': 'NEGATIVE', 'confidence': 0.2}"
584,"{'sentiment': 'NEGATIVE', 'confidence': 0.99}","{'sentiment': 'NEGATIVE', 'confidence': 0.9}","{'sentiment': 'NEGATIVE', 'confidence': 0.8}"
585,"{'sentiment': 'NEGATIVE', 'confidence': 0.95}","{'sentiment': 'POSITIVE', 'confidence': 0.8}","{'sentiment': 'POSITIVE', 'confidence': 0.95}"
586,"{'sentiment': 'POSITIVE', 'confidence': 1.0}","{'sentiment': 'POSITIVE', 'confidence': 0.9}","{'sentiment': 'POSITIVE', 'confidence': 1}"
587,"{'sentiment': 'NEGATIVE', 'confidence': 0.95}","{'sentiment': 'NEGATIVE', 'confidence': 0.9}","{'sentiment': 'NEGATIVE', 'confidence': 0.7}"
588,"{'sentiment': 'POSITIVE', 'confidence': 0.95}","{'sentiment': 'POSITIVE', 'confidence': 0.95}","{'sentiment': 'POSITIVE', 'confidence': 1}"
589,"{'sentiment': 'POSITIVE', 'confidence': 1.0}","{'sentiment': 'POSITIVE', 'confidence': 0.9}","{'sentiment': 'POSITIVE', 'confidence': 1}"
590,"{'sentiment': 'NEGATIVE', 'confidence': 0.87}","{'sentiment': 'NEGATIVE', 'confidence': 0.8}","{'sentiment': 'NEGATIVE', 'confidence': 0.8}"
591,"{'sentiment': 'NEGATIVE', 'confidence': 1.0}","{'sentiment': 'NEGATIVE', 'confidence': 0.8}","{'sentiment': 'NEGATIVE', 'confidence': 0.8}"
592,"{'sentiment': 'NEUTRAL', 'confidence': 0.5}","{'sentiment': 'POSITIVE', 'confidence': 0.8}","{'sentiment': 'POSITIVE', 'confidence': 0.95}"
593,"{'sentiment': 'NEGATIVE', 'confidence': 1.0}","{'sentiment': 'NEGATIVE', 'confidence': 0.8}","{'sentiment': 'NEGATIVE', 'confidence': 0.8}"
594,"{'sentiment': 'NEGATIVE', 'confidence': 0.85}","{'sentiment': 'POSITIVE', 'confidence': 0.8}","{'sentiment': 'NEGATIVE', 'confidence': 0.7}"
595,"{'sentiment': 'POSITIVE', 'confidence': 0.85}","{'sentiment': 'POSITIVE', 'confidence': 0.9}","{'sentiment': 'POSITIVE', 'confidence': 0.95}"
596,"{'sentiment': 'NEGATIVE', 'confidence': 0.83}","{'sentiment': 'POSITIVE', 'confidence': 0.9}","{'sentiment': 'POSITIVE', 'confidence': 1}"
597,"{'sentiment': 'POSITIVE', 'confidence': 0.8}","{'sentiment': 'NEGATIVE', 'confidence': 0.8}","{'sentiment': 'POSITIVE', 'confidence': 1}"
598,"{'sentiment': 'NEGATIVE', 'confidence': 0.9}","{'sentiment': 'NEGATIVE', 'confidence': 0.9}","{'sentiment': 'NEGATIVE', 'confidence': 0.8}"
599,"{'sentiment': 'POSITIVE', 'confidence': 0.85}","{'sentiment': 'POSITIVE', 'confidence': 0.9}","{'sentiment': 'POSITIVE', 'confidence': 1.0}"
600,"{'sentiment': 'POSITIVE', 'confidence': 1.0}","{'sentiment': 'POSITIVE', 'confidence': 0.9}","{'sentiment': 'POSITIVE', 'confidence': 1}"
601,"{'sentiment': 'NEGATIVE', 'confidence': 0.9}","{'sentiment': 'NEGATIVE', 'confidence': 0.8}","{'sentiment': 'NEGATIVE', 'confidence': 0.8}"
602,"{'sentiment': 'NEUTRAL', 'confidence': 1.0}","{'sentiment': 'NEGATIVE', 'confidence': 0.9}","{'sentiment': 'NEGATIVE', 'confidence': 0.7}"
603,"{'sentiment': 'NEGATIVE', 'confidence': 1.0}","{'sentiment': 'NEGATIVE', 'confidence': 0.9}","{'sentiment': 'NEGATIVE', 'confidence': 0.8}"
604,"{'sentiment': 'POSITIVE', 'confidence': 1.0}","{'sentiment': 'POSITIVE', 'confidence': 0.8}","{'sentiment': 'POSITIVE', 'confidence': 1}"
605,"{'sentiment': 'NEGATIVE', 'confidence': 0.85}","{'sentiment': 'NEGATIVE', 'confidence': 0.8}","{'sentiment': 'NEGATIVE', 'confidence': 0.3}"
606,"{'sentiment': 'NEUTRAL', 'confidence': 0.8}","{'sentiment': 'NEGATIVE', 'confidence': 0.8}","{'sentiment': 'NEGATIVE', 'confidence': 0.8}"
607,"{'sentiment': 'NEGATIVE', 'confidence': 1.0}","{'sentiment': 'NEGATIVE', 'confidence': 0.9}","{'sentiment': 'NEGATIVE', 'confidence': 0.8}"
608,"{'sentiment': 'NEGATIVE', 'confidence': 1.0}","{'sentiment': 'NEGATIVE', 'confidence': 0.9}","{'sentiment': 'NEGATIVE', 'confidence': 0.8}"
609,"{'sentiment': 'POSITIVE', 'confidence': 1.0}","{'sentiment': 'POSITIVE', 'confidence': 0.95}","{'sentiment': 'POSITIVE', 'confidence': 0.95}"
610,"{'sentiment': 'NEGATIVE', 'confidence': 1}","{'sentiment': 'NEGATIVE', 'confidence': 0.8}","{'sentiment': 'NEGATIVE', 'confidence': 0.7}"
611,"{'sentiment': 'NEGATIVE', 'confidence': 1.0}","{'sentiment': 'NEGATIVE', 'confidence': 0.75}","{'sentiment': 'NEGATIVE', 'confidence': 0.75}"
612,"{'sentiment': 'NEGATIVE', 'confidence': 0.9}","{'sentiment': 'NEGATIVE', 'confidence': 0.8}","{'sentiment': 'NEGATIVE', 'confidence': 0.7}"
613,"{'sentiment': 'NEGATIVE', 'confidence': 1.0}","{'sentiment': 'NEGATIVE', 'confidence': 0.8}","{'sentiment': 'NEGATIVE', 'confidence': 0.7}"
614,"{'sentiment': 'NEGATIVE', 'confidence': 0.9}","{'sentiment': 'NEGATIVE', 'confidence': 0.8}","{'sentiment': 'NEGATIVE', 'confidence': 0.8}"
615,"{'sentiment': 'POSITIVE', 'confidence': 0.95}","{'sentiment': 'POSITIVE', 'confidence': 0.9}","{'sentiment': 'NEGATIVE', 'confidence': 0.8}"
616,"{'sentiment': 'NEUTRAL', 'confidence': 1.0}","{'sentiment': 'POSITIVE', 'confidence': 0.8}","{'sentiment': 'NEGATIVE', 'confidence': 0.2}"
617,"{'sentiment': 'NEGATIVE', 'confidence': 1.0}","{'sentiment': 'NEGATIVE', 'confidence': 0.95}","{'sentiment': 'NEGATIVE', 'confidence': 0.8}"
618,"{'sentiment': 'POSITIVE', 'confidence': 0.9}","{'sentiment': 'POSITIVE', 'confidence': 0.9}","{'sentiment': 'POSITIVE', 'confidence': 0.8}"
619,"{'sentiment': 'POSITIVE', 'confidence': 0.85}","{'sentiment': 'NEGATIVE', 'confidence': 0.6}","{'sentiment': 'NEGATIVE', 'confidence': 0.8}"
620,"{'sentiment': 'NEGATIVE', 'confidence': 0.99}","{'sentiment': 'NEGATIVE', 'confidence': 0.8}","{'sentiment': 'NEGATIVE', 'confidence': 0.5}"
621,"{'sentiment': 'NEUTRAL', 'confidence': 1}","{'sentiment': 'POSITIVE', 'confidence': 0.9}","{'sentiment': 'POSITIVE', 'confidence': 0.85}"
622,"{'sentiment': 'POSITIVE', 'confidence': 1.0}","{'sentiment': 'POSITIVE', 'confidence': 0.9}","{'sentiment': 'POSITIVE', 'confidence': 1}"
623,"{'sentiment': 'NEGATIVE', 'confidence': 1.0}","{'sentiment': 'NEGATIVE', 'confidence': 0.8}","{'sentiment': 'NEGATIVE', 'confidence': 0.8}"
624,"{'sentiment': 'NEGATIVE', 'confidence': 0.95}","{'sentiment': 'NEGATIVE', 'confidence': 0.8}","{'sentiment': 'NEGATIVE', 'confidence': 0.7}"
625,"{'sentiment': 'NEGATIVE', 'confidence': 0.9}","{'sentiment': 'NEGATIVE', 'confidence': 0.8}","{'sentiment': 'NEGATIVE', 'confidence': 0.8}"
626,"{'sentiment': 'POSITIVE', 'confidence': 0.98}","{'sentiment': 'POSITIVE', 'confidence': 0.9}","{'sentiment': 'POSITIVE', 'confidence': 0.95}"
627,"{'sentiment': 'POSITIVE', 'confidence': 0.85}","{'sentiment': 'POSITIVE', 'confidence': 0.9}","{'sentiment': 'NEUTRAL', 'confidence': 0.5}"
628,"{'sentiment': 'POSITIVE', 'confidence': 1.0}","{'sentiment': 'POSITIVE', 'confidence': 0.9}","{'sentiment': 'POSITIVE', 'confidence': 1}"
629,"{'sentiment': 'NEGATIVE', 'confidence': 0.95}","{'sentiment': 'NEGATIVE', 'confidence': 0.8}","{'sentiment': 'NEGATIVE', 'confidence': 0.8}"
630,"{'sentiment': 'NEUTRAL', 'confidence': 0.95}","{'sentiment': 'NEUTRAL', 'confidence': 0.8}","{'sentiment': 'NEGATIVE', 'confidence': 0.8}"
631,"{'sentiment': 'POSITIVE', 'confidence': 1.0}","{'sentiment': 'POSITIVE', 'confidence': 0.9}","{'sentiment': 'POSITIVE', 'confidence': 0.8}"
632,"{'sentiment': 'NEGATIVE', 'confidence': 0.99}","{'sentiment': 'NEGATIVE', 'confidence': 0.9}","{'sentiment': 'NEGATIVE', 'confidence': 0.8}"
633,"{'sentiment': 'NEUTRAL', 'confidence': 0.5}","{'sentiment': 'POSITIVE', 'confidence': 0.8}","{'sentiment': 'NEGATIVE', 'confidence': 0.8}"
634,"{'sentiment': 'POSITIVE', 'confidence': 1.0}","{'sentiment': 'POSITIVE', 'confidence': 0.9}","{'sentiment': 'POSITIVE', 'confidence': 1}"
635,"{'sentiment': 'NEGATIVE', 'confidence': 0.95}","{'sentiment': 'NEGATIVE', 'confidence': 0.75}","{'sentiment': 'NEGATIVE', 'confidence': 0.8}"
636,"{'sentiment': 'NEUTRAL', 'confidence': 1}","{'sentiment': 'NEGATIVE', 'confidence': 0.8}","{'sentiment': 'NEGATIVE', 'confidence': 0.8}"
637,"{'sentiment': 'NEGATIVE', 'confidence': 1.0}","{'sentiment': 'NEGATIVE', 'confidence': 0.8}","{'sentiment': 'NEGATIVE', 'confidence': 0.8}"
638,"{'sentiment': 'NEGATIVE', 'confidence': 0.95}","{'sentiment': 'NEGATIVE', 'confidence': 0.8}","{'sentiment': 'NEGATIVE', 'confidence': 0.7}"
639,"{'sentiment': 'POSITIVE', 'confidence': 0.95}","{'sentiment': 'POSITIVE', 'confidence': 0.9}","{'sentiment': 'POSITIVE', 'confidence': 0.95}"
640,"{'sentiment': 'POSITIVE', 'confidence': 0.95}","{'sentiment': 'POSITIVE', 'confidence': 0.8}","{'sentiment': 'NEGATIVE', 'confidence': 0.8}"
641,"{'sentiment': 'POSITIVE', 'confidence': 0.9}","{'sentiment': 'NEUTRAL', 'confidence': 0.55}","{'sentiment': 'POSITIVE', 'confidence': 0.95}"
642,"{'sentiment': 'NEUTRAL', 'confidence': 0.5}","{'sentiment': 'NEUTRAL', 'confidence': 0.3}","{'sentiment': 'NEGATIVE', 'confidence': 0.8}"
643,"{'sentiment': 'POSITIVE', 'confidence': 1.0}","{'sentiment': 'POSITIVE', 'confidence': 0.9}","{'sentiment': 'POSITIVE', 'confidence': 0.8}"
644,"{'sentiment': 'NEGATIVE', 'confidence': 0.99}","{'sentiment': 'NEGATIVE', 'confidence': 0.8}","{'sentiment': 'NEGATIVE', 'confidence': 0.5}"
645,"{'sentiment': 'POSITIVE', 'confidence': 0.85}","{'sentiment': 'POSITIVE', 'confidence': 0.8}","{'sentiment': 'POSITIVE', 'confidence': 1}"
646,"{'sentiment': 'NEUTRAL', 'confidence': 0.78}","{'sentiment': 'NEGATIVE', 'confidence': 0.8}","{'sentiment': 'NEGATIVE', 'confidence': 0.8}"
647,"{'sentiment': 'NEGATIVE', 'confidence': 0.95}","{'sentiment': 'NEGATIVE', 'confidence': 0.8}","{'sentiment': 'NEGATIVE', 'confidence': 0.2}"
648,"{'sentiment': 'POSITIVE', 'confidence': 1}","{'sentiment': 'POSITIVE', 'confidence': 0.8}","{'sentiment': 'POSITIVE', 'confidence': 1}"
649,"{'sentiment': 'NEUTRAL', 'confidence': 0.8}","{'sentiment': 'NEGATIVE', 'confidence': 0.8}","{'sentiment': 'NEGATIVE', 'confidence': 0.8}"
650,"{'sentiment': 'POSITIVE', 'confidence': 1.0}","{'sentiment': 'POSITIVE', 'confidence': 0.67}","{'sentiment': 'POSITIVE', 'confidence': 1}"
651,"{'sentiment': 'POSITIVE', 'confidence': 0.99}","{'sentiment': 'POSITIVE', 'confidence': 0.9}","{'sentiment': 'POSITIVE', 'confidence': 0.95}"
652,"{'sentiment': 'NEUTRAL', 'confidence': 1.0}","{'sentiment': 'POSITIVE', 'confidence': 0.8}","{'sentiment': 'NEGATIVE', 'confidence': 0.7}"
653,"{'sentiment': 'POSITIVE', 'confidence': 0.98}","{'sentiment': 'POSITIVE', 'confidence': 0.9}","{'sentiment': 'POSITIVE', 'confidence': 0.95}"
654,"{'sentiment': 'POSITIVE', 'confidence': 1.0}","{'sentiment': 'POSITIVE', 'confidence': 0.9}","{'sentiment': 'POSITIVE', 'confidence': 1}"
655,"{'sentiment': 'NEUTRAL', 'confidence': 1.0}","{'sentiment': 'NEGATIVE', 'confidence': 0.8}","{'sentiment': 'NEGATIVE', 'confidence': 0.8}"
656,"{'sentiment': 'NEGATIVE', 'confidence': 1}","{'sentiment': 'NEGATIVE', 'confidence': 0.8}","{'sentiment': 'NEGATIVE', 'confidence': 0.8}"
657,"{'sentiment': 'POSITIVE', 'confidence': 1.0}","{'sentiment': 'POSITIVE', 'confidence': 0.8}","{'sentiment': 'POSITIVE', 'confidence': 0.9}"
658,"{'sentiment': 'POSITIVE', 'confidence': 0.9}","{'sentiment': 'POSITIVE', 'confidence': 0.9}","{'sentiment': 'POSITIVE', 'confidence': 0.85}"
659,"{'sentiment': 'POSITIVE', 'confidence': 0.95}","{'sentiment': 'POSITIVE', 'confidence': 0.9}","{'sentiment': 'NEGATIVE', 'confidence': 0.8}"
660,"{'sentiment': 'POSITIVE', 'confidence': 0.9}","{'sentiment': 'POSITIVE', 'confidence': 0.9}","{'sentiment': 'POSITIVE', 'confidence': 1}"
661,"{'sentiment': 'NEGATIVE', 'confidence': 0.95}","{'sentiment': 'NEGATIVE', 'confidence': 0.9}","{'sentiment': 'NEGATIVE', 'confidence': 0.8}"
662,"{'sentiment': 'NEGATIVE', 'confidence': 0.95}","{'sentiment': 'POSITIVE', 'confidence': 0.9}","{'sentiment': 'NEGATIVE', 'confidence': 0.8}"
663,"{'sentiment': 'POSITIVE', 'confidence': 1.0}","{'sentiment': 'POSITIVE', 'confidence': 0.9}","{'sentiment': 'POSITIVE', 'confidence': 1}"
664,"{'sentiment': 'NEGATIVE', 'confidence': 1.0}","{'sentiment': 'NEGATIVE', 'confidence': 0.8}","{'sentiment': 'NEGATIVE', 'confidence': 0.8}"
665,"{'sentiment': 'NEGATIVE', 'confidence': 0.99}","{'sentiment': 'NEGATIVE', 'confidence': 0.9}","{'sentiment': 'NEGATIVE', 'confidence': 0.8}"
666,"{'sentiment': 'POSITIVE', 'confidence': 1.0}","{'sentiment': 'POSITIVE', 'confidence': 0.8}","{'sentiment': 'POSITIVE', 'confidence': 0.8}"
667,"{'sentiment': 'NEGATIVE', 'confidence': 1.0}","{'sentiment': 'NEGATIVE', 'confidence': 0.8}","{'sentiment': 'NEGATIVE', 'confidence': 0.8}"
668,"{'sentiment': 'NEGATIVE', 'confidence': 1.0}","{'sentiment': 'NEGATIVE', 'confidence': 0.8}","{'sentiment': 'NEGATIVE', 'confidence': 0.8}"
669,"{'sentiment': 'NEUTRAL', 'confidence': 1}","{'sentiment': 'POSITIVE', 'confidence': 0.8}","{'sentiment': 'NEGATIVE', 'confidence': 0.8}"
670,"{'sentiment': 'NEGATIVE', 'confidence': 1.0}","{'sentiment': 'NEGATIVE', 'confidence': 0.8}","{'sentiment': 'NEGATIVE', 'confidence': 0.8}"
671,"{'sentiment': 'NEGATIVE', 'confidence': 1}","{'sentiment': 'NEGATIVE', 'confidence': 0.9}","{'sentiment': 'NEGATIVE', 'confidence': 0.8}"
672,"{'sentiment': 'POSITIVE', 'confidence': 1.0}","{'sentiment': 'POSITIVE', 'confidence': 0.9}","{'sentiment': 'POSITIVE', 'confidence': 1}"
673,"{'sentiment': 'NEGATIVE', 'confidence': 0.99}","{'sentiment': 'NEGATIVE', 'confidence': 0.8}","{'sentiment': 'NEGATIVE', 'confidence': 0.7}"
674,"{'sentiment': 'POSITIVE', 'confidence': 1.0}","{'sentiment': 'POSITIVE', 'confidence': 0.8}","{'sentiment': 'POSITIVE', 'confidence': 1}"
675,"{'sentiment': 'NEUTRAL', 'confidence': 0.5}","{'sentiment': 'NEGATIVE', 'confidence': 0.7}","{'sentiment': 'NEGATIVE', 'confidence': 0.8}"
676,"{'sentiment': 'NEGATIVE', 'confidence': 0.95}","{'sentiment': 'NEGATIVE', 'confidence': 0.67}","{'sentiment': 'NEGATIVE', 'confidence': 0.7}"
677,"{'sentiment': 'NEGATIVE', 'confidence': 1}","{'sentiment': 'NEGATIVE', 'confidence': 0.8}","{'sentiment': 'NEGATIVE', 'confidence': 0.8}"
678,"{'sentiment': 'NEGATIVE', 'confidence': 1.0}","{'sentiment': 'NEGATIVE', 'confidence': 0.8}","{'sentiment': 'NEGATIVE', 'confidence': 0.8}"
679,"{'sentiment': 'NEUTRAL', 'confidence': 0.6}","{'sentiment': 'NEGATIVE', 'confidence': 0.5}","{'sentiment': 'NEGATIVE', 'confidence': 0.8}"
680,"{'sentiment': 'NEGATIVE', 'confidence': 0.98}","{'sentiment': 'NEGATIVE', 'confidence': 0.9}","{'sentiment': 'NEGATIVE', 'confidence': 0.8}"
681,"{'sentiment': 'POSITIVE', 'confidence': 0.95}","{'sentiment': 'POSITIVE', 'confidence': 0.9}","{'sentiment': 'POSITIVE', 'confidence': 0.8}"
682,"{'sentiment': 'NEGATIVE', 'confidence': 0.9}","{'sentiment': 'NEGATIVE', 'confidence': 0.8}","{'sentiment': 'NEGATIVE', 'confidence': 0.8}"
683,"{'sentiment': 'NEGATIVE', 'confidence': 1.0}","{'sentiment': 'NEGATIVE', 'confidence': 0.9}","{'sentiment': 'NEGATIVE', 'confidence': 0.7}"
684,"{'sentiment': 'NEGATIVE', 'confidence': 1.0}","{'sentiment': 'NEGATIVE', 'confidence': 0.8}","{'sentiment': 'NEGATIVE', 'confidence': 0.75}"
685,"{'sentiment': 'NEUTRAL', 'confidence': 1.0}","{'sentiment': 'POSITIVE', 'confidence': 0.8}","{'sentiment': 'NEUTRAL', 'confidence': 0.8}"
686,"{'sentiment': 'NEGATIVE', 'confidence': 1.0}","{'sentiment': 'NEGATIVE', 'confidence': 0.9}","{'sentiment': 'NEGATIVE', 'confidence': 0.8}"
687,"{'sentiment': 'POSITIVE', 'confidence': 0.85}","{'sentiment': 'POSITIVE', 'confidence': 0.9}","{'sentiment': 'NEGATIVE', 'confidence': 0.7}"
688,"{'sentiment': 'NEGATIVE', 'confidence': 0.99}","{'sentiment': 'POSITIVE', 'confidence': 0.8}","{'sentiment': 'NEGATIVE', 'confidence': 0.8}"
689,"{'sentiment': 'NEGATIVE', 'confidence': 0.8}","{'sentiment': 'NEGATIVE', 'confidence': 0.9}","{'sentiment': 'NEGATIVE', 'confidence': 0.8}"
690,"{'sentiment': 'POSITIVE', 'confidence': 1.0}","{'sentiment': 'POSITIVE', 'confidence': 0.9}","{'sentiment': 'POSITIVE', 'confidence': 1}"
691,"{'sentiment': 'NEGATIVE', 'confidence': 0.9}","{'sentiment': 'NEGATIVE', 'confidence': 0.8}","{'sentiment': 'NEGATIVE', 'confidence': 0.8}"
692,"{'sentiment': 'POSITIVE', 'confidence': 0.95}","{'sentiment': 'POSITIVE', 'confidence': 0.8}","{'sentiment': 'NEGATIVE', 'confidence': 0.8}"
693,"{'sentiment': 'NEUTRAL', 'confidence': 1.0}","{'sentiment': 'NEGATIVE', 'confidence': 0.5}","{'sentiment': 'NEGATIVE', 'confidence': 0.8}"
694,"{'sentiment': 'NEGATIVE', 'confidence': 1.0}","{'sentiment': 'NEGATIVE', 'confidence': 0.9}","{'sentiment': 'NEGATIVE', 'confidence': 0.7}"
695,"{'sentiment': 'POSITIVE', 'confidence': 1.0}","{'sentiment': 'POSITIVE', 'confidence': 0.9}","{'sentiment': 'POSITIVE', 'confidence': 0.95}"
696,"{'sentiment': 'NEUTRAL', 'confidence': 1.0}","{'sentiment': 'NEGATIVE', 'confidence': 0.5}","{'sentiment': 'NEGATIVE', 'confidence': 0.8}"
697,"{'sentiment': 'POSITIVE', 'confidence': 0.8}","{'sentiment': 'POSITIVE', 'confidence': 0.8}","{'sentiment': 'NEGATIVE', 'confidence': 0.2}"
698,"{'sentiment': 'POSITIVE', 'confidence': 0.85}","{'sentiment': 'POSITIVE', 'confidence': 0.95}","{'sentiment': 'POSITIVE', 'confidence': 0.8}"
699,"{'sentiment': 'POSITIVE', 'confidence': 0.95}","{'sentiment': 'POSITIVE', 'confidence': 0.9}","{'sentiment': 'NEGATIVE', 'confidence': 0.8}"
700,"{'sentiment': 'NEGATIVE', 'confidence': 1.0}","{'sentiment': 'NEGATIVE', 'confidence': 0.9}","{'sentiment': 'NEGATIVE', 'confidence': 0.8}"
701,"{'sentiment': 'NEGATIVE', 'confidence': 0.95}","{'sentiment': 'NEGATIVE', 'confidence': 0.8}","{'sentiment': 'POSITIVE', 'confidence': 0.95}"
702,"{'sentiment': 'NEUTRAL', 'confidence': 0.75}","{'sentiment': 'NEGATIVE', 'confidence': 0.4}","{'sentiment': 'NEGATIVE', 'confidence': 0.8}"
703,"{'sentiment': 'POSITIVE', 'confidence': 1.0}","{'sentiment': 'POSITIVE', 'confidence': 0.9}","{'sentiment': 'POSITIVE', 'confidence': 1}"
704,"{'sentiment': 'NEUTRAL', 'confidence': 0.5}","{'sentiment': 'POSITIVE', 'confidence': 0.8}","{'sentiment': 'POSITIVE', 'confidence': 1}"
705,"{'sentiment': 'NEGATIVE', 'confidence': 0.99}","{'sentiment': 'NEGATIVE', 'confidence': 0.9}","{'sentiment': 'NEGATIVE', 'confidence': 0.2}"
706,"{'sentiment': 'NEUTRAL', 'confidence': 0.5}","{'sentiment': 'POSITIVE', 'confidence': 0.8}","{'sentiment': 'NEGATIVE', 'confidence': 0.6}"
707,"{'sentiment': 'POSITIVE', 'confidence': 0.9}","{'sentiment': 'POSITIVE', 'confidence': 0.8}","{'sentiment': 'NEGATIVE', 'confidence': 0.8}"
708,"{'sentiment': 'NEGATIVE', 'confidence': 1.0}","{'sentiment': 'NEGATIVE', 'confidence': 0.9}","{'sentiment': 'NEGATIVE', 'confidence': 0.8}"
709,"{'sentiment': 'NEUTRAL', 'confidence': 0.75}","{'sentiment': 'POSITIVE', 'confidence': 0.8}","{'sentiment': 'NEGATIVE', 'confidence': 0.8}"
710,"{'sentiment': 'NEUTRAL', 'confidence': 0.8}","{'sentiment': 'NEGATIVE', 'confidence': 0.4}","{'sentiment': 'NEGATIVE', 'confidence': 0.8}"
711,"{'sentiment': 'NEUTRAL', 'confidence': 1.0}","{'sentiment': 'NEUTRAL', 'confidence': 0.0}","{'sentiment': 'NEGATIVE', 'confidence': 0.2}"
712,"{'sentiment': 'POSITIVE', 'confidence': 1}","{'sentiment': 'POSITIVE', 'confidence': 0.9}","{'sentiment': 'POSITIVE', 'confidence': 1}"
713,"{'sentiment': 'NEUTRAL', 'confidence': 0.8}","{'sentiment': 'NEGATIVE', 'confidence': 0.8}","{'sentiment': 'NEGATIVE', 'confidence': 0.8}"
714,"{'sentiment': 'POSITIVE', 'confidence': 0.8}","{'sentiment': 'NEGATIVE', 'confidence': 0.6}","{'sentiment': 'POSITIVE', 'confidence': 0.8}"
715,"{'sentiment': 'NEUTRAL', 'confidence': 0.5}","{'sentiment': 'NEUTRAL', 'confidence': 0.53}","{'sentiment': 'NEGATIVE', 'confidence': 0.8}"
716,"{'sentiment': 'NEGATIVE', 'confidence': 0.9}","{'sentiment': 'NEGATIVE', 'confidence': 0.8}","{'sentiment': 'NEGATIVE', 'confidence': 0.85}"
717,"{'sentiment': 'NEUTRAL', 'confidence': 0.6}","{'sentiment': 'POSITIVE', 'confidence': 0.8}","{'sentiment': 'NEGATIVE', 'confidence': 0.75}"
718,"{'sentiment': 'POSITIVE', 'confidence': 0.95}","{'sentiment': 'NEGATIVE', 'confidence': 0.8}","{'sentiment': 'NEGATIVE', 'confidence': 0.8}"
719,"{'sentiment': 'NEGATIVE', 'confidence': 1.0}","{'sentiment': 'NEGATIVE', 'confidence': 0.8}","{'sentiment': 'NEGATIVE', 'confidence': 0.8}"
720,"{'sentiment': 'POSITIVE', 'confidence': 1}","{'sentiment': 'POSITIVE', 'confidence': 0.9}","{'sentiment': 'POSITIVE', 'confidence': 1}"
721,"{'sentiment': 'NEGATIVE', 'confidence': 1.0}","{'sentiment': 'NEGATIVE', 'confidence': 0.8}","{'sentiment': 'NEGATIVE', 'confidence': 0.8}"
722,"{'sentiment': 'NEGATIVE', 'confidence': 0.9}","{'sentiment': 'NEGATIVE', 'confidence': 0.9}","{'sentiment': 'NEGATIVE', 'confidence': 0.8}"
723,"{'sentiment': 'NEUTRAL', 'confidence': 0.99}","{'sentiment': 'NEGATIVE', 'confidence': 0.8}","{'sentiment': 'NEUTRAL', 'confidence': 0.7}"
724,"{'sentiment': 'POSITIVE', 'confidence': 0.95}","{'sentiment': 'POSITIVE', 'confidence': 0.9}","{'sentiment': 'POSITIVE', 'confidence': 1}"
725,"{'sentiment': 'NEUTRAL', 'confidence': 1.0}","{'sentiment': 'NEGATIVE', 'confidence': 0.5}","{'sentiment': 'NEGATIVE', 'confidence': 0.05}"
726,"{'sentiment': 'POSITIVE', 'confidence': 1.0}","{'sentiment': 'POSITIVE', 'confidence': 0.9}","{'sentiment': 'POSITIVE', 'confidence': 1}"
727,"{'sentiment': 'NEGATIVE', 'confidence': 1.0}","{'sentiment': 'NEGATIVE', 'confidence': 0.8}","{'sentiment': 'NEGATIVE', 'confidence': 0.8}"
728,"{'sentiment': 'POSITIVE', 'confidence': 0.9}","{'sentiment': 'POSITIVE', 'confidence': 0.8}","{'sentiment': 'POSITIVE', 'confidence': 0.8}"
729,"{'sentiment': 'NEGATIVE', 'confidence': 1.0}","{'sentiment': 'NEGATIVE', 'confidence': 0.8}","{'sentiment': 'NEGATIVE', 'confidence': 0.8}"
730,"{'sentiment': 'NEGATIVE', 'confidence': 1.0}","{'sentiment': 'NEGATIVE', 'confidence': 0.8}","{'sentiment': 'NEGATIVE', 'confidence': 0.8}"
731,"{'sentiment': 'NEGATIVE', 'confidence': 0.95}","{'sentiment': 'NEGATIVE', 'confidence': 0.8}","{'sentiment': 'NEGATIVE', 'confidence': 0.8}"
732,"{'sentiment': 'POSITIVE', 'confidence': 1.0}","{'sentiment': 'POSITIVE', 'confidence': 0.9}","{'sentiment': 'POSITIVE', 'confidence': 1}"
733,"{'sentiment': 'POSITIVE', 'confidence': 1.0}","{'sentiment': 'POSITIVE', 'confidence': 0.8}","{'sentiment': 'POSITIVE', 'confidence': 1}"
734,"{'sentiment': 'POSITIVE', 'confidence': 0.9}","{'sentiment': 'POSITIVE', 'confidence': 0.9}","{'sentiment': 'NEGATIVE', 'confidence': 0.8}"
735,"{'sentiment': 'POSITIVE', 'confidence': 1.0}","{'sentiment': 'POSITIVE', 'confidence': 0.8}","{'sentiment': 'NEGATIVE', 'confidence': 0.8}"
736,"{'sentiment': 'NEGATIVE', 'confidence': 1.0}","{'sentiment': 'NEGATIVE', 'confidence': 0.8}","{'sentiment': 'NEGATIVE', 'confidence': 0.7}"
737,"{'sentiment': 'NEGATIVE', 'confidence': 1.0}","{'sentiment': 'NEGATIVE', 'confidence': 0.8}","{'sentiment': 'NEGATIVE', 'confidence': 0.7}"
738,"{'sentiment': 'POSITIVE', 'confidence': 0.85}","{'sentiment': 'NEGATIVE', 'confidence': 0.8}","{'sentiment': 'NEGATIVE', 'confidence': 0.8}"
739,"{'sentiment': 'POSITIVE', 'confidence': 0.95}","{'sentiment': 'POSITIVE', 'confidence': 0.9}","{'sentiment': 'POSITIVE', 'confidence': 0.95}"
740,"{'sentiment': 'NEUTRAL', 'confidence': 1.0}","{'sentiment': 'NEGATIVE', 'confidence': 0.8}","{'sentiment': 'NEGATIVE', 'confidence': 0.98}"
741,"{'sentiment': 'POSITIVE', 'confidence': 0.95}","{'sentiment': 'POSITIVE', 'confidence': 0.9}","{'sentiment': 'POSITIVE', 'confidence': 0.8}"
742,"{'sentiment': 'NEUTRAL', 'confidence': 0.75}","{'sentiment': 'POSITIVE', 'confidence': 0.8}","{'sentiment': 'NEGATIVE', 'confidence': 0.3}"
743,"{'sentiment': 'NEGATIVE', 'confidence': 1.0}","{'sentiment': 'NEGATIVE', 'confidence': 0.8}","{'sentiment': 'NEGATIVE', 'confidence': 0.8}"
744,"{'sentiment': 'NEUTRAL', 'confidence': 1}","{'sentiment': 'NEUTRAL', 'confidence': 0.5}","{'sentiment': 'NEGATIVE', 'confidence': 0.7}"
745,"{'sentiment': 'NEGATIVE', 'confidence': 0.95}","{'sentiment': 'NEGATIVE', 'confidence': 0.8}","{'sentiment': 'NEGATIVE', 'confidence': 0.8}"
746,"{'sentiment': 'NEGATIVE', 'confidence': 1.0}","{'sentiment': 'NEGATIVE', 'confidence': 0.8}","{'sentiment': 'NEGATIVE', 'confidence': 0.8}"
747,"{'sentiment': 'NEGATIVE', 'confidence': 0.95}","{'sentiment': 'NEGATIVE', 'confidence': 0.8}","{'sentiment': 'NEGATIVE', 'confidence': 0.8}"
748,"{'sentiment': 'NEUTRAL', 'confidence': 0.85}","{'sentiment': 'NEUTRAL', 'confidence': 0.8}","{'sentiment': 'NEGATIVE', 'confidence': 0.7}"
749,"{'sentiment': 'NEGATIVE', 'confidence': 0.99}","{'sentiment': 'NEGATIVE', 'confidence': 0.9}","{'sentiment': 'NEGATIVE', 'confidence': 0.8}"
750,"{'sentiment': 'POSITIVE', 'confidence': 1}","{'sentiment': 'POSITIVE', 'confidence': 0.9}","{'sentiment': 'POSITIVE', 'confidence': 1}"
751,"{'sentiment': 'NEGATIVE', 'confidence': 0.95}","{'sentiment': 'NEGATIVE', 'confidence': 0.9}","{'sentiment': 'NEGATIVE', 'confidence': 0.85}"
752,"{'sentiment': 'POSITIVE', 'confidence': 0.95}","{'sentiment': 'POSITIVE', 'confidence': 0.95}","{'sentiment': 'POSITIVE', 'confidence': 0.95}"
753,"{'sentiment': 'POSITIVE', 'confidence': 0.95}","{'sentiment': 'POSITIVE', 'confidence': 0.9}","{'sentiment': 'NEGATIVE', 'confidence': 0.8}"
754,"{'sentiment': 'NEUTRAL', 'confidence': 1.0}","{'sentiment': 'POSITIVE', 'confidence': 0.8}","{'sentiment': 'POSITIVE', 'confidence': 1}"
755,"{'sentiment': 'NEGATIVE', 'confidence': 0.95}","{'sentiment': 'NEGATIVE', 'confidence': 0.85}","{'sentiment': 'NEGATIVE', 'confidence': 0.7}"
756,"{'sentiment': 'NEUTRAL', 'confidence': 1.0}","{'sentiment': 'NEUTRAL', 'confidence': 0.75}","{'sentiment': 'Neutral', 'confidence': 0.5}"
757,"{'sentiment': 'NEGATIVE', 'confidence': 0.95}","{'sentiment': 'NEGATIVE', 'confidence': 0.8}","{'sentiment': 'NEGATIVE', 'confidence': 0.8}"
758,"{'sentiment': 'NEGATIVE', 'confidence': 1.0}","{'sentiment': 'NEGATIVE', 'confidence': 0.8}","{'sentiment': 'NEGATIVE', 'confidence': 0.5}"
759,"{'sentiment': 'POSITIVE', 'confidence': 0.9}","{'sentiment': 'POSITIVE', 'confidence': 0.9}","{'sentiment': 'NEGATIVE', 'confidence': 0.8}"
760,"{'sentiment': 'NEUTRAL', 'confidence': 0.5}","{'sentiment': 'POSITIVE', 'confidence': 0.8}","{'sentiment': 'POSITIVE', 'confidence': 1}"
761,"{'sentiment': 'POSITIVE', 'confidence': 1.0}","{'sentiment': 'POSITIVE', 'confidence': 0.9}","{'sentiment': 'POSITIVE', 'confidence': 0.95}"
762,"{'sentiment': 'NEUTRAL', 'confidence': 1.0}","{'sentiment': 'POSITIVE', 'confidence': 0.8}","{'sentiment': 'POSITIVE', 'confidence': 1}"
763,"{'sentiment': 'NEUTRAL', 'confidence': 0.8}","{'sentiment': 'POSITIVE', 'confidence': 0.8}","{'sentiment': 'POSITIVE', 'confidence': 0.8}"
764,"{'sentiment': 'NEGATIVE', 'confidence': 1.0}","{'sentiment': 'NEGATIVE', 'confidence': 0.9}","{'sentiment': 'NEGATIVE', 'confidence': 0.8}"
765,"{'sentiment': 'NEGATIVE', 'confidence': 0.8}","{'sentiment': 'NEUTRAL', 'confidence': 0.3}","{'sentiment': 'NEGATIVE', 'confidence': 0.8}"
766,"{'sentiment': 'NEGATIVE', 'confidence': 1.0}","{'sentiment': 'NEGATIVE', 'confidence': 0.8}","{'sentiment': 'NEGATIVE', 'confidence': 0.8}"
767,"{'sentiment': 'POSITIVE', 'confidence': 1.0}","{'sentiment': 'POSITIVE', 'confidence': 0.8}","{'sentiment': 'POSITIVE', 'confidence': 1}"
768,"{'sentiment': 'NEUTRAL', 'confidence': 0.8}","{'sentiment': 'NEGATIVE', 'confidence': 0.8}","{'sentiment': 'NEGATIVE', 'confidence': 0.8}"
769,"{'sentiment': 'NEGATIVE', 'confidence': 1.0}","{'sentiment': 'NEGATIVE', 'confidence': 0.8}","{'sentiment': 'NEGATIVE', 'confidence': 0.8}"
770,"{'sentiment': 'NEUTRAL', 'confidence': 0.7}","{'sentiment': 'NEUTRAL', 'confidence': 0.8}","{'sentiment': 'NEGATIVE', 'confidence': 0.8}"
771,"{'sentiment': 'POSITIVE', 'confidence': 0.95}","{'sentiment': 'POSITIVE', 'confidence': 0.9}","{'sentiment': 'POSITIVE', 'confidence': 0.85}"
772,"{'sentiment': 'POSITIVE', 'confidence': 1.0}","{'sentiment': 'POSITIVE', 'confidence': 0.8}","{'sentiment': 'NEGATIVE', 'confidence': 0.9}"
773,"{'sentiment': 'NEUTRAL', 'confidence': 0.5}","{'sentiment': 'NEUTRAL', 'confidence': 0.4}","{'sentiment': 'NEGATIVE', 'confidence': 0.8}"
774,"{'sentiment': 'NEUTRAL', 'confidence': 1.0}","{'sentiment': 'POSITIVE', 'confidence': 0.8}","{'sentiment': 'POSITIVE', 'confidence': 1}"
775,"{'sentiment': 'NEGATIVE', 'confidence': 1.0}","{'sentiment': 'NEGATIVE', 'confidence': 0.8}","{'sentiment': 'NEGATIVE', 'confidence': 0.8}"
776,"{'sentiment': 'NEGATIVE', 'confidence': 0.95}","{'sentiment': 'NEGATIVE', 'confidence': 0.8}","{'sentiment': 'NEGATIVE', 'confidence': 0.8}"
777,"{'sentiment': 'NEUTRAL', 'confidence': 0.6}","{'sentiment': 'NEGATIVE', 'confidence': 0.6}","{'sentiment': 'negative', 'confidence': 0.8}"
778,"{'sentiment': 'NEGATIVE', 'confidence': 0.9}","{'sentiment': 'NEGATIVE', 'confidence': 0.2}","{'sentiment': 'NEGATIVE', 'confidence': 0.7}"
779,"{'sentiment': 'NEGATIVE', 'confidence': 1.0}","{'sentiment': 'NEGATIVE', 'confidence': 0.8}","{'sentiment': 'NEGATIVE', 'confidence': 0.7}"
780,"{'sentiment': 'NEGATIVE', 'confidence': 0.95}","{'sentiment': 'NEGATIVE', 'confidence': 0.9}","{'sentiment': 'NEGATIVE', 'confidence': 0.7}"
781,"{'sentiment': 'NEGATIVE', 'confidence': 0.99}","{'sentiment': 'NEGATIVE', 'confidence': 0.7}","{'sentiment': 'NEGATIVE', 'confidence': 0.8}"
782,"{'sentiment': 'NEGATIVE', 'confidence': 1.0}","{'sentiment': 'NEGATIVE', 'confidence': 0.5}","{'sentiment': 'NEGATIVE', 'confidence': 0.8}"
783,"{'sentiment': 'POSITIVE', 'confidence': 1.0}","{'sentiment': 'POSITIVE', 'confidence': 0.8}","{'sentiment': 'NEGATIVE', 'confidence': 0.8}"
784,"{'sentiment': 'NEUTRAL', 'confidence': 1.0}","{'sentiment': 'POSITIVE', 'confidence': 0.9}","{'sentiment': 'POSITIVE', 'confidence': 1}"
785,"{'sentiment': 'NEGATIVE', 'confidence': 0.9}","{'sentiment': 'NEGATIVE', 'confidence': 0.8}","{'sentiment': 'NEGATIVE', 'confidence': 0.8}"
786,"{'sentiment': 'NEUTRAL', 'confidence': 1.0}","{'sentiment': 'POSITIVE', 'confidence': 0.8}","{'sentiment': 'NEGATIVE', 'confidence': 0.8}"
787,"{'sentiment': 'POSITIVE', 'confidence': 1.0}","{'sentiment': 'POSITIVE', 'confidence': 0.83}","{'sentiment': 'POSITIVE', 'confidence': 1}"
788,"{'sentiment': 'NEUTRAL', 'confidence': 0.9}","{'sentiment': 'POSITIVE', 'confidence': 0.8}","{'sentiment': 'NEGATIVE', 'confidence': 0.8}"
789,"{'sentiment': 'POSITIVE', 'confidence': 0.92}","{'sentiment': 'POSITIVE', 'confidence': 0.95}","{'sentiment': 'POSITIVE', 'confidence': 0.8}"
790,"{'sentiment': 'NEGATIVE', 'confidence': 1.0}","{'sentiment': 'NEGATIVE', 'confidence': 0.8}","{'sentiment': 'NEGATIVE', 'confidence': 0.2}"
791,"{'sentiment': 'NEGATIVE', 'confidence': 0.95}","{'sentiment': 'NEUTRAL', 'confidence': 0.6}","{'sentiment': 'Neutral', 'confidence': 0.5}"
792,"{'sentiment': 'NEGATIVE', 'confidence': 0.95}","{'sentiment': 'NEGATIVE', 'confidence': 0.9}","{'sentiment': 'NEGATIVE', 'confidence': 0.7}"
793,"{'sentiment': 'NEUTRAL', 'confidence': 0.5}","{'sentiment': 'NEUTRAL', 'confidence': 0.75}","{'sentiment': 'POSITIVE', 'confidence': 1}"
794,"{'sentiment': 'NEUTRAL', 'confidence': 1.0}","{'sentiment': 'NEUTRAL', 'confidence': 0.5}","{'sentiment': 'NEGATIVE', 'confidence': 0.8}"
795,"{'sentiment': 'NEUTRAL', 'confidence': 0.6}","{'sentiment': 'NEGATIVE', 'confidence': 0.8}","{'sentiment': 'NEGATIVE', 'confidence': 0.2}"
796,"{'sentiment': 'NEGATIVE', 'confidence': 0.95}","{'sentiment': 'NEGATIVE', 'confidence': 0.8}","{'sentiment': 'NEGATIVE', 'confidence': 0.8}"
797,"{'sentiment': 'NEGATIVE', 'confidence': 1.0}","{'sentiment': 'NEGATIVE', 'confidence': 0.9}","{'sentiment': 'NEGATIVE', 'confidence': 0.8}"
798,"{'sentiment': 'POSITIVE', 'confidence': 1.0}","{'sentiment': 'POSITIVE', 'confidence': 0.9}","{'sentiment': 'POSITIVE', 'confidence': 1}"
799,"{'sentiment': 'NEGATIVE', 'confidence': 1.0}","{'sentiment': 'NEGATIVE', 'confidence': 0.8}","{'sentiment': 'NEGATIVE', 'confidence': 0.7}"
800,"{'sentiment': 'NEUTRAL', 'confidence': 1.0}","{'sentiment': 'NEGATIVE', 'confidence': 0.67}","{'sentiment': 'POSITIVE', 'confidence': 1}"
801,"{'sentiment': 'POSITIVE', 'confidence': 0.85}","{'sentiment': 'POSITIVE', 'confidence': 0.8}","{'sentiment': 'POSITIVE', 'confidence': 1}"
802,"{'sentiment': 'NEUTRAL', 'confidence': 0.75}","{'sentiment': 'POSITIVE', 'confidence': 0.8}","{'sentiment': 'POSITIVE', 'confidence': 1}"
803,"{'sentiment': 'NEGATIVE', 'confidence': 0.9}","{'sentiment': 'NEGATIVE', 'confidence': 0.8}","{'sentiment': 'NEGATIVE', 'confidence': 0.3}"
804,"{'sentiment': 'NEGATIVE', 'confidence': 1.0}","{'sentiment': 'NEGATIVE', 'confidence': 0.8}","{'sentiment': 'NEGATIVE', 'confidence': 0.8}"
805,"{'sentiment': 'NEUTRAL', 'confidence': 1}","{'sentiment': 'NEUTRAL', 'confidence': 0.8}","{'sentiment': 'NEGATIVE', 'confidence': 0.7}"
806,"{'sentiment': 'NEGATIVE', 'confidence': 0.9}","{'sentiment': 'POSITIVE', 'confidence': 0.9}","{'sentiment': 'NEGATIVE', 'confidence': 0.85}"
807,"{'sentiment': 'NEUTRAL', 'confidence': 1}","{'sentiment': 'POSITIVE', 'confidence': 0.67}","{'sentiment': 'NEUTRAL', 'confidence': 0.5}"
808,"{'sentiment': 'NEGATIVE', 'confidence': 1.0}","{'sentiment': 'NEGATIVE', 'confidence': 0.8}","{'sentiment': 'NEGATIVE', 'confidence': 0.7}"
809,"{'sentiment': 'POSITIVE', 'confidence': 0.7}","{'sentiment': 'POSITIVE', 'confidence': 0.8}","{'sentiment': 'POSITIVE', 'confidence': 0.8}"
810,"{'sentiment': 'NEUTRAL', 'confidence': 1.0}","{'sentiment': 'POSITIVE', 'confidence': 0.75}","{'sentiment': 'NEGATIVE', 'confidence': 0.8}"
811,"{'sentiment': 'POSITIVE', 'confidence': 0.95}","{'sentiment': 'NEGATIVE', 'confidence': 0.8}","{'sentiment': 'NEGATIVE', 'confidence': 0.8}"
812,"{'sentiment': 'NEGATIVE', 'confidence': 1.0}","{'sentiment': 'NEGATIVE', 'confidence': 0.8}","{'sentiment': 'NEGATIVE', 'confidence': 0.8}"
813,"{'sentiment': 'NEGATIVE', 'confidence': 0.8}","{'sentiment': 'NEGATIVE', 'confidence': 0.9}","{'sentiment': 'NEGATIVE', 'confidence': 0.8}"
814,"{'sentiment': 'NEGATIVE', 'confidence': 0.99}","{'sentiment': 'NEGATIVE', 'confidence': 0.8}","{'sentiment': 'POSITIVE', 'confidence': 0.95}"
815,"{'sentiment': 'MIXED', 'confidence': 0.8}","{'sentiment': 'NEGATIVE', 'confidence': 0.8}","{'sentiment': 'NEGATIVE', 'confidence': 0.8}"
816,"{'sentiment': 'POSITIVE', 'confidence': 0.95}","{'sentiment': 'POSITIVE', 'confidence': 0.8}","{'sentiment': 'NEGATIVE', 'confidence': 0.8}"
817,"{'sentiment': 'POSITIVE', 'confidence': 1.0}","{'sentiment': 'POSITIVE', 'confidence': 0.8}","{'sentiment': 'NEGATIVE', 'confidence': 0.7}"
818,"{'sentiment': 'NEUTRAL', 'confidence': 1.0}","{'sentiment': 'POSITIVE', 'confidence': 0.8}","{'sentiment': 'Neutral', 'confidence': 0.5}"
819,"{'sentiment': 'NEUTRAL', 'confidence': 0.85}","{'sentiment': 'NEUTRAL', 'confidence': 0.5}","{'sentiment': 'NEGATIVE', 'confidence': 0.2}"
820,"{'sentiment': 'POSITIVE', 'confidence': 0.7}","{'sentiment': 'NEUTRAL', 'confidence': 0.7}","{'sentiment': 'NEGATIVE', 'confidence': 0.8}"
821,"{'sentiment': 'NEUTRAL', 'confidence': 0.7}","{'sentiment': 'POSITIVE', 'confidence': 0.8}","{'sentiment': 'POSITIVE', 'confidence': 1}"
822,"{'sentiment': 'POSITIVE', 'confidence': 1.0}","{'sentiment': 'POSITIVE', 'confidence': 0.9}","{'sentiment': 'POSITIVE', 'confidence': 1}"
823,"{'sentiment': 'POSITIVE', 'confidence': 0.95}","{'sentiment': 'POSITIVE', 'confidence': 0.9}","{'sentiment': 'POSITIVE', 'confidence': 0.95}"
824,"{'sentiment': 'NEGATIVE', 'confidence': 0.95}","{'sentiment': 'NEGATIVE', 'confidence': 0.8}","{'sentiment': 'NEGATIVE', 'confidence': 0.8}"
825,"{'sentiment': 'NEUTRAL', 'confidence': 0.3}","{'sentiment': 'POSITIVE', 'confidence': 0.8}","{'sentiment': 'NEGATIVE', 'confidence': 0.2}"
826,"{'sentiment': 'POSITIVE', 'confidence': 0.8}","{'sentiment': 'NEUTRAL', 'confidence': 0.6}","{'sentiment': 'NEGATIVE', 'confidence': 0.8}"
827,"{'sentiment': 'NEGATIVE', 'confidence': 1.0}","{'sentiment': 'NEGATIVE', 'confidence': 0.8}","{'sentiment': 'NEGATIVE', 'confidence': 0.8}"
828,"{'sentiment': 'NEGATIVE', 'confidence': 0.65}","{'sentiment': 'POSITIVE', 'confidence': 0.85}","{'sentiment': 'POSITIVE', 'confidence': 0.8}"
829,"{'sentiment': 'POSITIVE', 'confidence': 0.8}","{'sentiment': 'POSITIVE', 'confidence': 0.9}","{'sentiment': 'NEGATIVE', 'confidence': 0.5}"
830,"{'sentiment': 'NEGATIVE', 'confidence': 1.0}","{'sentiment': 'NEGATIVE', 'confidence': 0.95}","{'sentiment': 'NEGATIVE', 'confidence': 0.2}"
831,"{'sentiment': 'NEGATIVE', 'confidence': 0.95}","{'sentiment': 'NEGATIVE', 'confidence': 0.7}","{'sentiment': 'NEGATIVE', 'confidence': 0.8}"
832,"{'sentiment': 'NEGATIVE', 'confidence': 0.95}","{'sentiment': 'NEGATIVE', 'confidence': 0.8}","{'sentiment': 'NEGATIVE', 'confidence': 0.8}"
833,"{'sentiment': 'POSITIVE', 'confidence': 1.0}","{'sentiment': 'POSITIVE', 'confidence': 0.9}","{'sentiment': 'POSITIVE', 'confidence': 0.85}"
834,"{'sentiment': 'NEGATIVE', 'confidence': 0.8}","{'sentiment': 'NEGATIVE', 'confidence': 0.9}","{'sentiment': 'Negative', 'confidence': 0.7}"
835,"{'sentiment': 'POSITIVE', 'confidence': 0.6}","{'sentiment': 'POSITIVE', 'confidence': 0.8}","{'sentiment': 'NEGATIVE', 'confidence': 0.7}"
836,"{'sentiment': 'POSITIVE', 'confidence': 0.9}","{'sentiment': 'POSITIVE', 'confidence': 0.8}","{'sentiment': 'POSITIVE', 'confidence': 0.95}"
837,"{'sentiment': 'NEGATIVE', 'confidence': 0.95}","{'sentiment': 'NEGATIVE', 'confidence': 0.8}","{'sentiment': 'NEUTRAL', 'confidence': 0.5}"
838,"{'sentiment': 'NEGATIVE', 'confidence': 0.99}","{'sentiment': 'NEGATIVE', 'confidence': 0.8}","{'sentiment': 'NEGATIVE', 'confidence': 0.5}"
839,"{'sentiment': 'NEUTRAL', 'confidence': 1.0}","{'sentiment': 'POSITIVE', 'confidence': 0.8}","{'sentiment': 'POSITIVE', 'confidence': 1}"
840,"{'sentiment': 'POSITIVE', 'confidence': 0.85}","{'sentiment': 'POSITIVE', 'confidence': 0.83}","{'sentiment': 'NEGATIVE', 'confidence': 0.8}"
841,"{'sentiment': 'POSITIVE', 'confidence': 1.0}","{'sentiment': 'POSITIVE', 'confidence': 0.99}","{'sentiment': 'POSITIVE', 'confidence': 1}"
842,"{'sentiment': 'POSITIVE', 'confidence': 1.0}","{'sentiment': 'POSITIVE', 'confidence': 0.95}","{'sentiment': 'POSITIVE', 'confidence': 1}"
843,"{'sentiment': 'NEUTRAL', 'confidence': 0.6}","{'sentiment': 'NEUTRAL', 'confidence': 0.75}","{'sentiment': 'NEGATIVE', 'confidence': 0.8}"
844,"{'sentiment': 'NEGATIVE', 'confidence': 1.0}","{'sentiment': 'NEGATIVE', 'confidence': 0.8}","{'sentiment': 'NEGATIVE', 'confidence': 0.8}"
845,"{'sentiment': 'NEGATIVE', 'confidence': 0.95}","{'sentiment': 'NEGATIVE', 'confidence': 0.8}","{'sentiment': 'NEGATIVE', 'confidence': 0.2}"
846,"{'sentiment': 'POSITIVE', 'confidence': 0.95}","{'sentiment': 'POSITIVE', 'confidence': 0.95}","{'sentiment': 'POSITIVE', 'confidence': 0.8}"
847,"{'sentiment': 'POSITIVE', 'confidence': 0.85}","{'sentiment': 'POSITIVE', 'confidence': 0.8}","{'sentiment': 'POSITIVE', 'confidence': 0.8}"
848,"{'sentiment': 'NEUTRAL', 'confidence': 0.8}","{'sentiment': 'NEUTRAL', 'confidence': 0.5}","{'sentiment': 'NEGATIVE', 'confidence': 0.2}"
849,"{'sentiment': 'POSITIVE', 'confidence': 0.75}","{'sentiment': 'POSITIVE', 'confidence': 0.8}","{'sentiment': 'NEGATIVE', 'confidence': 0.8}"
850,"{'sentiment': 'NEGATIVE', 'confidence': 0.95}","{'sentiment': 'NEGATIVE', 'confidence': 0.9}","{'sentiment': 'NEGATIVE', 'confidence': 0.7}"
851,"{'sentiment': 'NEUTRAL', 'confidence': 0.5}","{'sentiment': 'NEGATIVE', 'confidence': 0.8}","{'sentiment': 'NEGATIVE', 'confidence': 0.8}"
852,"{'sentiment': 'POSITIVE', 'confidence': 0.85}","{'sentiment': 'POSITIVE', 'confidence': 0.9}","{'sentiment': 'NEGATIVE', 'confidence': 0.8}"
853,"{'sentiment': 'POSITIVE', 'confidence': 1.0}","{'sentiment': 'POSITIVE', 'confidence': 0.9}","{'sentiment': 'POSITIVE', 'confidence': 1}"
854,"{'sentiment': 'NEGATIVE', 'confidence': 0.99}","{'sentiment': 'NEGATIVE', 'confidence': 0.7}","{'sentiment': 'NEGATIVE', 'confidence': 0.8}"
855,"{'sentiment': 'NEGATIVE', 'confidence': 0.85}","{'sentiment': 'NEGATIVE', 'confidence': 0.8}","{'sentiment': 'NEGATIVE', 'confidence': 0.8}"
856,"{'sentiment': 'NEGATIVE', 'confidence': 1.0}","{'sentiment': 'NEGATIVE', 'confidence': 0.8}","{'sentiment': 'NEGATIVE', 'confidence': 0.7}"
857,"{'sentiment': 'NEGATIVE', 'confidence': 0.95}","{'sentiment': 'POSITIVE', 'confidence': 0.8}","{'sentiment': 'POSITIVE', 'confidence': 0.95}"
858,"{'sentiment': 'NEUTRAL', 'confidence': 0.85}","{'sentiment': 'NEUTRAL', 'confidence': 0.05}","{'sentiment': 'NEGATIVE', 'confidence': 0.8}"
859,"{'sentiment': 'POSITIVE', 'confidence': 0.95}","{'sentiment': 'POSITIVE', 'confidence': 0.9}","{'sentiment': 'POSITIVE', 'confidence': 0.95}"
860,"{'sentiment': 'NEUTRAL', 'confidence': 0.8}","{'sentiment': 'NEUTRAL', 'confidence': 0.0}","{'sentiment': 'NEGATIVE', 'confidence': 0.7}"
861,"{'sentiment': 'NEGATIVE', 'confidence': 0.85}","{'sentiment': 'NEGATIVE', 'confidence': 0.8}","{'sentiment': 'NEGATIVE', 'confidence': 0.7}"
862,"{'sentiment': 'POSITIVE', 'confidence': 0.95}","{'sentiment': 'POSITIVE', 'confidence': 0.8}","{'sentiment': 'NEGATIVE', 'confidence': 0.7}"
863,"{'sentiment': 'POSITIVE', 'confidence': 1.0}","{'sentiment': 'POSITIVE', 'confidence': 0.95}","{'sentiment': 'POSITIVE', 'confidence': 1}"
864,"{'sentiment': 'NEGATIVE', 'confidence': 0.85}","{'sentiment': 'NEGATIVE', 'confidence': 0.9}","{'sentiment': 'NEGATIVE', 'confidence': 0.75}"
865,"{'sentiment': 'NEUTRAL', 'confidence': 0.95}","{'sentiment': 'NEGATIVE', 'confidence': 0.8}","{'sentiment': 'NEGATIVE', 'confidence': 0.8}"
866,"{'sentiment': 'NEGATIVE', 'confidence': 1.0}","{'sentiment': 'NEGATIVE', 'confidence': 0.95}","{'sentiment': 'NEGATIVE', 'confidence': 0.8}"
867,"{'sentiment': 'POSITIVE', 'confidence': 1.0}","{'sentiment': 'POSITIVE', 'confidence': 0.9}","{'sentiment': 'POSITIVE', 'confidence': 0.95}"
868,"{'sentiment': 'NEGATIVE', 'confidence': 0.95}","{'sentiment': 'NEUTRAL', 'confidence': 0.5}","{'sentiment': 'NEGATIVE', 'confidence': 0.8}"
869,"{'sentiment': 'POSITIVE', 'confidence': 1}","{'sentiment': 'POSITIVE', 'confidence': 0.9}","{'sentiment': 'POSITIVE', 'confidence': 1}"
870,"{'sentiment': 'NEGATIVE', 'confidence': 1.0}","{'sentiment': 'NEGATIVE', 'confidence': 0.9}","{'sentiment': 'NEGATIVE', 'confidence': 0.8}"
871,"{'sentiment': 'POSITIVE', 'confidence': 0.99}","{'sentiment': 'POSITIVE', 'confidence': 0.95}","{'sentiment': 'POSITIVE', 'confidence': 0.95}"
872,"{'sentiment': 'NEGATIVE', 'confidence': 0.99}","{'sentiment': 'NEGATIVE', 'confidence': 0.8}","{'sentiment': 'NEGATIVE', 'confidence': 0.3}"
873,"{'sentiment': 'NEGATIVE', 'confidence': 0.99}","{'sentiment': 'NEGATIVE', 'confidence': 0.8}","{'sentiment': 'NEGATIVE', 'confidence': 0.8}"
874,"{'sentiment': 'POSITIVE', 'confidence': 0.8}","{'sentiment': 'NEUTRAL', 'confidence': 0.3}","{'sentiment': 'POSITIVE', 'confidence': 0.8}"
875,"{'sentiment': 'NEUTRAL', 'confidence': 0.5}","{'sentiment': 'POSITIVE', 'confidence': 0.8}","{'sentiment': 'NEUTRAL', 'confidence': 0.5}"
876,"{'sentiment': 'NEGATIVE', 'confidence': 0.9}","{'sentiment': 'NEGATIVE', 'confidence': 0.8}","{'sentiment': 'NEGATIVE', 'confidence': 0.8}"
877,"{'sentiment': 'POSITIVE', 'confidence': 1.0}","{'sentiment': 'POSITIVE', 'confidence': 0.9}","{'sentiment': 'NEGATIVE', 'confidence': 0.75}"
878,"{'sentiment': 'NEGATIVE', 'confidence': 1.0}","{'sentiment': 'NEGATIVE', 'confidence': 0.85}","{'sentiment': 'NEGATIVE', 'confidence': 0.7}"
879,"{'sentiment': 'NEGATIVE', 'confidence': 1.0}","{'sentiment': 'NEGATIVE', 'confidence': 0.8}","{'sentiment': 'NEGATIVE', 'confidence': 0.8}"
880,"{'sentiment': 'POSITIVE', 'confidence': 1.0}","{'sentiment': 'POSITIVE', 'confidence': 0.9}","{'sentiment': 'POSITIVE', 'confidence': 1}"
881,"{'sentiment': 'POSITIVE', 'confidence': 0.99}","{'sentiment': 'NEUTRAL', 'confidence': 0.8}","{'sentiment': 'NEGATIVE', 'confidence': 0.8}"
882,"{'sentiment': 'NEGATIVE', 'confidence': 0.9}","{'sentiment': 'NEGATIVE', 'confidence': 0.8}","{'sentiment': 'NEGATIVE', 'confidence': 0.7}"
883,"{'sentiment': 'NEUTRAL', 'confidence': 0.67}","{'sentiment': 'NEGATIVE', 'confidence': 0.8}","{'sentiment': 'NEGATIVE', 'confidence': 0.8}"
884,"{'sentiment': 'NEGATIVE', 'confidence': 1.0}","{'sentiment': 'NEGATIVE', 'confidence': 0.9}","{'sentiment': 'NEGATIVE', 'confidence': 0.75}"
885,"{'sentiment': 'POSITIVE', 'confidence': 0.95}","{'sentiment': 'NEGATIVE', 'confidence': 0.7}","{'sentiment': 'POSITIVE', 'confidence': 0.8}"
886,"{'sentiment': 'POSITIVE', 'confidence': 1.0}","{'sentiment': 'POSITIVE', 'confidence': 0.9}","{'sentiment': 'POSITIVE', 'confidence': 1}"
887,"{'sentiment': 'NEGATIVE', 'confidence': 0.9}","{'sentiment': 'NEGATIVE', 'confidence': 0.9}","{'sentiment': 'NEGATIVE', 'confidence': 0.8}"
888,"{'sentiment': 'NEGATIVE', 'confidence': 1.0}","{'sentiment': 'NEGATIVE', 'confidence': 0.8}","{'sentiment': 'NEGATIVE', 'confidence': 0.75}"
889,"{'sentiment': 'POSITIVE', 'confidence': 1.0}","{'sentiment': 'POSITIVE', 'confidence': 0.8}","{'sentiment': 'POSITIVE', 'confidence': 1}"
890,"{'sentiment': 'POSITIVE', 'confidence': 1.0}","{'sentiment': 'POSITIVE', 'confidence': 0.9}","{'sentiment': 'POSITIVE', 'confidence': 1}"
891,"{'sentiment': 'NEGATIVE', 'confidence': 1.0}","{'sentiment': 'NEGATIVE', 'confidence': 0.8}","{'sentiment': 'NEGATIVE', 'confidence': 0.85}"
892,"{'sentiment': 'NEGATIVE', 'confidence': 0.85}","{'sentiment': 'NEGATIVE', 'confidence': 0.8}","{'sentiment': 'NEGATIVE', 'confidence': 0.8}"
893,"{'sentiment': 'POSITIVE', 'confidence': 1.0}","{'sentiment': 'POSITIVE', 'confidence': 0.9}","{'sentiment': 'POSITIVE', 'confidence': 1}"
894,"{'sentiment': 'NEGATIVE', 'confidence': 0.99}","{'sentiment': 'NEGATIVE', 'confidence': 0.75}","{'sentiment': 'NEGATIVE', 'confidence': 0.7}"
895,"{'sentiment': 'NEGATIVE', 'confidence': 1.0}","{'sentiment': 'NEGATIVE', 'confidence': 0.8}","{'sentiment': 'NEGATIVE', 'confidence': 0.8}"
896,"{'sentiment': 'POSITIVE', 'confidence': 0.95}","{'sentiment': 'POSITIVE', 'confidence': 0.9}","{'sentiment': 'POSITIVE', 'confidence': 1}"
897,"{'sentiment': 'POSITIVE', 'confidence': 0.95}","{'sentiment': 'POSITIVE', 'confidence': 0.9}","{'sentiment': 'POSITIVE', 'confidence': 1}"
898,"{'sentiment': 'NEGATIVE', 'confidence': 0.8}","{'sentiment': 'NEGATIVE', 'confidence': 0.8}","{'sentiment': 'NEGATIVE', 'confidence': 0.5}"
899,"{'sentiment': 'POSITIVE', 'confidence': 0.99}","{'sentiment': 'POSITIVE', 'confidence': 0.9}","{'sentiment': 'POSITIVE', 'confidence': 1}"
900,"{'sentiment': 'NEUTRAL', 'confidence': 1.0}","{'sentiment': 'NEUTRAL', 'confidence': 0.5}","{'sentiment': 'NEGATIVE', 'confidence': 0.2}"
901,"{'sentiment': 'NEGATIVE', 'confidence': 0.99}","{'sentiment': 'NEGATIVE', 'confidence': 0.8}","{'sentiment': 'NEGATIVE', 'confidence': 0.8}"
902,"{'sentiment': 'POSITIVE', 'confidence': 0.98}","{'sentiment': 'POSITIVE', 'confidence': 0.95}","{'sentiment': 'POSITIVE', 'confidence': 1}"
903,"{'sentiment': 'NEGATIVE', 'confidence': 0.95}","{'sentiment': 'NEGATIVE', 'confidence': 0.9}","{'sentiment': 'POSITIVE', 'confidence': 0.95}"
904,"{'sentiment': 'NEGATIVE', 'confidence': 1.0}","{'sentiment': 'NEGATIVE', 'confidence': 0.8}","{'sentiment': 'NEGATIVE', 'confidence': 0.8}"
905,"{'sentiment': 'POSITIVE', 'confidence': 1.0}","{'sentiment': 'POSITIVE', 'confidence': 0.9}","{'sentiment': 'POSITIVE', 'confidence': 0.95}"
906,"{'sentiment': 'NEGATIVE', 'confidence': 0.7}","{'sentiment': 'NEUTRAL', 'confidence': 0.6}","{'sentiment': 'NEGATIVE', 'confidence': 0.8}"
907,"{'sentiment': 'NEGATIVE', 'confidence': 1.0}","{'sentiment': 'NEGATIVE', 'confidence': 0.8}","{'sentiment': 'NEGATIVE', 'confidence': 0.7}"
908,"{'sentiment': 'NEUTRAL', 'confidence': 0.6}","{'sentiment': 'NEGATIVE', 'confidence': 0.8}","{'sentiment': 'NEGATIVE', 'confidence': 0.8}"
909,"{'sentiment': 'POSITIVE', 'confidence': 0.9}","{'sentiment': 'POSITIVE', 'confidence': 0.9}","{'sentiment': 'POSITIVE', 'confidence': 0.85}"
910,"{'sentiment': 'POSITIVE', 'confidence': 0.95}","{'sentiment': 'NEGATIVE', 'confidence': 0.8}","{'sentiment': 'NEGATIVE', 'confidence': 0.8}"
911,"{'sentiment': 'NEGATIVE', 'confidence': 1.0}","{'sentiment': 'NEGATIVE', 'confidence': 0.8}","{'sentiment': 'NEGATIVE', 'confidence': 0.8}"
912,"{'sentiment': 'NEGATIVE', 'confidence': 0.95}","{'sentiment': 'NEGATIVE', 'confidence': 0.8}","{'sentiment': 'NEGATIVE', 'confidence': 0.8}"
913,"{'sentiment': 'NEGATIVE', 'confidence': 0.95}","{'sentiment': 'NEUTRAL', 'confidence': 0.5}","{'sentiment': 'NEGATIVE', 'confidence': 0.8}"
914,"{'sentiment': 'POSITIVE', 'confidence': 0.85}","{'sentiment': 'POSITIVE', 'confidence': 0.9}","{'sentiment': 'POSITIVE', 'confidence': 0.85}"
915,"{'sentiment': 'NEGATIVE', 'confidence': 0.8}","{'sentiment': 'NEGATIVE', 'confidence': 0.8}","{'sentiment': 'POSITIVE', 'confidence': 0.8}"
916,"{'sentiment': 'NEGATIVE', 'confidence': 0.99}","{'sentiment': 'NEGATIVE', 'confidence': 0.9}","{'sentiment': 'NEGATIVE', 'confidence': 0.7}"
917,"{'sentiment': 'POSITIVE', 'confidence': 0.95}","{'sentiment': 'NEGATIVE', 'confidence': 0.9}","{'sentiment': 'NEGATIVE', 'confidence': 0.8}"
918,"{'sentiment': 'NEGATIVE', 'confidence': 0.95}","{'sentiment': 'NEGATIVE', 'confidence': 0.8}","{'sentiment': 'NEGATIVE', 'confidence': 0.8}"
919,"{'sentiment': 'NEUTRAL', 'confidence': 1.0}","{'sentiment': 'POSITIVE', 'confidence': 0.8}","{'sentiment': 'NEGATIVE', 'confidence': 0.8}"
920,"{'sentiment': 'NEUTRAL', 'confidence': 1.0}","{'sentiment': 'NEUTRAL', 'confidence': 0.67}","{'sentiment': 'NEGATIVE', 'confidence': 0.2}"
921,"{'sentiment': 'POSITIVE', 'confidence': 1.0}","{'sentiment': 'POSITIVE', 'confidence': 0.95}","{'sentiment': 'POSITIVE', 'confidence': 0.95}"
922,"{'sentiment': 'NEGATIVE', 'confidence': 0.95}","{'sentiment': 'NEGATIVE', 'confidence': 0.8}","{'sentiment': 'POSITIVE', 'confidence': 0.95}"
923,"{'sentiment': 'POSITIVE', 'confidence': 1}","{'sentiment': 'POSITIVE', 'confidence': 0.9}","{'sentiment': 'POSITIVE', 'confidence': 1}"
924,"{'sentiment': 'NEGATIVE', 'confidence': 0.99}","{'sentiment': 'NEGATIVE', 'confidence': 0.8}","{'sentiment': 'NEGATIVE', 'confidence': 0.8}"
925,"{'sentiment': 'MIXED', 'confidence': 0.85}","{'sentiment': 'POSITIVE', 'confidence': 0.9}","{'sentiment': 'NEGATIVE', 'confidence': 0.8}"
926,"{'sentiment': 'NEGATIVE', 'confidence': 1.0}","{'sentiment': 'NEGATIVE', 'confidence': 0.9}","{'sentiment': 'NEGATIVE', 'confidence': 0.8}"
927,"{'sentiment': 'NEUTRAL', 'confidence': 1.0}","{'sentiment': 'NEUTRAL', 'confidence': 0.0}","{'sentiment': 'NEGATIVE', 'confidence': 0.7}"
928,"{'sentiment': 'NEGATIVE', 'confidence': 0.97}","{'sentiment': 'NEGATIVE', 'confidence': 0.9}","{'sentiment': 'NEGATIVE', 'confidence': 0.8}"
929,"{'sentiment': 'NEUTRAL', 'confidence': 0.6}","{'sentiment': 'NEGATIVE', 'confidence': 0.8}","{'sentiment': 'NEGATIVE', 'confidence': 0.8}"
930,"{'sentiment': 'POSITIVE', 'confidence': 1.0}","{'sentiment': 'POSITIVE', 'confidence': 0.9}","{'sentiment': 'POSITIVE', 'confidence': 0.8}"
931,"{'sentiment': 'NEUTRAL', 'confidence': 0.8}","{'sentiment': 'POSITIVE', 'confidence': 0.8}","{'sentiment': 'POSITIVE', 'confidence': 1}"
932,"{'sentiment': 'NEGATIVE', 'confidence': 0.95}","{'sentiment': 'NEGATIVE', 'confidence': 0.8}","{'sentiment': 'Negative', 'confidence': 0.8}"
933,"{'sentiment': 'NEUTRAL', 'confidence': 1.0}","{'sentiment': 'NEGATIVE', 'confidence': 0.8}","{'sentiment': 'NEGATIVE', 'confidence': 0.8}"
934,"{'sentiment': 'POSITIVE', 'confidence': 1.0}","{'sentiment': 'POSITIVE', 'confidence': 0.9}","{'sentiment': 'POSITIVE', 'confidence': 0.9}"
935,"{'sentiment': 'NEGATIVE', 'confidence': 1.0}","{'sentiment': 'NEUTRAL', 'confidence': 0.55}","{'sentiment': 'NEGATIVE', 'confidence': 0.8}"
936,"{'sentiment': 'NEGATIVE', 'confidence': 1.0}","{'sentiment': 'NEGATIVE', 'confidence': 0.67}","{'sentiment': 'NEGATIVE', 'confidence': 0.8}"
937,"{'sentiment': 'NEUTRAL', 'confidence': 0.8}","{'sentiment': 'NEGATIVE', 'confidence': 0.6}","{'sentiment': 'NEGATIVE', 'confidence': 0.8}"
938,"{'sentiment': 'POSITIVE', 'confidence': 0.95}","{'sentiment': 'POSITIVE', 'confidence': 0.9}","{'sentiment': 'POSITIVE', 'confidence': 0.8}"
939,"{'sentiment': 'POSITIVE', 'confidence': 0.95}","{'sentiment': 'POSITIVE', 'confidence': 0.9}","{'sentiment': 'NEGATIVE', 'confidence': 0.8}"
940,"{'sentiment': 'POSITIVE', 'confidence': 0.95}","{'sentiment': 'NEUTRAL', 'confidence': 0.2}","{'sentiment': 'POSITIVE', 'confidence': 1}"
941,"{'sentiment': 'NEUTRAL', 'confidence': 1.0}","{'sentiment': 'POSITIVE', 'confidence': 0.9}","{'sentiment': 'NEGATIVE', 'confidence': 0.8}"
942,"{'sentiment': 'NEGATIVE', 'confidence': 0.95}","{'sentiment': 'NEGATIVE', 'confidence': 0.95}","{'sentiment': 'negative', 'confidence': 0.8}"
943,"{'sentiment': 'NEGATIVE', 'confidence': 0.95}","{'sentiment': 'NEGATIVE', 'confidence': 0.8}","{'sentiment': 'NEGATIVE', 'confidence': 0.8}"
944,"{'sentiment': 'NEGATIVE', 'confidence': 0.95}","{'sentiment': 'NEGATIVE', 'confidence': 0.8}","{'sentiment': 'NEGATIVE', 'confidence': 0.8}"
945,"{'sentiment': 'NEUTRAL', 'confidence': 1.0}","{'sentiment': 'POSITIVE', 'confidence': 0.9}","{'sentiment': 'Neutral', 'confidence': 0.0}"
946,"{'sentiment': 'NEGATIVE', 'confidence': 0.99}","{'sentiment': 'NEGATIVE', 'confidence': 0.8}","{'sentiment': 'NEGATIVE', 'confidence': 0.2}"
947,"{'sentiment': 'POSITIVE', 'confidence': 0.8}","{'sentiment': 'POSITIVE', 'confidence': 0.8}","{'sentiment': 'POSITIVE', 'confidence': 0.8}"
948,"{'sentiment': 'NEGATIVE', 'confidence': 0.99}","{'sentiment': 'NEGATIVE', 'confidence': 0.9}","{'sentiment': 'NEGATIVE', 'confidence': 0.8}"
949,"{'sentiment': 'NEGATIVE', 'confidence': 0.8}","{'sentiment': 'NEGATIVE', 'confidence': 0.8}","{'sentiment': 'POSITIVE', 'confidence': 1}"
950,"{'sentiment': 'POSITIVE', 'confidence': 0.6}","{'sentiment': 'NEUTRAL', 'confidence': 0.8}","{'sentiment': 'NEGATIVE', 'confidence': 0.8}"
951,"{'sentiment': 'NEUTRAL', 'confidence': 0.8}","{'sentiment': 'NEGATIVE', 'confidence': 0.6}","{'sentiment': 'POSITIVE', 'confidence': 0.8}"
952,"{'sentiment': 'NEUTRAL', 'confidence': 1.0}","{'sentiment': 'NEUTRAL', 'confidence': 0.4}","{'sentiment': 'NEGATIVE', 'confidence': 0.8}"
953,"{'sentiment': 'POSITIVE', 'confidence': 1}","{'sentiment': 'POSITIVE', 'confidence': 0.9}","{'sentiment': 'POSITIVE', 'confidence': 1}"
954,"{'sentiment': 'NEGATIVE', 'confidence': 1.0}","{'sentiment': 'NEGATIVE', 'confidence': 0.67}","{'sentiment': 'POSITIVE', 'confidence': 1}"
955,"{'sentiment': 'NEUTRAL', 'confidence': 0.8}","{'sentiment': 'NEGATIVE', 'confidence': 0.8}","{'sentiment': 'NEGATIVE', 'confidence': 0.7}"
956,"{'sentiment': 'NEGATIVE', 'confidence': 1.0}","{'sentiment': 'NEGATIVE', 'confidence': 0.8}","{'sentiment': 'NEGATIVE', 'confidence': 0.8}"
957,"{'sentiment': 'NEGATIVE', 'confidence': 0.99}","{'sentiment': 'POSITIVE', 'confidence': 0.9}","{'sentiment': 'NEGATIVE', 'confidence': 0.8}"
958,"{'sentiment': 'POSITIVE', 'confidence': 0.99}","{'sentiment': 'POSITIVE', 'confidence': 0.9}","{'sentiment': 'POSITIVE', 'confidence': 1}"
959,"{'sentiment': 'NEGATIVE', 'confidence': 0.99}","{'sentiment': 'NEGATIVE', 'confidence': 0.8}","{'sentiment': 'NEGATIVE', 'confidence': 0.7}"
960,"{'sentiment': 'POSITIVE', 'confidence': 1.0}","{'sentiment': 'POSITIVE', 'confidence': 0.9}","{'sentiment': 'POSITIVE', 'confidence': 1}"
961,"{'sentiment': 'NEUTRAL', 'confidence': 0.5}","{'sentiment': 'NEGATIVE', 'confidence': 0.3}","{'sentiment': 'NEGATIVE', 'confidence': 0.7}"
962,"{'sentiment': 'NEUTRAL', 'confidence': 0.65}","{'sentiment': 'NEGATIVE', 'confidence': 0.9}","{'sentiment': 'NEGATIVE', 'confidence': 0.7}"
963,"{'sentiment': 'NEGATIVE', 'confidence': '0.99'}","{'sentiment': 'NEGATIVE', 'confidence': 0.8}","{'sentiment': 'NEGATIVE', 'confidence': 0.95}"
964,"{'sentiment': 'NEGATIVE', 'confidence': 0.8}","{'sentiment': 'POSITIVE', 'confidence': 0.9}","{'sentiment': 'POSITIVE', 'confidence': 0.8}"
965,"{'sentiment': 'NEUTRAL', 'confidence': 1.0}","{'sentiment': 'NEUTRAL', 'confidence': 0.0}","{'sentiment': 'NEGATIVE', 'confidence': 0.8}"
966,"{'sentiment': 'NEGATIVE', 'confidence': 0.95}","{'sentiment': 'NEGATIVE', 'confidence': 0.95}","{'sentiment': 'NEGATIVE', 'confidence': 0.8}"
967,"{'sentiment': 'NEUTRAL', 'confidence': 0.5}","{'sentiment': 'NEGATIVE', 'confidence': 0.8}","{'sentiment': 'NEGATIVE', 'confidence': 0.8}"
968,"{'sentiment': 'NEGATIVE', 'confidence': 1.0}","{'sentiment': 'NEUTRAL', 'confidence': 0.7}","{'sentiment': 'NEGATIVE', 'confidence': 0.85}"
969,"{'sentiment': 'POSITIVE', 'confidence': 0.99}","{'sentiment': 'POSITIVE', 'confidence': 0.8}","{'sentiment': 'NEUTRAL', 'confidence': 0.7}"
970,"{'sentiment': 'NEUTRAL', 'confidence': 0.5}","{'sentiment': 'POSITIVE', 'confidence': 0.9}","{'sentiment': 'NEGATIVE', 'confidence': 0.8}"
971,"{'sentiment': 'NEUTRAL', 'confidence': 0.87}","{'sentiment': 'POSITIVE', 'confidence': 0.8}","{'sentiment': 'NEGATIVE', 'confidence': 0.8}"
972,"{'sentiment': 'NEUTRAL', 'confidence': 0.4}","{'sentiment': 'NEGATIVE', 'confidence': 0.8}","{'sentiment': 'NEGATIVE', 'confidence': 0.8}"
973,"{'sentiment': 'NEUTRAL', 'confidence': 1.0}","{'sentiment': 'NEUTRAL', 'confidence': 0.33}","{'sentiment': 'NEGATIVE', 'confidence': 0.8}"
974,"{'sentiment': 'POSITIVE', 'confidence': 0.95}","{'sentiment': 'POSITIVE', 'confidence': 0.9}","{'sentiment': 'POSITIVE', 'confidence': 0.95}"
975,"{'sentiment': 'NEUTRAL', 'confidence': 1.0}","{'sentiment': 'NEUTRAL', 'confidence': 0.8}","{'sentiment': 'NEGATIVE', 'confidence': 0.8}"
976,"{'sentiment': 'NEGATIVE', 'confidence': 0.99}","{'sentiment': 'NEGATIVE', 'confidence': 0.95}","{'sentiment': 'NEGATIVE', 'confidence': 0.8}"
977,"{'sentiment': 'NEGATIVE', 'confidence': 1.0}","{'sentiment': 'NEGATIVE', 'confidence': 0.8}","{'sentiment': 'NEGATIVE', 'confidence': 0.7}"
978,"{'sentiment': 'NEUTRAL', 'confidence': 0.5}","{'sentiment': 'NEGATIVE', 'confidence': 0.8}","{'sentiment': 'POSITIVE', 'confidence': 1}"
979,"{'sentiment': 'POSITIVE', 'confidence': 0.95}","{'sentiment': 'POSITIVE', 'confidence': 0.9}","{'sentiment': 'POSITIVE', 'confidence': 1}"
980,"{'sentiment': 'NEGATIVE', 'confidence': 0.95}","{'sentiment': 'NEGATIVE', 'confidence': 0.8}","{'sentiment': 'NEGATIVE', 'confidence': 0.8}"
981,"{'sentiment': 'NEGATIVE', 'confidence': 0.99}","{'sentiment': 'NEGATIVE', 'confidence': 0.8}","{'sentiment': 'NEGATIVE', 'confidence': 0.8}"
982,"{'sentiment': 'POSITIVE', 'confidence': 0.95}","{'sentiment': 'POSITIVE', 'confidence': 0.9}","{'sentiment': 'POSITIVE', 'confidence': 0.8}"
983,"{'sentiment': 'POSITIVE', 'confidence': 1.0}","{'sentiment': 'POSITIVE', 'confidence': 0.9}","{'sentiment': 'POSITIVE', 'confidence': 1}"
984,"{'sentiment': 'POSITIVE', 'confidence': 0.95}","{'sentiment': 'NEUTRAL', 'confidence': 0.3}","{'sentiment': 'POSITIVE', 'confidence': 0.95}"
985,"{'sentiment': 'NEUTRAL', 'confidence': 0.7}","{'sentiment': 'NEUTRAL', 'confidence': 0.6}","{'sentiment': 'NEGATIVE', 'confidence': 0.3}"
986,"{'sentiment': 'NEGATIVE', 'confidence': 0.95}","{'sentiment': 'NEGATIVE', 'confidence': 0.8}","{'sentiment': 'NEGATIVE', 'confidence': 0.8}"
987,"{'sentiment': 'NEUTRAL', 'confidence': 0.85}","{'sentiment': 'POSITIVE', 'confidence': 0.9}","{'sentiment': 'POSITIVE', 'confidence': 0.95}"
988,"{'sentiment': 'POSITIVE', 'confidence': 0.99}","{'sentiment': 'POSITIVE', 'confidence': 0.8}","{'sentiment': 'POSITIVE', 'confidence': 0.8}"
989,"{'sentiment': 'POSITIVE', 'confidence': 0.95}","{'sentiment': 'POSITIVE', 'confidence': 0.9}","{'sentiment': 'NEGATIVE', 'confidence': 0.5}"
990,"{'sentiment': 'NEUTRAL', 'confidence': 0.9}","{'sentiment': 'POSITIVE', 'confidence': 0.8}","{'sentiment': 'NEGATIVE', 'confidence': 0.8}"
991,"{'sentiment': 'NEGATIVE', 'confidence': 0.95}","{'sentiment': 'POSITIVE', 'confidence': 0.8}","{'sentiment': 'NEGATIVE', 'confidence': 0.8}"
992,"{'sentiment': 'POSITIVE', 'confidence': 1.0}","{'sentiment': 'POSITIVE', 'confidence': 0.8}","{'sentiment': 'POSITIVE', 'confidence': 1}"
993,"{'sentiment': 'NEGATIVE', 'confidence': 0.95}","{'sentiment': 'NEGATIVE', 'confidence': 0.8}","{'sentiment': 'NEGATIVE', 'confidence': 0.8}"
994,"{'sentiment': 'POSITIVE', 'confidence': 1.0}","{'sentiment': 'POSITIVE', 'confidence': 0.9}","{'sentiment': 'POSITIVE', 'confidence': 1}"
995,"{'sentiment': 'POSITIVE', 'confidence': 0.95}","{'sentiment': 'POSITIVE', 'confidence': 0.9}","{'sentiment': 'POSITIVE', 'confidence': 0.9}"
996,"{'sentiment': 'POSITIVE', 'confidence': 1.0}","{'sentiment': 'POSITIVE', 'confidence': 0.95}","{'sentiment': 'POSITIVE', 'confidence': 1}"
997,"{'sentiment': 'POSITIVE', 'confidence': 0.95}","{'sentiment': 'POSITIVE', 'confidence': 0.9}","{'sentiment': 'POSITIVE', 'confidence': 0.95}"
998,"{'sentiment': 'NEUTRAL', 'confidence': 0.85}","{'sentiment': 'NEUTRAL', 'confidence': 0.85}","{'sentiment': 'NEGATIVE', 'confidence': 0.8}"
999,"{'sentiment': 'POSITIVE', 'confidence': 1}","{'sentiment': 'POSITIVE', 'confidence': 0.9}","{'sentiment': 'NEGATIVE', 'confidence': 0.7}"
1000,"{'sentiment': 'POSITIVE', 'confidence': 1.0}","{'sentiment': 'POSITIVE', 'confidence': 0.95}","{'sentiment': 'POSITIVE', 'confidence': 0.95}"
1001,"{'sentiment': 'NEUTRAL', 'confidence': 0.7}","{'sentiment': 'POSITIVE', 'confidence': 0.8}","{'sentiment': 'NEGATIVE', 'confidence': 0.8}"
1002,"{'sentiment': 'POSITIVE', 'confidence': 1.0}","{'sentiment': 'POSITIVE', 'confidence': 0.8}","{'sentiment': 'POSITIVE', 'confidence': 1}"
1003,"{'sentiment': 'NEGATIVE', 'confidence': 0.8}","{'sentiment': 'NEGATIVE', 'confidence': 0.8}","{'sentiment': 'NEGATIVE', 'confidence': 0.8}"
1004,"{'sentiment': 'POSITIVE', 'confidence': 0.75}","{'sentiment': 'NEUTRAL', 'confidence': 0.7}","{'sentiment': 'NEGATIVE', 'confidence': 0.7}"
1005,"{'sentiment': 'NEGATIVE', 'confidence': 0.9}","{'sentiment': 'NEGATIVE', 'confidence': 0.8}","{'sentiment': 'NEGATIVE', 'confidence': 0.8}"
1006,"{'sentiment': 'NEGATIVE', 'confidence': 1}","{'sentiment': 'NEGATIVE', 'confidence': 0.9}","{'sentiment': 'NEGATIVE', 'confidence': 0.8}"
1007,"{'sentiment': 'NEUTRAL', 'confidence': 0.65}","{'sentiment': 'POSITIVE', 'confidence': 0.8}","{'sentiment': 'NEGATIVE', 'confidence': 0.7}"
1008,"{'sentiment': 'NEUTRAL', 'confidence': 1}","{'sentiment': 'NEUTRAL', 'confidence': 0.67}","{'sentiment': 'NEGATIVE', 'confidence': 0.8}"
1009,"{'sentiment': 'POSITIVE', 'confidence': 1.0}","{'sentiment': 'POSITIVE', 'confidence': 0.9}","{'sentiment': 'POSITIVE', 'confidence': 1}"
1010,"{'sentiment': 'POSITIVE', 'confidence': 0.95}","{'sentiment': 'POSITIVE', 'confidence': 0.9}","{'sentiment': 'POSITIVE', 'confidence': 0.8}"
1011,"{'sentiment': 'NEGATIVE', 'confidence': 1}","{'sentiment': 'NEGATIVE', 'confidence': 0.9}","{'sentiment': 'NEGATIVE', 'confidence': 0.8}"
1012,"{'sentiment': 'NEUTRAL', 'confidence': 1.0}","{'sentiment': 'NEGATIVE', 'confidence': 0.8}","{'sentiment': 'NEGATIVE', 'confidence': 0.8}"
1013,"{'sentiment': 'NEUTRAL', 'confidence': 0.75}","{'sentiment': 'POSITIVE', 'confidence': 0.9}","{'sentiment': 'NEGATIVE', 'confidence': 0.5}"
1014,"{'sentiment': 'POSITIVE', 'confidence': 1.0}","{'sentiment': 'POSITIVE', 'confidence': 0.9}","{'sentiment': 'POSITIVE', 'confidence': 1}"
1015,"{'sentiment': 'NEGATIVE', 'confidence': 1.0}","{'sentiment': 'NEGATIVE', 'confidence': 0.8}","{'sentiment': 'NEGATIVE', 'confidence': 0.2}"
1016,"{'sentiment': 'POSITIVE', 'confidence': 0.95}","{'sentiment': 'POSITIVE', 'confidence': 0.9}","{'sentiment': 'POSITIVE', 'confidence': 0.95}"
1017,"{'sentiment': 'NEUTRAL', 'confidence': 0.6}","{'sentiment': 'NEGATIVE', 'confidence': 0.8}","{'sentiment': 'POSITIVE', 'confidence': 0.8}"
1018,"{'sentiment': 'POSITIVE', 'confidence': 1.0}","{'sentiment': 'POSITIVE', 'confidence': 0.9}","{'sentiment': 'POSITIVE', 'confidence': 0.95}"
1019,"{'sentiment': 'NEGATIVE', 'confidence': 1}","{'sentiment': 'NEGATIVE', 'confidence': 0.8}","{'sentiment': 'NEGATIVE', 'confidence': 0.8}"
1020,"{'sentiment': 'POSITIVE', 'confidence': 0.98}","{'sentiment': 'POSITIVE', 'confidence': 0.9}","{'sentiment': 'NEGATIVE', 'confidence': 0.8}"
1021,"{'sentiment': 'NEUTRAL', 'confidence': 0.7}","{'sentiment': 'NEGATIVE', 'confidence': 0.8}","{'sentiment': 'NEGATIVE', 'confidence': 0.8}"
1022,"{'sentiment': 'NEGATIVE', 'confidence': 1.0}","{'sentiment': 'NEGATIVE', 'confidence': 0.9}","{'sentiment': 'NEGATIVE', 'confidence': 0.8}"
1023,"{'sentiment': 'NEUTRAL', 'confidence': 0.99}","{'sentiment': 'NEGATIVE', 'confidence': 0.8}","{'sentiment': 'NEGATIVE', 'confidence': 0.8}"
1024,"{'sentiment': 'NEGATIVE', 'confidence': 0.95}","{'sentiment': 'NEGATIVE', 'confidence': 0.9}","{'sentiment': 'NEGATIVE', 'confidence': 0.8}"
1025,"{'sentiment': 'MIXED', 'confidence': 0.65}","{'sentiment': 'NEGATIVE', 'confidence': 0.8}","{'sentiment': 'NEGATIVE', 'confidence': 0.8}"
1026,"{'sentiment': 'NEUTRAL', 'confidence': 0.7}","{'sentiment': 'NEUTRAL', 'confidence': 0.6}","{'sentiment': 'NEUTRAL', 'confidence': 0.7}"
1027,"{'sentiment': 'POSITIVE', 'confidence': 1.0}","{'sentiment': 'POSITIVE', 'confidence': 0.95}","{'sentiment': 'POSITIVE', 'confidence': 1}"
1028,"{'sentiment': 'POSITIVE', 'confidence': 0.95}","{'sentiment': 'NEUTRAL', 'confidence': 0.2}","{'sentiment': 'POSITIVE', 'confidence': 0.8}"
1029,"{'sentiment': 'POSITIVE', 'confidence': 1.0}","{'sentiment': 'POSITIVE', 'confidence': 0.9}","{'sentiment': 'POSITIVE', 'confidence': 1}"
1030,"{'sentiment': 'POSITIVE', 'confidence': 0.95}","{'sentiment': 'POSITIVE', 'confidence': 0.9}","{'sentiment': 'POSITIVE', 'confidence': 1}"
1031,"{'sentiment': 'NEGATIVE', 'confidence': 0.8}","{'sentiment': 'NEGATIVE', 'confidence': 0.8}","{'sentiment': 'POSITIVE', 'confidence': 1}"
1032,"{'sentiment': 'NEGATIVE', 'confidence': 1}","{'sentiment': 'NEGATIVE', 'confidence': 0.9}","{'sentiment': 'NEGATIVE', 'confidence': 0.6}"
1033,"{'sentiment': 'NEGATIVE', 'confidence': 1}","{'sentiment': 'NEGATIVE', 'confidence': 0.8}","{'sentiment': 'NEGATIVE', 'confidence': 0.8}"
1034,"{'sentiment': 'NEGATIVE', 'confidence': 0.95}","{'sentiment': 'NEGATIVE', 'confidence': 0.8}","{'sentiment': 'NEGATIVE', 'confidence': 0.8}"
1035,"{'sentiment': 'POSITIVE', 'confidence': 0.9}","{'sentiment': 'NEGATIVE', 'confidence': 0.8}","{'sentiment': 'NEGATIVE', 'confidence': 0.8}"
1036,"{'sentiment': 'POSITIVE', 'confidence': 0.85}","{'sentiment': 'POSITIVE', 'confidence': 0.9}","{'sentiment': 'POSITIVE', 'confidence': 1}"
1037,"{'sentiment': 'POSITIVE', 'confidence': 0.95}","{'sentiment': 'POSITIVE', 'confidence': 0.9}","{'sentiment': 'POSITIVE', 'confidence': 1}"
1038,"{'sentiment': 'POSITIVE', 'confidence': 1.0}","{'sentiment': 'POSITIVE', 'confidence': 0.8}","{'sentiment': 'POSITIVE', 'confidence': 1}"
1039,"{'sentiment': 'NEGATIVE', 'confidence': 0.8}","{'sentiment': 'NEGATIVE', 'confidence': 0.8}","{'sentiment': 'NEGATIVE', 'confidence': 0.8}"
1040,"{'sentiment': 'NEUTRAL', 'confidence': 0.8}","{'sentiment': 'POSITIVE', 'confidence': 0.8}","{'sentiment': 'POSITIVE', 'confidence': 1}"
1041,"{'sentiment': 'NEGATIVE', 'confidence': 1.0}","{'sentiment': 'NEGATIVE', 'confidence': 0.9}","{'sentiment': 'NEGATIVE', 'confidence': 0.8}"
1042,"{'sentiment': 'NEGATIVE', 'confidence': 1.0}","{'sentiment': 'NEGATIVE', 'confidence': 0.8}","{'sentiment': 'NEUTRAL', 'confidence': 0.5}"
1043,"{'sentiment': 'POSITIVE', 'confidence': 0.85}","{'sentiment': 'POSITIVE', 'confidence': 0.8}","{'sentiment': 'NEGATIVE', 'confidence': 0.8}"
1044,"{'sentiment': 'NEUTRAL', 'confidence': 0.5}","{'sentiment': 'POSITIVE', 'confidence': 0.8}","{'sentiment': 'NEGATIVE', 'confidence': 0.8}"
1045,"{'sentiment': 'NEGATIVE', 'confidence': 0.8}","{'sentiment': 'NEGATIVE', 'confidence': 0.8}","{'sentiment': 'NEGATIVE', 'confidence': 0.2}"
1046,"{'sentiment': 'POSITIVE', 'confidence': 0.95}","{'sentiment': 'POSITIVE', 'confidence': 0.9}","{'sentiment': 'POSITIVE', 'confidence': 0.8}"
1047,"{'sentiment': 'POSITIVE', 'confidence': 1.0}","{'sentiment': 'POSITIVE', 'confidence': 0.9}","{'sentiment': 'POSITIVE', 'confidence': 1}"
1048,"{'sentiment': 'NEUTRAL', 'confidence': 1.0}","{'sentiment': 'NEUTRAL', 'confidence': 0.8}","{'sentiment': 'NEGATIVE', 'confidence': 0.8}"
1049,"{'sentiment': 'NEGATIVE', 'confidence': 0.9}","{'sentiment': 'NEGATIVE', '_score': 0.5}","{'sentiment': 'NEGATIVE', 'confidence': 0.7}"
1050,"{'sentiment': 'POSITIVE', 'confidence': 0.85}","{'sentiment': 'NEGATIVE', 'confidence': 0.8}","{'sentiment': 'NEGATIVE', 'confidence': 0.8}"
1051,"{'sentiment': 'NEUTRAL', 'confidence': 0.8}","{'sentiment': 'NEGATIVE', 'confidence': 0.8}","{'sentiment': 'NEGATIVE', 'confidence': 0.8}"
1052,"{'sentiment': 'NEGATIVE', 'confidence': 0.99}","{'sentiment': 'NEGATIVE', 'confidence': 0.9}","{'sentiment': 'NEGATIVE', 'confidence': 0.75}"
1053,"{'sentiment': 'NEUTRAL', 'confidence': 1}","{'sentiment': 'NEGATIVE', 'confidence': 0.8}","{'sentiment': 'NEGATIVE', 'confidence': 0.8}"
1054,"{'sentiment': 'NEUTRAL', 'confidence': 0.5}","{'sentiment': 'NEGATIVE', 'confidence': 0.8}","{'sentiment': 'POSITIVE', 'confidence': 1}"
1055,"{'sentiment': 'NEGATIVE', 'confidence': 0.95}","{'sentiment': 'NEGATIVE', 'confidence': 0.9}","{'sentiment': 'NEGATIVE', 'confidence': 0.8}"
1056,"{'sentiment': 'POSITIVE', 'confidence': 0.95}","{'sentiment': 'POSITIVE', 'confidence': 0.9}","{'sentiment': 'POSITIVE', 'confidence': 0.8}"
1057,"{'sentiment': 'NEGATIVE', 'confidence': 1.0}","{'sentiment': 'NEGATIVE', 'confidence': 0.8}","{'sentiment': 'NEGATIVE', 'confidence': 0.8}"
1058,"{'sentiment': 'NEGATIVE', 'confidence': 0.99}","{'sentiment': 'NEGATIVE', 'confidence': 0.8}","{'sentiment': 'NEGATIVE', 'confidence': 0.8}"
1059,"{'sentiment': 'NEGATIVE', 'confidence': 0.95}","{'sentiment': 'NEGATIVE', 'confidence': 0.8}","{'sentiment': 'NEGATIVE', 'confidence': 0.2}"
1060,"{'sentiment': 'NEUTRAL', 'confidence': 0.75}","{'sentiment': 'NEGATIVE', 'confidence': 0.8}","{'sentiment': 'NEGATIVE', 'confidence': 0.8}"
1061,"{'sentiment': 'NEGATIVE', 'confidence': 0.85}","{'sentiment': 'NEGATIVE', 'confidence': 0.9}","{'sentiment': 'NEGATIVE', 'confidence': 0.85}"
1062,"{'sentiment': 'POSITIVE', 'confidence': 0.95}","{'sentiment': 'POSITIVE', 'confidence': 0.9}","{'sentiment': 'POSITIVE', 'confidence': 0.95}"
1063,"{'sentiment': 'NEGATIVE', 'confidence': 0.95}","{'sentiment': 'NEGATIVE', 'confidence': 0.9}","{'sentiment': 'NEGATIVE', 'confidence': 0.8}"
1064,"{'sentiment': 'NEGATIVE', 'confidence': 1.0}","{'sentiment': 'NEGATIVE', 'confidence': 0.8}","{'sentiment': 'NEGATIVE', 'confidence': 0.7}"
1065,"{'sentiment': 'NEGATIVE', 'confidence': 0.99}","{'sentiment': 'NEGATIVE', 'confidence': 0.9}","{'sentiment': 'NEGATIVE', 'confidence': 0.8}"
1066,"{'sentiment': 'POSITIVE', 'confidence': 1}","{'sentiment': 'POSITIVE', 'confidence': 0.9}","{'sentiment': 'Negative', 'confidence': 0.8}"
1067,"{'sentiment': 'POSITIVE', 'confidence': 0.85}","{'sentiment': 'NEGATIVE', 'confidence': 0.2}","{'sentiment': 'POSITIVE', 'confidence': 0.8}"
1068,"{'sentiment': 'POSITIVE', 'confidence': 1.0}","{'sentiment': 'POSITIVE', 'confidence': 0.95}","{'sentiment': 'POSITIVE', 'confidence': 1}"
1069,"{'sentiment': 'NEUTRAL', 'confidence': 0.8}","{'sentiment': 'POSITIVE', 'confidence': 0.8}","{'sentiment': 'NEGATIVE', 'confidence': 0.3}"
1070,"{'sentiment': 'NEGATIVE', 'confidence': 1.0}","{'sentiment': 'NEGATIVE', 'confidence': 0.8}","{'sentiment': 'NEGATIVE', 'confidence': 0.8}"
1071,"{'sentiment': 'NEGATIVE', 'confidence': 0.85}","{'sentiment': 'NEGATIVE', 'confidence': 0.9}","{'sentiment': 'NEGATIVE', 'confidence': 0.8}"
1072,"{'sentiment': 'POSITIVE', 'confidence': 0.8}","{'sentiment': 'POSITIVE', 'confidence': 0.9}","{'sentiment': 'NEGATIVE', 'confidence': 0.8}"
1073,"{'sentiment': 'POSITIVE', 'confidence': 0.8}","{'sentiment': 'NEGATIVE', 'confidence': 0.9}","{'sentiment': 'NEGATIVE', 'confidence': 0.7}"
1074,"{'sentiment': 'NEUTRAL', 'confidence': 0.8}","{'sentiment': 'NEUTRAL', 'confidence': 0.3333333333333333}","{'sentiment': 'NEGATIVE', 'confidence': 0.8}"
1075,"{'sentiment': 'NEUTRAL', 'confidence': 0.5}","{'sentiment': 'NEGATIVE', 'confidence': 0.9}","{'sentiment': 'NEGATIVE', 'confidence': 0.95}"
1076,"{'sentiment': 'NEGATIVE', 'confidence': 0.9}","{'sentiment': 'NEGATIVE', 'confidence': 0.8}","{'sentiment': 'NEGATIVE', 'confidence': 0.8}"
1077,"{'sentiment': 'NEUTRAL', 'confidence': 0.8}","{'sentiment': 'POSITIVE', 'confidence': 0.9}","{'sentiment': 'NEGATIVE', 'confidence': 0.8}"
1078,"{'sentiment': 'POSITIVE', 'confidence': 0.95}","{'sentiment': 'NEGATIVE', 'confidence': 0.8}","{'sentiment': 'NEGATIVE', 'confidence': 0.8}"
1079,"{'sentiment': 'POSITIVE', 'confidence': 0.95}","{'sentiment': 'POSITIVE', 'confidence': 0.9}","{'sentiment': 'POSITIVE', 'confidence': 1}"
1080,"{'sentiment': 'POSITIVE', 'confidence': 1.0}","{'sentiment': 'POSITIVE', 'confidence': 0.9}","{'sentiment': 'POSITIVE', 'confidence': 0.8}"
1081,"{'sentiment': 'NEGATIVE', 'confidence': 1.0}","{'sentiment': 'NEGATIVE', 'confidence': 0.8}","{'sentiment': 'NEGATIVE', 'confidence': 0.8}"
1082,"{'sentiment': 'POSITIVE', 'confidence': 1.0}","{'sentiment': 'POSITIVE', 'confidence': 0.9}","{'sentiment': 'POSITIVE', 'confidence': 1}"
1083,"{'sentiment': 'NEGATIVE', 'confidence': 1.0}","{'sentiment': 'NEGATIVE', 'confidence': 0.8}","{'sentiment': 'NEGATIVE', 'confidence': 0.8}"
1084,"{'sentiment': 'NEGATIVE', 'confidence': 1.0}","{'sentiment': 'NEGATIVE', 'confidence': 0.8}","{'sentiment': 'NEGATIVE', 'confidence': 0.7}"
1085,"{'sentiment': 'NEUTRAL', 'confidence': 0.3}","{'sentiment': 'NEUTRAL', 'confidence': 0.7}","{'sentiment': 'POSITIVE', 'confidence': 0.8}"
1086,"{'sentiment': 'POSITIVE', 'confidence': 0.99}","{'sentiment': 'POSITIVE', 'confidence': 0.9}","{'sentiment': 'POSITIVE', 'confidence': 0.95}"
1087,"{'sentiment': 'POSITIVE', 'confidence': 1.0}","{'sentiment': 'POSITIVE', 'confidence': 0.8}","{'sentiment': 'NEGATIVE', 'confidence': 0.7}"
1088,"{'sentiment': 'NEGATIVE', 'confidence': 0.95}","{'sentiment': 'NEGATIVE', 'confidence': 0.8}","{'sentiment': 'NEGATIVE', 'confidence': 0.8}"
1089,"{'sentiment': 'POSITIVE', 'confidence': 1.0}","{'sentiment': 'POSITIVE', 'confidence': 0.8}","{'sentiment': 'POSITIVE', 'confidence': 0.95}"
1090,"{'sentiment': 'NEUTRAL', 'confidence': 1}","{'sentiment': 'POSITIVE', 'confidence': 0.5}","{'sentiment': 'NEGATIVE', 'confidence': 0.2}"
1091,"{'sentiment': 'POSITIVE', 'confidence': 0.95}","{'sentiment': 'POSITIVE', 'confidence': 0.9}","{'sentiment': 'POSITIVE', 'confidence': 1}"
1092,"{'sentiment': 'NEUTRAL', 'confidence': 0.7}","{'sentiment': 'NEGATIVE', 'confidence': 0.8}","{'sentiment': 'NEGATIVE', 'confidence': 0.6}"
1093,"{'sentiment': 'NEGATIVE', 'confidence': 0.9}","{'sentiment': 'NEGATIVE', 'confidence': 0.8}","{'sentiment': 'NEGATIVE', 'confidence': 0.8}"
1094,"{'sentiment': 'POSITIVE', 'confidence': 1.0}","{'sentiment': 'POSITIVE', 'confidence': 0.9}","{'sentiment': 'POSITIVE', 'confidence': 1}"
1095,"{'sentiment': 'NEGATIVE', 'confidence': 0.9}","{'sentiment': 'NEGATIVE', 'confidence': 0.8}","{'sentiment': 'NEGATIVE', 'confidence': 0.3}"
1096,"{'sentiment': 'POSITIVE', 'confidence': 0.75}","{'sentiment': 'POSITIVE', 'confidence': 0.9}","{'sentiment': 'POSITIVE', 'confidence': 0.85}"
1097,"{'sentiment': 'NEUTRAL', 'confidence': 1}","{'sentiment': 'NEUTRAL', 'confidence': 0.67}","{'sentiment': 'NEGATIVE', 'confidence': 0.8}"
1098,"{'sentiment': 'POSITIVE', 'confidence': 0.8}","{'sentiment': 'POSITIVE', 'confidence': 0.9}","{'sentiment': 'POSITIVE', 'confidence': 0.8}"
1099,"{'sentiment': 'NEUTRAL', 'confidence': 1.0}","{'sentiment': 'NEUTRAL', 'confidence': 0.6}","{'sentiment': 'NEGATIVE', 'confidence': 0.75}"
1100,"{'sentiment': 'NEGATIVE', 'confidence': 0.75}","{'sentiment': 'NEGATIVE', 'confidence': 0.8}","{'sentiment': 'NEGATIVE', 'confidence': 0.8}"
1101,"{'sentiment': 'POSITIVE', 'confidence': 1.0}","{'sentiment': 'NEGATIVE', 'confidence': 0.8}","{'sentiment': 'POSITIVE', 'confidence': 1}"
1102,"{'sentiment': 'NEGATIVE', 'confidence': 0.9}","{'sentiment': 'NEGATIVE', 'confidence': 0.8}","{'sentiment': 'NEGATIVE', 'confidence': 0.8}"
1103,"{'sentiment': 'POSITIVE', 'confidence': 1.0}","{'sentiment': 'POSITIVE', 'confidence': 0.9}","{'sentiment': 'POSITIVE', 'confidence': 1}"
1104,"{'sentiment': 'NEGATIVE', 'confidence': 1.0}","{'sentiment': 'NEGATIVE', 'confidence': 0.9}","{'sentiment': 'NEGATIVE', 'confidence': 0.8}"
1105,"{'sentiment': 'NEGATIVE', 'confidence': 0.8}","{'sentiment': 'POSITIVE', 'confidence': 0.8}","{'sentiment': 'NEGATIVE', 'confidence': 0.8}"
1106,"{'sentiment': 'NEGATIVE', 'confidence': 0.95}","{'sentiment': 'POSITIVE', 'confidence': 0.9}","{'sentiment': 'NEGATIVE', 'confidence': 0.8}"
1107,"{'sentiment': 'POSITIVE', 'confidence': 1}","{'sentiment': 'POSITIVE', 'confidence': 0.9}","{'sentiment': 'POSITIVE', 'confidence': 1}"
1108,"{'sentiment': 'POSITIVE', 'confidence': 0.95}","{'sentiment': 'POSITIVE', 'confidence': 0.9}","{'sentiment': 'POSITIVE', 'confidence': 0.95}"
1109,"{'sentiment': 'POSITIVE', 'confidence': 0.95}","{'sentiment': 'POSITIVE', 'confidence': 0.9}","{'sentiment': 'POSITIVE', 'confidence': 1}"
1110,"{'sentiment': 'POSITIVE', 'confidence': 1.0}","{'sentiment': 'POSITIVE', 'confidence': 0.9}","{'sentiment': 'POSITIVE', 'confidence': 0.8}"
1111,"{'sentiment': 'NEGATIVE', 'confidence': 1.0}","{'sentiment': 'NEGATIVE', 'confidence': 0.8}","{'sentiment': 'NEGATIVE', 'confidence': 0.8}"
1112,"{'sentiment': 'POSITIVE', 'confidence': 0.95}","{'sentiment': 'POSITIVE', 'confidence': 0.9}","{'sentiment': 'NEUTRAL', 'confidence': 0.7}"
1113,"{'sentiment': 'NEUTRAL', 'confidence': 1.0}","{'sentiment': 'NEUTRAL', 'confidence': 0.5}","{'sentiment': 'NEGATIVE', 'confidence': 0.2}"
1114,"{'sentiment': 'POSITIVE', 'confidence': 0.95}","{'sentiment': 'POSITIVE', 'confidence': 0.8}","{'sentiment': 'NEGATIVE', 'confidence': 0.8}"
1115,"{'sentiment': 'POSITIVE', 'confidence': 1.0}","{'sentiment': 'NEGATIVE', 'confidence': 0.9}","{'sentiment': 'NEGATIVE', 'confidence': 0.8}"
1116,"{'sentiment': 'NEGATIVE', 'confidence': 0.95}","{'sentiment': 'NEGATIVE', 'confidence': 0.8}","{'sentiment': 'NEGATIVE', 'confidence': 0.8}"
1117,"{'sentiment': 'NEGATIVE', 'confidence': 0.8}","{'sentiment': 'NEGATIVE', 'confidence': 0.8}","{'sentiment': 'NEGATIVE', 'confidence': 0.8}"
1118,"{'sentiment': 'NEGATIVE', 'confidence': 0.8}","{'sentiment': 'NEGATIVE', 'confidence': 0.9}","{'sentiment': 'NEGATIVE', 'confidence': 0.8}"
1119,"{'sentiment': 'NEGATIVE', 'confidence': 0.75}","{'sentiment': 'NEGATIVE', 'confidence': 0.8}","{'sentiment': 'NEGATIVE', 'confidence': 0.8}"
1120,"{'sentiment': 'NEGATIVE', 'confidence': 0.9}","{'sentiment': 'NEGATIVE', 'confidence': 0.8}","{'sentiment': 'NEGATIVE', 'confidence': 0.8}"
1121,"{'sentiment': 'POSITIVE', 'confidence': 0.85}","{'sentiment': 'POSITIVE', 'confidence': 0.8}","{'sentiment': 'POSITIVE', 'confidence': 0.8}"
1122,"{'sentiment': 'NEGATIVE', 'confidence': 0.8}","{'sentiment': 'NEGATIVE', 'confidence': 0.8}","{'sentiment': 'NEGATIVE', 'confidence': 0.8}"
1123,"{'sentiment': 'NEGATIVE', 'confidence': 0.95}","{'sentiment': 'NEGATIVE', 'confidence': 0.8}","{'sentiment': 'NEGATIVE', 'confidence': 0.8}"
1124,"{'sentiment': 'POSITIVE', 'confidence': 0.8}","{'sentiment': 'POSITIVE', 'confidence': 0.8}","{'sentiment': 'POSITIVE', 'confidence': 1}"
1125,"{'sentiment': 'NEGATIVE', 'confidence': 1.0}","{'sentiment': 'NEGATIVE', 'confidence': 0.9}","{'sentiment': 'NEGATIVE', 'confidence': 0.8}"
1126,"{'sentiment': 'NEUTRAL', 'confidence': 1.0}","{'sentiment': 'POSITIVE', 'confidence': 0.8}","{'sentiment': 'NEGATIVE', 'confidence': 0.1}"
1127,"{'sentiment': 'NEGATIVE', 'confidence': 0.9}","{'sentiment': 'NEGATIVE', 'confidence': 0.8}","{'sentiment': 'negative', 'confidence': 0.8}"
1128,"{'sentiment': 'NEUTRAL', 'confidence': 1.0}","{'sentiment': 'POSITIVE', 'confidence': 0.8}","{'sentiment': 'NEUTRAL', 'confidence': 0.5}"
1129,"{'sentiment': 'POSITIVE', 'confidence': 1.0}","{'sentiment': 'POSITIVE', 'confidence': 0.9}","{'sentiment': 'POSITIVE', 'confidence': 1}"
1130,"{'sentiment': 'NEUTRAL', 'confidence': 0.8}","{'sentiment': 'POSITIVE', 'confidence': 0.8}","{'sentiment': 'NEGATIVE', 'confidence': 0.8}"
1131,"{'sentiment': 'POSITIVE', 'confidence': 1.0}","{'sentiment': 'POSITIVE', 'confidence': 0.9}","{'sentiment': 'POSITIVE', 'confidence': 0.95}"
1132,"{'sentiment': 'POSITIVE', 'confidence': 0.95}","{'sentiment': 'NEGATIVE', 'confidence': 0.9}","{'sentiment': 'NEGATIVE', 'confidence': 0.8}"
1133,"{'sentiment': 'POSITIVE', 'confidence': 1.0}","{'sentiment': 'POSITIVE', 'confidence': 0.8}","{'sentiment': 'POSITIVE', 'confidence': 1}"
1134,"{'sentiment': 'NEGATIVE', 'confidence': 0.95}","{'sentiment': 'NEGATIVE', 'confidence': 0.9}","{'sentiment': 'NEGATIVE', 'confidence': 0.8}"
1135,"{'sentiment': 'POSITIVE', 'confidence': 0.9}","{'sentiment': 'POSITIVE', 'confidence': 0.8}","{'sentiment': 'POSITIVE', 'confidence': 0.8}"
1136,"{'sentiment': 'POSITIVE', 'confidence': 0.95}","{'sentiment': 'POSITIVE', 'confidence': 0.8}","{'sentiment': 'POSITIVE', 'confidence': 1}"
1137,"{'sentiment': 'POSITIVE', 'confidence': 0.8}","{'sentiment': 'POSITIVE', 'confidence': 0.9}","{'sentiment': 'NEGATIVE', 'confidence': 0.8}"
1138,"{'sentiment': 'NEGATIVE', 'confidence': 1.0}","{'sentiment': 'NEGATIVE', 'confidence': 0.8}","{'sentiment': 'NEGATIVE', 'confidence': 0.95}"
1139,"{'sentiment': 'NEGATIVE', 'confidence': 1.0}","{'sentiment': 'NEGATIVE', 'confidence': 0.8}","{'sentiment': 'NEGATIVE', 'confidence': 0.8}"
1140,"{'sentiment': 'NEGATIVE', 'confidence': 0.8}","{'sentiment': 'NEGATIVE', 'confidence': 0.8}","{'sentiment': 'NEGATIVE', 'confidence': 0.8}"
1141,"{'sentiment': 'POSITIVE', 'confidence': 0.9}","{'sentiment': 'POSITIVE', 'confidence': 0.95}","{'sentiment': 'POSITIVE', 'confidence': 0.95}"
1142,"{'sentiment': 'NEUTRAL', 'confidence': 0.99}","{'sentiment': 'POSITIVE', 'confidence': 0.9}","{'sentiment': 'POSITIVE', 'confidence': 0.85}"
1143,"{'sentiment': 'NEGATIVE', 'confidence': 0.85}","{'sentiment': 'NEGATIVE', 'confidence': 0.8}","{'sentiment': 'NEGATIVE', 'confidence': 0.8}"
1144,"{'sentiment': 'POSITIVE', 'confidence': 0.99}","{'sentiment': 'POSITIVE', 'confidence': 0.95}","{'sentiment': 'POSITIVE', 'confidence': 0.95}"
1145,"{'sentiment': 'NEGATIVE', 'confidence': 0.95}","{'sentiment': 'NEGATIVE', 'confidence': 0.8}","{'sentiment': 'NEGATIVE', 'confidence': 0.8}"
1146,"{'sentiment': 'NEGATIVE', 'confidence': 0.95}","{'sentiment': 'NEGATIVE', 'confidence': 0.9}","{'sentiment': 'NEGATIVE', 'confidence': 0.8}"
1147,"{'sentiment': 'POSITIVE', 'confidence': 0.95}","{'sentiment': 'POSITIVE', 'confidence': 0.9}","{'sentiment': 'NEGATIVE', 'confidence': 0.7}"
1148,"{'sentiment': 'POSITIVE', 'confidence': 0.95}","{'sentiment': 'POSITIVE', 'confidence': 0.8}","{'sentiment': 'POSITIVE', 'confidence': 1}"
1149,"{'sentiment': 'POSITIVE', 'confidence': 1.0}","{'sentiment': 'POSITIVE', 'confidence': 0.8}","{'sentiment': 'POSITIVE', 'confidence': 1}"
1150,"{'sentiment': 'NEGATIVE', 'confidence': 0.8}","{'sentiment': 'NEGATIVE', 'confidence': 0.8}","{'sentiment': 'NEGATIVE', 'confidence': 0.5}"
1151,"{'sentiment': 'NEGATIVE', 'confidence': 1.0}","{'sentiment': 'NEGATIVE', 'confidence': 0.8}","{'sentiment': 'NEGATIVE', 'confidence': 0.7}"
1152,"{'sentiment': 'NEUTRAL', 'confidence': 0.7}","{'sentiment': 'NEUTRAL', 'confidence': 0.6}","{'sentiment': 'NEGATIVE', 'confidence': 0.6}"
1153,"{'sentiment': 'POSITIVE', 'confidence': 1}","{'sentiment': 'POSITIVE', 'confidence': 0.9}","{'sentiment': 'POSITIVE', 'confidence': 0.8}"
1154,"{'sentiment': 'NEUTRAL', 'confidence': 0.8}","{'sentiment': 'NEGATIVE', 'confidence': 0.7}","{'sentiment': 'NEGATIVE', 'confidence': 0.8}"
1155,"{'sentiment': 'POSITIVE', 'confidence': 1.0}","{'sentiment': 'POSITIVE', 'confidence': 0.9}","{'sentiment': 'POSITIVE', 'confidence': 1}"
1156,"{'sentiment': 'POSITIVE', 'confidence': 1.0}","{'sentiment': 'POSITIVE', 'confidence': 0.8}","{'sentiment': 'POSITIVE', 'confidence': 1}"
1157,"{'sentiment': 'NEGATIVE', 'confidence': 1.0}","{'sentiment': 'NEGATIVE', 'confidence': 0.9}","{'sentiment': 'NEGATIVE', 'confidence': 0.8}"
1158,"{'sentiment': 'POSITIVE', 'confidence': 0.95}","{'sentiment': 'POSITIVE', 'confidence': 0.9}","{'sentiment': 'POSITIVE', 'confidence': 0.8}"
1159,"{'sentiment': 'NEGATIVE', 'confidence': 0.95}","{'sentiment': 'NEGATIVE', 'confidence': 0.9}","{'sentiment': 'POSITIVE', 'confidence': 1}"
1160,"{'sentiment': 'NEUTRAL', 'confidence': 1.0}","{'sentiment': 'POSITIVE', 'confidence': 0.9}","{'sentiment': 'NEUTRAL', 'confidence': 0.5}"
1161,"{'sentiment': 'POSITIVE', 'confidence': 1.0}","{'sentiment': 'POSITIVE', 'confidence': 0.9}","{'sentiment': 'POSITIVE', 'confidence': 1}"
1162,"{'sentiment': 'POSITIVE', 'confidence': 0.8}","{'sentiment': 'NEGATIVE', 'confidence': 0.2}","{'sentiment': 'POSITIVE', 'confidence': 0.8}"
1163,"{'sentiment': 'NEGATIVE', 'confidence': 0.9}","{'sentiment': 'NEUTRAL', 'confidence': 0.6}","{'sentiment': 'NEGATIVE', 'confidence': 0.8}"
1164,"{'sentiment': 'NEGATIVE', 'confidence': 0.95}","{'sentiment': 'NEGATIVE', 'confidence': 0.8}","{'sentiment': 'NEGATIVE', 'confidence': 0.7}"
1165,"{'sentiment': 'NEGATIVE', 'confidence': 0.95}","{'sentiment': 'POSITIVE', 'confidence': 0.9}","{'sentiment': 'NEGATIVE', 'confidence': 0.8}"
1166,"{'sentiment': 'NEGATIVE', 'confidence': 0.8}","{'sentiment': 'NEGATIVE', 'confidence': 0.8}","{'sentiment': 'NEGATIVE', 'confidence': 0.7}"
1167,"{'sentiment': 'NEUTRAL', 'confidence': 0.95}","{'sentiment': 'POSITIVE', 'confidence': 0.5}","{'sentiment': 'NEGATIVE', 'confidence': 0.8}"
1168,"{'sentiment': 'POSITIVE', 'confidence': 1.0}","{'sentiment': 'POSITIVE', 'confidence': 0.9}","{'sentiment': 'POSITIVE', 'confidence': 1}"
1169,"{'sentiment': 'NEGATIVE', 'confidence': 0.96}","{'sentiment': 'NEGATIVE', 'confidence': 0.8}","{'sentiment': 'NEGATIVE', 'confidence': 0.8}"
1170,"{'sentiment': 'NEGATIVE', 'confidence': 0.99}","{'sentiment': 'NEGATIVE', 'confidence': 0.9}","{'sentiment': 'NEGATIVE', 'confidence': 0.7}"
1171,"{'sentiment': 'NEGATIVE', 'confidence': 0.95}","{'sentiment': 'NEGATIVE', 'confidence': 0.8}","{'sentiment': 'NEGATIVE', 'confidence': 0.8}"
1172,"{'sentiment': 'POSITIVE', 'confidence': 1.0}","{'sentiment': 'POSITIVE', 'confidence': 0.9}","{'sentiment': 'POSITIVE', 'confidence': 1}"
1173,"{'sentiment': 'NEGATIVE', 'confidence': 0.95}","{'sentiment': 'NEGATIVE', 'confidence': 0.8}","{'sentiment': 'NEGATIVE', 'confidence': 0.75}"
1174,"{'sentiment': 'NEGATIVE', 'confidence': 1.0}","{'sentiment': 'NEGATIVE', 'confidence': 0.9}","{'sentiment': 'NEGATIVE', 'confidence': 0.8}"
1175,"{'sentiment': 'NEGATIVE', 'confidence': 1.0}","{'sentiment': 'NEGATIVE', 'confidence': 0.8}","{'sentiment': 'NEGATIVE', 'confidence': 0.8}"
1176,"{'sentiment': 'POSITIVE', 'confidence': 1.0}","{'sentiment': 'POSITIVE', 'confidence': 0.9}","{'sentiment': 'POSITIVE', 'confidence': 1}"
1177,"{'sentiment': 'NEGATIVE', 'confidence': 1.0}","{'sentiment': 'NEGATIVE', 'confidence': 0.9}","{'sentiment': 'NEGATIVE', 'confidence': 0.9}"
1178,"{'sentiment': 'NEGATIVE', 'confidence': 0.98}","{'sentiment': 'NEGATIVE', 'confidence': 0.8}","{'sentiment': 'NEGATIVE', 'confidence': 0.8}"
1179,"{'sentiment': 'MIXED', 'confidence': 0.8}","{'sentiment': 'NEUTRAL', 'confidence': 0.7}","{'sentiment': 'Negative', 'confidence': 0.8}"
1180,"{'sentiment': 'NEGATIVE', 'confidence': 1.0}","{'sentiment': 'NEGATIVE', 'confidence': 0.8}","{'sentiment': 'NEGATIVE', 'confidence': 0.85}"
1181,"{'sentiment': 'NEGATIVE', 'confidence': 1.0}","{'sentiment': 'NEGATIVE', 'confidence': 0.8}","{'sentiment': 'NEGATIVE', 'confidence': 0.8}"
1182,"{'sentiment': 'NEGATIVE', 'confidence': 0.9}","{'sentiment': 'NEGATIVE', 'confidence': 0.8}","{'sentiment': 'NEGATIVE', 'confidence': 0.85}"
1183,"{'sentiment': 'POSITIVE', 'confidence': 0.92}","{'sentiment': 'POSITIVE', 'confidence': 0.8}","{'sentiment': 'POSITIVE', 'confidence': 1}"
1184,"{'sentiment': 'POSITIVE', 'confidence': 1.0}","{'sentiment': 'POSITIVE', 'confidence': 0.95}","{'sentiment': 'POSITIVE', 'confidence': 1}"
1185,"{'sentiment': 'NEGATIVE', 'confidence': 1.0}","{'sentiment': 'NEGATIVE', 'confidence': 0.8}","{'sentiment': 'NEGATIVE', 'confidence': 0.8}"
1186,"{'sentiment': 'NEUTRAL', 'confidence': 0.5}","{'sentiment': 'NEGATIVE', 'confidence': 0.6}","{'sentiment': 'NEGATIVE', 'confidence': 0.7}"
1187,"{'sentiment': 'POSITIVE', 'confidence': 1.0}","{'sentiment': 'POSITIVE', 'confidence': 0.8}","{'sentiment': 'POSITIVE', 'confidence': 1}"
1188,"{'sentiment': 'NEGATIVE', 'confidence': 1.0}","{'sentiment': 'POSITIVE', 'confidence': 0.8}","{'sentiment': 'NEGATIVE', 'confidence': 0.8}"
1189,"{'sentiment': 'NEGATIVE', 'confidence': 0.99}","{'sentiment': 'NEGATIVE', 'confidence': 0.8}","{'sentiment': 'NEGATIVE', 'confidence': 0.8}"
1190,"{'sentiment': 'NEGATIVE', 'confidence': 0.9}","{'sentiment': 'NEGATIVE', 'confidence': 0.9}","{'sentiment': 'NEGATIVE', 'confidence': 0.8}"
1191,"{'sentiment': 'NEGATIVE', 'confidence': 0.95}","{'sentiment': 'NEGATIVE', 'confidence': 0.9}","{'sentiment': 'NEGATIVE', 'confidence': 0.8}"
1192,"{'sentiment': 'NEUTRAL', 'confidence': 1.0}","{'sentiment': 'POSITIVE', 'confidence': 0.9}","{'sentiment': 'NEGATIVE', 'confidence': 0.8}"
1193,"{'sentiment': 'NEUTRAL', 'confidence': 0.97}","{'sentiment': 'NEUTRAL', 'confidence': 0.8}","{'sentiment': 'NEGATIVE', 'confidence': 0.7}"
1194,"{'sentiment': 'POSITIVE', 'confidence': 1.0}","{'sentiment': 'POSITIVE', 'confidence': 0.9}","{'sentiment': 'POSITIVE', 'confidence': 1}"
1195,"{'sentiment': 'POSITIVE', 'confidence': 1.0}","{'sentiment': 'POSITIVE', 'confidence': 0.9}","{'sentiment': 'POSITIVE', 'confidence': 1}"
1196,"{'sentiment': 'NEGATIVE', 'confidence': 1.0}","{'sentiment': 'NEGATIVE', 'confidence': 0.8}","{'sentiment': 'NEGATIVE', 'confidence': 0.8}"
1197,"{'sentiment': 'POSITIVE', 'confidence': 0.99}","{'sentiment': 'POSITIVE', 'confidence': 0.9}","{'sentiment': 'POSITIVE', 'confidence': 0.95}"
1198,"{'sentiment': 'NEUTRAL', 'confidence': 0.95}","{'sentiment': 'NEGATIVE', 'confidence': 0.8}","{'sentiment': 'NEGATIVE', 'confidence': 0.95}"
1199,"{'sentiment': 'POSITIVE', 'confidence': 1.0}","{'sentiment': 'POSITIVE', 'confidence': 0.95}","{'sentiment': 'POSITIVE', 'confidence': 1}"
1200,"{'sentiment': 'POSITIVE', 'confidence': 1.0}","{'sentiment': 'POSITIVE', 'confidence': 0.97}","{'sentiment': 'POSITIVE', 'confidence': 1}"
1201,"{'sentiment': 'NEGATIVE', 'confidence': 0.95}","{'sentiment': 'NEGATIVE', 'confidence': 0.8}","{'sentiment': 'NEGATIVE', 'confidence': 0.2}"
1202,"{'sentiment': 'NEGATIVE', 'confidence': 0.95}","{'sentiment': 'NEGATIVE', 'confidence': 0.9}","{'sentiment': 'NEGATIVE', 'confidence': 0.8}"
1203,"{'sentiment': 'NEGATIVE', 'confidence': 0.95}","{'sentiment': 'NEGATIVE', 'confidence': 0.8}","{'sentiment': 'NEGATIVE', 'confidence': 0.8}"
1204,"{'sentiment': 'POSITIVE', 'confidence': 1.0}","{'sentiment': 'POSITIVE', 'confidence': 0.9}","{'sentiment': 'POSITIVE', 'confidence': 1}"
1205,"{'sentiment': 'NEGATIVE', 'confidence': 0.95}","{'sentiment': 'POSITIVE', 'confidence': 0.8}","{'sentiment': 'NEGATIVE', 'confidence': 0.8}"
1206,"{'sentiment': 'POSITIVE', 'confidence': 0.95}","{'sentiment': 'POSITIVE', 'confidence': 0.9}","{'sentiment': 'POSITIVE', 'confidence': 0.8}"
1207,"{'sentiment': 'NEGATIVE', 'confidence': 0.85}","{'sentiment': 'POSITIVE', 'confidence': 0.8}","{'sentiment': 'NEGATIVE', 'confidence': 0.8}"
1208,"{'sentiment': 'NEGATIVE', 'confidence': 0.9}","{'sentiment': 'NEGATIVE', 'confidence': 0.8}","{'sentiment': 'NEGATIVE', 'confidence': 0.8}"
1209,"{'sentiment': 'POSITIVE', 'confidence': 0.95}","{'sentiment': 'POSITIVE', 'confidence': 0.8}","{'sentiment': 'POSITIVE', 'confidence': 1}"
1210,"{'sentiment': 'NEGATIVE', 'confidence': 1}","{'sentiment': 'NEGATIVE', 'confidence': 0.8}","{'sentiment': 'NEGATIVE', 'confidence': 0.95}"
1211,"{'sentiment': 'POSITIVE', 'confidence': 0.95}","{'sentiment': 'POSITIVE', 'confidence': 0.8}","{'sentiment': 'POSITIVE', 'confidence': 1}"
1212,"{'sentiment': 'POSITIVE', 'confidence': 0.95}","{'sentiment': 'NEGATIVE', 'confidence': 0.6}","{'sentiment': 'NEGATIVE', 'confidence': 0.2}"
1213,"{'sentiment': 'NEGATIVE', 'confidence': 1.0}","{'sentiment': 'NEGATIVE', 'confidence': 0.8}","{'sentiment': 'NEGATIVE', 'confidence': 0.8}"
1214,"{'sentiment': 'POSITIVE', 'confidence': 0.95}","{'sentiment': 'POSITIVE', 'confidence': 0.9}","{'sentiment': 'POSITIVE', 'confidence': 0.95}"
1215,"{'sentiment': 'POSITIVE', 'confidence': 0.75}","{'sentiment': 'NEGATIVE', 'confidence': 0.8}","{'sentiment': 'NEGATIVE', 'confidence': 0.8}"
1216,"{'sentiment': 'POSITIVE', 'confidence': 1.0}","{'sentiment': 'POSITIVE', 'confidence': 0.9}","{'sentiment': 'POSITIVE', 'confidence': 1}"
1217,"{'sentiment': 'POSITIVE', 'confidence': 0.95}","{'sentiment': 'POSITIVE', 'confidence': 0.8}","{'sentiment': 'NEGATIVE', 'confidence': 0.8}"
1218,"{'sentiment': 'NEGATIVE', 'confidence': 1.0}","{'sentiment': 'NEGATIVE', 'confidence': 0.95}","{'sentiment': 'NEGATIVE', 'confidence': 0.6}"
1219,"{'sentiment': 'POSITIVE', 'confidence': 1}","{'sentiment': 'POSITIVE', 'confidence': 0.8}","{'sentiment': 'POSITIVE', 'confidence': 1}"
1220,"{'sentiment': 'POSITIVE', 'confidence': 0.99}","{'sentiment': 'POSITIVE', 'confidence': 0.95}","{'sentiment': 'POSITIVE', 'confidence': 1}"
1221,"{'sentiment': 'POSITIVE', 'confidence': 0.95}","{'sentiment': 'POSITIVE', 'confidence': 0.9}","{'sentiment': 'POSITIVE', 'confidence': 0.95}"
1222,"{'sentiment': 'NEGATIVE', 'confidence': 1.0}","{'sentiment': 'NEGATIVE', 'confidence': 0.8}","{'sentiment': 'NEGATIVE', 'confidence': 0.8}"
1223,"{'sentiment': 'NEGATIVE', 'confidence': 1}","{'sentiment': 'NEGATIVE', 'confidence': 0.9}","{'sentiment': 'NEGATIVE', 'confidence': 0.7}"
1224,"{'sentiment': 'NEGATIVE', 'confidence': 1.0}","{'sentiment': 'NEGATIVE', 'confidence': 0.9}","{'sentiment': 'negative', 'confidence': 0.8}"
1225,"{'sentiment': 'NEGATIVE', 'confidence': 0.95}","{'sentiment': 'NEGATIVE', 'confidence': 0.9}","{'sentiment': 'NEGATIVE', 'confidence': 0.7}"
1226,"{'sentiment': 'NEUTRAL', 'confidence': 0.5}","{'sentiment': 'NEGATIVE', 'confidence': 0.9}","{'sentiment': 'NEGATIVE', 'confidence': 0.8}"
1227,"{'sentiment': 'NEUTRAL', 'confidence': 1.0}","{'sentiment': 'NEGATIVE', 'confidence': 0.5}","{'sentiment': 'NEGATIVE', 'confidence': 0.8}"
1228,"{'sentiment': 'POSITIVE', 'confidence': 1.0}","{'sentiment': 'POSITIVE', 'confidence': 0.8}","{'sentiment': 'POSITIVE', 'confidence': 1}"
1229,"{'sentiment': 'NEGATIVE', 'confidence': 0.95}","{'sentiment': 'NEGATIVE', 'confidence': 0.8}","{'sentiment': 'NEGATIVE', 'confidence': 0.8}"
1230,"{'sentiment': 'POSITIVE', 'confidence': 0.85}","{'sentiment': 'POSITIVE', 'confidence': 0.8}","{'sentiment': 'POSITIVE', 'confidence': 0.95}"
1231,"{'sentiment': 'POSITIVE', 'confidence': 1}","{'sentiment': 'POSITIVE', 'confidence': 0.9}","{'sentiment': 'POSITIVE', 'confidence': 1}"
1232,"{'sentiment': 'POSITIVE', 'confidence': 0.8}","{'sentiment': 'NEUTRAL', 'confidence': 0.67}","{'sentiment': 'NEGATIVE', 'confidence': 0.2}"
1233,"{'sentiment': 'NEGATIVE', 'confidence': 0.8}","{'sentiment': 'NEGATIVE', 'confidence': 0.8}","{'sentiment': 'NEGATIVE', 'confidence': 0.8}"
1234,"{'sentiment': 'NEGATIVE', 'confidence': 0.8}","{'sentiment': 'NEGATIVE', 'confidence': 0.8}","{'sentiment': 'NEGATIVE', 'confidence': 0.8}"
1235,"{'sentiment': 'NEGATIVE', 'confidence': 1.0}","{'sentiment': 'NEGATIVE', 'confidence': 0.9}","{'sentiment': 'NEGATIVE', 'confidence': 0.8}"
1236,"{'sentiment': 'POSITIVE', 'confidence': 0.9}","{'sentiment': 'POSITIVE', 'confidence': 0.9}","{'sentiment': 'POSITIVE', 'confidence': 0.95}"
1237,"{'sentiment': 'NEUTRAL', 'confidence': 1.0}","{'sentiment': 'POSITIVE', 'confidence': 0.9}","{'sentiment': 'NEGATIVE', 'confidence': 0.5}"
1238,"{'sentiment': 'POSITIVE', 'confidence': 0.95}","{'sentiment': 'POSITIVE', 'confidence': 0.9}","{'sentiment': 'POSITIVE', 'confidence': 0.8}"
1239,"{'sentiment': 'NEGATIVE', 'confidence': 1.0}","{'sentiment': 'NEGATIVE', 'confidence': 0.8}","{'sentiment': 'NEGATIVE', 'confidence': 0.8}"
1240,"{'sentiment': 'POSITIVE', 'confidence': 0.85}","{'sentiment': 'POSITIVE', 'confidence': 0.9}","{'sentiment': 'POSITIVE', 'confidence': 0.8}"
1241,"{'sentiment': 'NEGATIVE', 'confidence': 1.0}","{'sentiment': 'NEGATIVE', 'confidence': 0.8}","{'sentiment': 'NEGATIVE', 'confidence': 0.8}"
1242,"{'sentiment': 'POSITIVE', 'confidence': 1.0}","{'sentiment': 'POSITIVE', 'confidence': 0.9}","{'sentiment': 'POSITIVE', 'confidence': 0.8}"
1243,"{'sentiment': 'POSITIVE', 'confidence': 0.95}","{'sentiment': 'POSITIVE', 'confidence': 0.9}","{'sentiment': 'POSITIVE', 'confidence': 0.95}"
1244,"{'sentiment': 'NEUTRAL', 'confidence': 0.9}","{'sentiment': 'NEUTRAL', 'confidence': 0.3}","{'sentiment': 'NEGATIVE', 'confidence': 0.8}"
1245,"{'sentiment': 'NEUTRAL', 'confidence': 1.0}","{'sentiment': 'NEGATIVE', 'confidence': 0.8}","{'sentiment': 'Neutral', 'confidence': 0.5}"
1246,"{'sentiment': 'POSITIVE', 'confidence': 1.0}","{'sentiment': 'POSITIVE', 'confidence': 0.8}","{'sentiment': 'POSITIVE', 'confidence': 0.8}"
1247,"{'sentiment': 'POSITIVE', 'confidence': 1.0}","{'sentiment': 'POSITIVE', 'confidence': 0.95}","{'sentiment': 'POSITIVE', 'confidence': 0.95}"
1248,"{'sentiment': 'NEUTRAL', 'confidence': 1.0}","{'sentiment': 'POSITIVE', 'confidence': 0.8}","{'sentiment': 'POSITIVE', 'confidence': 1}"
1249,"{'sentiment': 'NEGATIVE', 'confidence': 0.95}","{'sentiment': 'NEGATIVE', 'confidence': 0.8}","{'sentiment': 'NEGATIVE', 'confidence': 0.8}"
1250,"{'sentiment': 'NEGATIVE', 'confidence': 0.9}","{'sentiment': 'POSITIVE', 'confidence': 0.9}","{'sentiment': 'NEGATIVE', 'confidence': 0.8}"
1251,"{'sentiment': 'NEUTRAL', 'confidence': 1.0}","{'sentiment': 'POSITIVE', 'confidence': 1}","{'sentiment': 'POSITIVE', 'confidence': 1}"
1252,"{'sentiment': 'NEUTRAL', 'confidence': 1.0}","{'sentiment': 'NEGATIVE', 'confidence': 0.3}","{'sentiment': 'NEGATIVE', 'confidence': 0.8}"
1253,"{'sentiment': 'POSITIVE', 'confidence': 0.95}","{'sentiment': 'POSITIVE', 'confidence': 0.9}","{'sentiment': 'POSITIVE', 'confidence': 0.8}"
1254,"{'sentiment': 'NEUTRAL', 'confidence': 0.5}","{'sentiment': 'NEUTRAL', 'confidence': 0.8}","{'sentiment': 'Neutral', 'confidence': 0.5}"
1255,"{'sentiment': 'POSITIVE', 'confidence': 0.8}","{'sentiment': 'POSITIVE', 'confidence': 0.8}","{'sentiment': 'NEGATIVE', 'confidence': 0.8}"
1256,"{'sentiment': 'NEUTRAL', 'confidence': 0.85}","{'sentiment': 'NEUTRAL', 'confidence': 0.2}","{'sentiment': 'NEGATIVE', 'confidence': 0.2}"
1257,"{'sentiment': 'NEGATIVE', 'confidence': 1.0}","{'sentiment': 'NEGATIVE', 'confidence': 0.9}","{'sentiment': 'NEGATIVE', 'confidence': 0.8}"
1258,"{'sentiment': 'POSITIVE', 'confidence': 0.95}","{'sentiment': 'POSITIVE', 'confidence': 0.9}","{'sentiment': 'POSITIVE', 'confidence': 1}"
1259,"{'sentiment': 'NEGATIVE', 'confidence': 0.95}","{'sentiment': 'NEGATIVE', 'confidence': 0.6}","{'sentiment': 'NEGATIVE', 'confidence': 0.8}"
1260,"{'sentiment': 'POSITIVE', 'confidence': 1}","{'sentiment': 'POSITIVE', 'confidence': 0.8}","{'sentiment': 'POSITIVE', 'confidence': 1}"
1261,"{'sentiment': 'POSITIVE', 'confidence': 0.95}","{'sentiment': 'POSITIVE', 'confidence': 0.8}","{'sentiment': 'POSITIVE', 'confidence': 0.95}"
1262,"{'sentiment': 'POSITIVE', 'confidence': 0.9}","{'sentiment': 'POSITIVE', 'confidence': 0.9}","{'sentiment': 'POSITIVE', 'confidence': 1}"
1263,"{'sentiment': 'NEGATIVE', 'confidence': 0.75}","{'sentiment': 'NEGATIVE', 'confidence': 0.8}","{'sentiment': 'NEGATIVE', 'confidence': 0.7}"
1264,"{'sentiment': 'NEGATIVE', 'confidence': 1.0}","{'sentiment': 'NEGATIVE', 'confidence': 0.8}","{'sentiment': 'NEGATIVE', 'confidence': 0.8}"
1265,"{'sentiment': 'NEUTRAL', 'confidence': 1.0}","{'sentiment': 'POSITIVE', 'confidence': 0.8}","{'sentiment': 'NEGATIVE', 'confidence': 0.5}"
1266,"{'sentiment': 'NEGATIVE', 'confidence': 1}","{'sentiment': 'NEGATIVE', 'confidence': 0.8}","{'sentiment': 'NEGATIVE', 'confidence': 0.8}"
1267,"{'sentiment': 'NEGATIVE', 'confidence': 0.9}","{'sentiment': 'NEGATIVE', 'confidence': 0.8}","{'sentiment': 'NEGATIVE', 'confidence': 0.8}"
1268,"{'sentiment': 'NEGATIVE', 'confidence': 0.95}","{'sentiment': 'NEGATIVE', 'confidence': 0.9}","{'sentiment': 'NEGATIVE', 'confidence': 0.8}"
1269,"{'sentiment': 'NEGATIVE', 'confidence': 1.0}","{'sentiment': 'NEGATIVE', 'confidence': 0.8}","{'sentiment': 'NEGATIVE', 'confidence': 0.8}"
1270,"{'sentiment': 'POSITIVE', 'confidence': 0.95}","{'sentiment': 'POSITIVE', 'confidence': 0.9}","{'sentiment': 'NEGATIVE', 'confidence': 0.7}"
1271,"{'sentiment': 'NEUTRAL', 'confidence': 0.9}","{'sentiment': 'NEGATIVE', 'confidence': 0.9}","{'sentiment': 'NEGATIVE', 'confidence': 0.8}"
1272,"{'sentiment': 'POSITIVE', 'confidence': 0.8}","{'sentiment': 'NEGATIVE', 'confidence': 0.8}","{'sentiment': 'NEGATIVE', 'confidence': 0.8}"
1273,"{'sentiment': 'NEUTRAL', 'confidence': 0.7}","{'sentiment': 'NEGATIVE', 'confidence': 0.8}","{'sentiment': 'NEGATIVE', 'confidence': 0.95}"
1274,"{'sentiment': 'NEGATIVE', 'confidence': 1.0}","{'sentiment': 'NEGATIVE', 'confidence': 0.9}","{'sentiment': 'NEGATIVE', 'confidence': 0.8}"
1275,"{'sentiment': 'NEUTRAL', 'confidence': 1.0}","{'sentiment': 'NEGATIVE', 'confidence': 0.8}","{'sentiment': 'NEGATIVE', 'confidence': 0.8}"
1276,"{'sentiment': 'NEGATIVE', 'confidence': 1.0}","{'sentiment': 'NEGATIVE', 'confidence': 0.8}","{'sentiment': 'NEGATIVE', 'confidence': 0.8}"
1277,"{'sentiment': 'NEGATIVE', 'confidence': 0.9}","{'sentiment': 'POSITIVE', 'confidence': 0.8}","{'sentiment': 'NEUTRAL', 'confidence': 0.5}"
1278,"{'sentiment': 'POSITIVE', 'confidence': 1.0}","{'sentiment': 'NEUTRAL', 'confidence': 0.8}","{'sentiment': 'POSITIVE', 'confidence': 1}"
1279,"{'sentiment': 'POSITIVE', 'confidence': 0.9}","{'sentiment': 'POSITIVE', 'confidence': 0.9}","{'sentiment': 'POSITIVE', 'confidence': 1}"
1280,"{'sentiment': 'POSITIVE', 'confidence': 1.0}","{'sentiment': 'POSITIVE', 'confidence': 0.9}","{'sentiment': 'NEGATIVE', 'confidence': 0.8}"
1281,"{'sentiment': 'NEGATIVE', 'confidence': 1.0}","{'sentiment': 'NEGATIVE', 'confidence': 0.8}","{'sentiment': 'NEGATIVE', 'confidence': 0.85}"
1282,"{'sentiment': 'NEUTRAL', 'confidence': 1.0}","{'sentiment': 'NEUTRAL', 'confidence': 0.5}","{'sentiment': 'NEUTRAL', 'confidence': 0.5}"
1283,"{'sentiment': 'NEGATIVE', 'confidence': 0.95}","{'sentiment': 'NEGATIVE', 'confidence': 0.8}","{'sentiment': 'NEGATIVE', 'confidence': 0.2}"
1284,"{'sentiment': 'NEGATIVE', 'confidence': 1.0}","{'sentiment': 'NEGATIVE', 'confidence': 0.9}","{'sentiment': 'NEGATIVE', 'confidence': 0.97}"
1285,"{'sentiment': 'NEGATIVE', 'confidence': 0.99}","{'sentiment': 'NEGATIVE', 'confidence': 0.8}","{'sentiment': 'NEGATIVE', 'confidence': 0.8}"
1286,"{'sentiment': 'POSITIVE', 'confidence': 0.8}","{'sentiment': 'NEUTRAL', 'confidence': 0.8}","{'sentiment': 'POSITIVE', 'confidence': 1}"
1287,"{'sentiment': 'NEGATIVE', 'confidence': 0.95}","{'sentiment': 'NEGATIVE', 'confidence': 0.8}","{'sentiment': 'NEGATIVE', 'confidence': 0.7}"
1288,"{'sentiment': 'NEGATIVE', 'confidence': 0.95}","{'sentiment': 'NEGATIVE', 'confidence': 0.8}","{'sentiment': 'NEGATIVE', 'confidence': 0.8}"
1289,"{'sentiment': 'POSITIVE', 'confidence': 1.0}","{'sentiment': 'POSITIVE', 'confidence': 0.9}","{'sentiment': 'POSITIVE', 'confidence': 1}"
1290,"{'sentiment': 'POSITIVE', 'confidence': 0.9}","{'sentiment': 'POSITIVE', 'confidence': 0.8}","{'sentiment': 'POSITIVE', 'confidence': 1}"
1291,"{'sentiment': 'NEGATIVE', 'confidence': 0.9}","{'sentiment': 'NEGATIVE', 'confidence': 0.8}","{'sentiment': 'NEGATIVE', 'confidence': 0.8}"
1292,"{'sentiment': 'NEGATIVE', 'confidence': 0.7}","{'sentiment': 'POSITIVE', 'confidence': 0.9}","{'sentiment': 'NEGATIVE', 'confidence': 0.8}"
1293,"{'sentiment': 'POSITIVE', 'confidence': 1.0}","{'sentiment': 'POSITIVE', 'confidence': 0.9}","{'sentiment': 'POSITIVE', 'confidence': 1}"
1294,"{'sentiment': 'POSITIVE', 'confidence': 1.0}","{'sentiment': 'POSITIVE', 'confidence': 0.9}","{'sentiment': 'POSITIVE', 'confidence': 0.95}"
1295,"{'sentiment': 'POSITIVE', 'confidence': 1.0}","{'sentiment': 'POSITIVE', 'confidence': 0.9}","{'sentiment': 'POSITIVE', 'confidence': 1}"
1296,"{'sentiment': 'POSITIVE', 'confidence': 1.0}","{'sentiment': 'POSITIVE', 'confidence': 0.9}","{'sentiment': 'POSITIVE', 'confidence': 1.0}"
1297,"{'sentiment': 'NEUTRAL', 'confidence': 0.99}","{'sentiment': 'POSITIVE', 'confidence': 0.9}","{'sentiment': 'NEUTRAL', 'confidence': 0.5}"
1298,"{'sentiment': 'NEGATIVE', 'confidence': 1.0}","{'sentiment': 'NEGATIVE', 'confidence': 0.9}","{'sentiment': 'NEGATIVE', 'confidence': 0.8}"
1299,"{'sentiment': 'NEUTRAL', 'confidence': 0.5}","{'sentiment': 'NEUTRAL', 'confidence': 0.8}","{'sentiment': 'POSITIVE', 'confidence': 0.8}"
1300,"{'sentiment': 'NEUTRAL', 'confidence': 1.0}","{'sentiment': 'NEUTRAL', 'confidence': 0.8}","{'sentiment': 'NEGATIVE', 'confidence': 0.8}"
1301,"{'sentiment': 'NEUTRAL', 'confidence': 0.65}","{'sentiment': 'NEUTRAL', 'confidence': 0.6}","{'sentiment': 'POSITIVE', 'confidence': 0.95}"
1302,"{'sentiment': 'POSITIVE', 'confidence': 1}","{'sentiment': 'POSITIVE', 'confidence': 0.9}","{'sentiment': 'NEGATIVE', 'confidence': 0.8}"
1303,"{'sentiment': 'POSITIVE', 'confidence': 0.9}","{'sentiment': 'POSITIVE', 'confidence': 0.9}","{'sentiment': 'POSITIVE', 'confidence': 0.8}"
1304,"{'sentiment': 'NEGATIVE', 'confidence': 0.95}","{'sentiment': 'NEGATIVE', 'confidence': 0.5}","{'sentiment': 'NEGATIVE', 'confidence': 0.8}"
1305,"{'sentiment': 'POSITIVE', 'confidence': 0.8}","{'sentiment': 'POSITIVE', 'confidence': 0.9}","{'sentiment': 'POSITIVE', 'confidence': 0.85}"
1306,"{'sentiment': 'NEGATIVE', 'confidence': 0.9}","{'sentiment': 'NEGATIVE', 'confidence': 0.9}","{'sentiment': 'POSITIVE', 'confidence': 0.8}"
1307,"{'sentiment': 'NEUTRAL', 'confidence': 0.7}","{'sentiment': 'POSITIVE', 'confidence': 0.9}","{'sentiment': 'POSITIVE', 'confidence': 1}"
1308,"{'sentiment': 'NEGATIVE', 'confidence': 1.0}","{'sentiment': 'NEGATIVE', 'confidence': 0.8}","{'sentiment': 'NEGATIVE', 'confidence': 0.8}"
1309,"{'sentiment': 'POSITIVE', 'confidence': 0.85}","{'sentiment': 'POSITIVE', 'confidence': 0.8}","{'sentiment': 'POSITIVE', 'confidence': 0.8}"
1310,"{'sentiment': 'POSITIVE', 'confidence': 1.0}","{'sentiment': 'POSITIVE', 'confidence': 0.9}","{'sentiment': 'NEGATIVE', 'confidence': 0.8}"
1311,"{'sentiment': 'NEUTRAL', 'confidence': 1.0}","{'sentiment': 'NEGATIVE', 'confidence': 0.8}","{'sentiment': 'NEGATIVE', 'confidence': 0.7}"
1312,"{'sentiment': 'NEGATIVE', 'confidence': 0.9}","{'sentiment': 'NEGATIVE', 'confidence': 0.8}","{'sentiment': 'NEGATIVE', 'confidence': 0.3}"
1313,"{'sentiment': 'NEUTRAL', 'confidence': 0.5}","{'sentiment': 'NEGATIVE', 'confidence': 0.5}","{'sentiment': 'POSITIVE', 'confidence': 1}"
1314,"{'sentiment': 'POSITIVE', 'confidence': 0.94}","{'sentiment': 'POSITIVE', 'confidence': 0.9}","{'sentiment': 'POSITIVE', 'confidence': 0.8}"
1315,"{'sentiment': 'POSITIVE', 'confidence': 0.95}","{'sentiment': 'POSITIVE', 'confidence': 0.9}","{'sentiment': 'POSITIVE', 'confidence': 1}"
1316,"{'sentiment': 'POSITIVE', 'confidence': 1}","{'sentiment': 'POSITIVE', 'confidence': 0.9}","{'sentiment': 'POSITIVE', 'confidence': 1}"
1317,"{'sentiment': 'NEGATIVE', 'confidence': 0.99}","{'sentiment': 'NEGATIVE', 'confidence': 0.9}","{'sentiment': 'NEGATIVE', 'confidence': 0.8}"
1318,"{'sentiment': 'NEGATIVE', 'confidence': 0.9}","{'sentiment': 'NEGATIVE', 'confidence': 0.8}","{'sentiment': 'NEGATIVE', 'confidence': 0.8}"
1319,"{'sentiment': 'POSITIVE', 'confidence': 0.85}","{'sentiment': 'POSITIVE', 'confidence': 0.9}","{'sentiment': 'POSITIVE', 'confidence': 0.85}"
1320,"{'sentiment': 'NEGATIVE', 'confidence': 0.9}","{'sentiment': 'NEGATIVE', 'confidence': 0.9}","{'sentiment': 'NEGATIVE', 'confidence': 0.8}"
1321,"{'sentiment': 'POSITIVE', 'confidence': 0.95}","{'sentiment': 'POSITIVE', 'confidence': 0.9}","{'sentiment': 'POSITIVE', 'confidence': 1}"
1322,"{'sentiment': 'NEGATIVE', 'confidence': 0.9}","{'sentiment': 'NEUTRAL', 'confidence': 0.5}","{'sentiment': 'NEGATIVE', 'confidence': 0.8}"
1323,"{'sentiment': 'NEGATIVE', 'confidence': 0.98}","{'sentiment': 'NEGATIVE', 'confidence': 0.8}","{'sentiment': 'NEGATIVE', 'confidence': 0.8}"
1324,"{'sentiment': 'NEGATIVE', 'confidence': 0.99}","{'sentiment': 'NEGATIVE', 'confidence': 0.9}","{'sentiment': 'NEGATIVE', 'confidence': 0.8}"
1325,"{'sentiment': 'NEUTRAL', 'confidence': 0.6}","{'sentiment': 'NEUTRAL', 'confidence': 0.8}","{'sentiment': 'POSITIVE', 'confidence': 0.8}"
1326,"{'sentiment': 'NEUTRAL', 'confidence': 1}","{'sentiment': 'NEGATIVE', 'confidence': 0.8}","{'sentiment': 'NEGATIVE', 'confidence': 0.8}"
1327,"{'sentiment': 'POSITIVE', 'confidence': 1.0}","{'sentiment': 'POSITIVE', 'confidence': 0.8}","{'sentiment': 'POSITIVE', 'confidence': 1}"
1328,"{'sentiment': 'POSITIVE', 'confidence': 0.9}","{'sentiment': 'POSITIVE', 'confidence': 0.9}","{'sentiment': 'POSITIVE', 'confidence': 1}"
1329,"{'sentiment': 'NEUTRAL', 'confidence': 0.67}","{'sentiment': 'POSITIVE', 'confidence': 0.9}","{'sentiment': 'NEGATIVE', 'confidence': 0.8}"
1330,"{'sentiment': 'POSITIVE', 'confidence': 1.0}","{'sentiment': 'POSITIVE', 'confidence': 0.9}","{'sentiment': 'POSITIVE', 'confidence': 1}"
1331,"{'sentiment': 'POSITIVE', 'confidence': 1.0}","{'sentiment': 'POSITIVE', 'confidence': 0.8}","{'sentiment': 'POSITIVE', 'confidence': 0.98}"
1332,"{'sentiment': 'NEUTRAL', 'confidence': 1.0}","{'sentiment': 'NEUTRAL', 'confidence': 0.8}","{'sentiment': 'NEUTRAL', 'confidence': 0.5}"
1333,"{'sentiment': 'POSITIVE', 'confidence': 0.95}","{'sentiment': 'POSITIVE', 'confidence': 0.8}","{'sentiment': 'POSITIVE', 'confidence': 1}"
1334,"{'sentiment': 'NEGATIVE', 'confidence': 0.95}","{'sentiment': 'NEGATIVE', 'confidence': 0.8}","{'sentiment': 'NEGATIVE', 'confidence': 0.7}"
1335,"{'sentiment': 'POSITIVE', 'confidence': 1.0}","{'sentiment': 'POSITIVE', 'confidence': 0.95}","{'sentiment': 'POSITIVE', 'confidence': 1}"
1336,"{'sentiment': 'POSITIVE', 'confidence': 0.75}","{'sentiment': 'NEGATIVE', 'confidence': 0.8}","{'sentiment': 'NEGATIVE', 'confidence': 0.8}"
1337,"{'sentiment': 'NEGATIVE', 'confidence': 1.0}","{'sentiment': 'NEGATIVE', 'confidence': 0.9}","{'sentiment': 'NEGATIVE', 'confidence': 0.8}"
1338,"{'sentiment': 'POSITIVE', 'confidence': 0.95}","{'sentiment': 'POSITIVE', 'confidence': 0.8}","{'sentiment': 'POSITIVE', 'confidence': 0.95}"
1339,"{'sentiment': 'NEGATIVE', 'confidence': 1.0}","{'sentiment': 'NEGATIVE', 'confidence': 0.8}","{'sentiment': 'NEGATIVE', 'confidence': 0.8}"
1340,"{'sentiment': 'NEUTRAL', 'confidence': 0.9}","{'sentiment': 'NEUTRAL', 'confidence': 0.8}","{'sentiment': 'NEGATIVE', 'confidence': 0.8}"
1341,"{'sentiment': 'NEGATIVE', 'confidence': 1}","{'sentiment': 'NEGATIVE', 'confidence': 0.9}","{'sentiment': 'NEGATIVE', 'confidence': 0.7}"
1342,"{'sentiment': 'NEUTRAL', 'confidence': 0.6}","{'sentiment': 'NEGATIVE', 'confidence': 0.8}","{'sentiment': 'NEGATIVE', 'confidence': 0.7}"
1343,"{'sentiment': 'NEGATIVE', 'confidence': 1.0}","{'sentiment': 'NEGATIVE', 'confidence': 0.8}","{'sentiment': 'negative', 'confidence': 0.25}"
1344,"{'sentiment': 'NEGATIVE', 'confidence': 1.0}","{'sentiment': 'NEGATIVE', 'confidence': 0.8}","{'sentiment': 'NEGATIVE', 'confidence': 0.8}"
1345,"{'sentiment': 'NEUTRAL', 'confidence': 0.7}","{'sentiment': 'NEUTRAL', 'confidence': 0.4}","{'sentiment': 'NEGATIVE', 'confidence': 0.8}"
1346,"{'sentiment': 'NEGATIVE', 'confidence': 0.95}","{'sentiment': 'NEGATIVE', 'confidence': 0.8}","{'sentiment': 'NEGATIVE', 'confidence': 0.8}"
1347,"{'sentiment': 'NEUTRAL', 'confidence': 0.7}","{'sentiment': 'NEUTRAL', 'confidence': 0.7}","{'sentiment': 'NEGATIVE', 'confidence': 0.7}"
1348,"{'sentiment': 'NEGATIVE', 'confidence': 1.0}","{'sentiment': 'NEGATIVE', 'confidence': 0.8}","{'sentiment': 'NEGATIVE', 'confidence': 0.6}"
1349,"{'sentiment': 'NEGATIVE', 'confidence': 0.9}","{'sentiment': 'NEGATIVE', 'confidence': 0.8}","{'sentiment': 'NEGATIVE', 'confidence': 0.7}"
1350,"{'sentiment': 'NEGATIVE', 'confidence': 0.95}","{'sentiment': 'NEUTRAL', 'confidence': 0.8}","{'sentiment': 'NEGATIVE', 'confidence': 0.8}"
1351,"{'sentiment': 'POSITIVE', 'confidence': 1.0}","{'sentiment': 'POSITIVE', 'confidence': 0.9}","{'sentiment': 'POSITIVE', 'confidence': 1}"
1352,"{'sentiment': 'POSITIVE', 'confidence': 0.95}","{'sentiment': 'POSITIVE', 'confidence': 0.9}","{'sentiment': 'POSITIVE', 'confidence': 1}"
1353,"{'sentiment': 'NEGATIVE', 'confidence': 0.98}","{'sentiment': 'NEGATIVE', 'confidence': 0.9}","{'sentiment': 'NEGATIVE', 'confidence': 0.8}"
1354,"{'sentiment': 'NEGATIVE', 'confidence': 0.99}","{'sentiment': 'NEGATIVE', 'confidence': 0.8}","{'sentiment': 'NEGATIVE', 'confidence': 0.8}"
1355,"{'sentiment': 'NEGATIVE', 'confidence': 0.99}","{'sentiment': 'POSITIVE', 'confidence': 0.9}","{'sentiment': 'NEGATIVE', 'confidence': 0.2}"
1356,"{'sentiment': 'POSITIVE', 'confidence': 1.0}","{'sentiment': 'POSITIVE', 'confidence': 0.9}","{'sentiment': 'POSITIVE', 'confidence': 0.8}"
1357,"{'sentiment': 'POSITIVE', 'confidence': 0.95}","{'sentiment': 'POSITIVE', 'confidence': 0.9}","{'sentiment': 'POSITIVE', 'confidence': 0.8}"
1358,"{'sentiment': 'NEGATIVE', 'confidence': 0.95}","{'sentiment': 'NEGATIVE', 'confidence': 0.9}","{'sentiment': 'NEGATIVE', 'confidence': 0.8}"
1359,"{'sentiment': 'NEGATIVE', 'confidence': 0.92}","{'sentiment': 'NEGATIVE', 'confidence': 0.8}","{'sentiment': 'NEGATIVE', 'confidence': 0.8}"
1360,"{'sentiment': 'NEUTRAL', 'confidence': 0.6}","{'sentiment': 'NEGATIVE', 'confidence': 0.2}","{'sentiment': 'NEGATIVE', 'confidence': 0.8}"
1361,"{'sentiment': 'POSITIVE', 'confidence': 0.99}","{'sentiment': 'POSITIVE', 'confidence': 0.8}","{'sentiment': 'POSITIVE', 'confidence': 0.85}"
1362,"{'sentiment': 'POSITIVE', 'confidence': 0.9}","{'sentiment': 'POSITIVE', 'confidence': 0.9}","{'sentiment': 'POSITIVE', 'confidence': 0.95}"
1363,"{'sentiment': 'POSITIVE', 'confidence': 0.75}","{'sentiment': 'POSITIVE', 'confidence': 0.8}","{'sentiment': 'POSITIVE', 'confidence': 0.95}"
1364,"{'sentiment': 'NEGATIVE', 'confidence': 0.9}","{'sentiment': 'NEGATIVE', 'confidence': 0.8}","{'sentiment': 'NEGATIVE', 'confidence': 0.8}"
1365,"{'sentiment': 'POSITIVE', 'confidence': 0.65}","{'sentiment': 'POSITIVE', 'confidence': 0.8}","{'sentiment': 'POSITIVE', 'confidence': 0.85}"
1366,"{'sentiment': 'POSITIVE', 'confidence': 1.0}","{'sentiment': 'POSITIVE', 'confidence': 0.97}","{'sentiment': 'POSITIVE', 'confidence': 1}"
1367,"{'sentiment': 'NEGATIVE', 'confidence': 0.99}","{'sentiment': 'NEGATIVE', 'confidence': 0.9}","{'sentiment': 'NEGATIVE', 'confidence': 0.8}"
1368,"{'sentiment': 'NEUTRAL', 'confidence': 0.5}","{'sentiment': 'NEGATIVE', 'confidence': 0.8}","{'sentiment': 'NEGATIVE', 'confidence': 0.8}"
1369,"{'sentiment': 'POSITIVE', 'confidence': 0.99}","{'sentiment': 'POSITIVE', 'confidence': 0.9}","{'sentiment': 'NEGATIVE', 'confidence': 0.8}"
1370,"{'sentiment': 'NEGATIVE', 'confidence': 0.8}","{'sentiment': 'NEUTRAL', 'confidence': 0.7}","{'sentiment': 'NEGATIVE', 'confidence': 0.5}"
1371,"{'sentiment': 'NEUTRAL', 'confidence': 0.75}","{'sentiment': 'NEGATIVE', 'confidence': 0.6}","{'sentiment': 'NEGATIVE', 'confidence': 0.8}"
1372,"{'sentiment': 'NEGATIVE', 'confidence': 1.0}","{'sentiment': 'NEGATIVE', 'confidence': 0.8}","{'sentiment': 'NEGATIVE', 'confidence': 0.8}"
1373,"{'sentiment': 'POSITIVE', 'confidence': 1.0}","{'sentiment': 'POSITIVE', 'confidence': 0.9}","{'sentiment': 'POSITIVE', 'confidence': 1}"
1374,"{'sentiment': 'NEGATIVE', 'confidence': 1.0}","{'sentiment': 'NEGATIVE', 'confidence': 0.9}","{'sentiment': 'NEGATIVE', 'confidence': 0.85}"
1375,"{'sentiment': 'NEGATIVE', 'confidence': 1.0}","{'sentiment': 'NEGATIVE', 'confidence': 0.8}","{'sentiment': 'NEGATIVE', 'confidence': 0.8}"
1376,"{'sentiment': 'NEGATIVE', 'confidence': 1.0}","{'sentiment': 'NEGATIVE', 'confidence': 0.83}","{'sentiment': 'NEGATIVE', 'confidence': 0.85}"
1377,"{'sentiment': 'NEUTRAL', 'confidence': 0.8}","{'sentiment': 'NEGATIVE', 'confidence': 0.8}","{'sentiment': 'POSITIVE', 'confidence': 1}"
1378,"{'sentiment': 'POSITIVE', 'confidence': 1.0}","{'sentiment': 'POSITIVE', 'confidence': 0.8}","{'sentiment': 'POSITIVE', 'confidence': 0.8}"
1379,"{'sentiment': 'NEUTRAL', 'confidence': 0.7}","{'sentiment': 'NEUTRAL', 'confidence': 0.45}","{'sentiment': 'NEUTRAL', 'confidence': 0.5}"
1380,"{'sentiment': 'POSITIVE', 'confidence': 1.0}","{'sentiment': 'POSITIVE', 'confidence': 0.95}","{'sentiment': 'POSITIVE', 'confidence': 1}"
1381,"{'sentiment': 'NEGATIVE', 'confidence': 0.99}","{'sentiment': 'NEGATIVE', 'confidence': 0.8}","{'sentiment': 'NEGATIVE', 'confidence': 0.8}"
1382,"{'sentiment': 'POSITIVE', 'confidence': 0.9}","{'sentiment': 'POSITIVE', 'confidence': 0.9}","{'sentiment': 'POSITIVE', 'confidence': 0.9}"
1383,"{'sentiment': 'NEGATIVE', 'confidence': 0.8}","{'sentiment': 'NEGATIVE', 'confidence': 0.8}","{'sentiment': 'NEGATIVE', 'confidence': 0.5}"
1384,"{'sentiment': 'NEGATIVE', 'confidence': 1.0}","{'sentiment': 'POSITIVE', 'confidence': 0.8}","{'sentiment': 'NEGATIVE', 'confidence': 0.8}"
1385,"{'sentiment': 'NEUTRAL', 'confidence': 0.7}","{'sentiment': 'NEGATIVE', 'confidence': 0.8}","{'sentiment': 'NEGATIVE', 'confidence': 0.85}"
1386,"{'sentiment': 'POSITIVE', 'confidence': 1}","{'sentiment': 'POSITIVE', 'confidence': 0.9}","{'sentiment': 'POSITIVE', 'confidence': 1}"
1387,"{'sentiment': 'POSITIVE', 'confidence': 0.95}","{'sentiment': 'POSITIVE', 'confidence': 0.9}","{'sentiment': 'POSITIVE', 'confidence': 1}"
1388,"{'sentiment': 'NEUTRAL', 'confidence': 1.0}","{'sentiment': 'NEUTRAL', 'confidence': 0.5}","{'sentiment': 'NEGATIVE', 'confidence': 0.8}"
1389,"{'sentiment': 'NEGATIVE', 'confidence': 1.0}","{'sentiment': 'NEGATIVE', 'confidence': 0.8}","{'sentiment': 'NEGATIVE', 'confidence': 0.8}"
1390,"{'sentiment': 'NEUTRAL', 'confidence': 0.5}","{'sentiment': 'NEUTRAL', 'confidence': 0.2}","{'sentiment': 'NEGATIVE', 'confidence': 0.8}"
1391,"{'sentiment': 'NEUTRAL', 'confidence': 1}","{'sentiment': 'NEUTRAL', 'confidence': 0.8}","{'sentiment': 'POSITIVE', 'confidence': 1}"
1392,"{'sentiment': 'NEUTRAL', 'confidence': 1.0}","{'sentiment': 'NEUTRAL', 'confidence': 0.7}","{'sentiment': 'NEGATIVE', 'confidence': 0.5}"
1393,"{'sentiment': 'MIXED', 'confidence': 0.8}","{'sentiment': 'POSITIVE', 'confidence': 0.9}","{'sentiment': 'POSITIVE', 'confidence': 0.95}"
1394,"{'sentiment': 'NEGATIVE', 'confidence': 1.0}","{'sentiment': 'NEGATIVE', 'confidence': 0.8}","{'sentiment': 'NEGATIVE', 'confidence': 0.8}"
1395,"{'sentiment': 'POSITIVE', 'confidence': 0.98}","{'sentiment': 'POSITIVE', 'confidence': 0.95}","{'sentiment': 'POSITIVE', 'confidence': 0.8}"
1396,"{'sentiment': 'NEUTRAL', 'confidence': 0.8}","{'sentiment': 'NEUTRAL', 'confidence': 0.8}","{'sentiment': 'NEGATIVE', 'confidence': 0.2}"
1397,"{'sentiment': 'NEGATIVE', 'confidence': 1.0}","{'sentiment': 'NEGATIVE', 'confidence': 0.8}","{'sentiment': 'NEGATIVE', 'confidence': 0.82}"
1398,"{'sentiment': 'NEUTRAL', 'confidence': 1.0}","{'sentiment': 'POSITIVE', 'confidence': 0.8}","{'sentiment': 'Neutral', 'confidence': 0.5}"
1399,"{'sentiment': 'NEGATIVE', 'confidence': 0.95}","{'sentiment': 'NEGATIVE', 'confidence': 0.8}","{'sentiment': 'NEGATIVE', 'confidence': 0.8}"
1400,"{'sentiment': 'POSITIVE', 'confidence': 1.0}","{'sentiment': 'POSITIVE', 'confidence': 0.9}","{'sentiment': 'NEGATIVE', 'confidence': 0.7}"
1401,"{'sentiment': 'NEGATIVE', 'confidence': 0.99}","{'sentiment': 'NEGATIVE', 'confidence': 0.9}","{'sentiment': 'NEGATIVE', 'confidence': 0.3}"
1402,"{'sentiment': 'NEGATIVE', 'confidence': 1.0}","{'sentiment': 'NEGATIVE', 'confidence': 0.8}","{'sentiment': 'NEGATIVE', 'confidence': 0.8}"
1403,"{'sentiment': 'POSITIVE', 'confidence': 1.0}","{'sentiment': 'POSITIVE', 'confidence': 0.8}","{'sentiment': 'POSITIVE', 'confidence': 1}"
1404,"{'sentiment': 'POSITIVE', 'confidence': 0.8}","{'sentiment': 'POSITIVE', 'confidence': 0.9}","{'sentiment': 'POSITIVE', 'confidence': 1}"
1405,"{'sentiment': 'POSITIVE', 'confidence': 0.98}","{'sentiment': 'POSITIVE', 'confidence': 0.9}","{'sentiment': 'POSITIVE', 'confidence': 0.95}"
1406,"{'sentiment': 'POSITIVE', 'confidence': 0.9}","{'sentiment': 'POSITIVE', 'confidence': 0.9}","{'sentiment': 'POSITIVE', 'confidence': 0.85}"
1407,"{'sentiment': 'POSITIVE', 'confidence': 0.85}","{'sentiment': 'POSITIVE', 'confidence': 0.9}","{'sentiment': 'POSITIVE', 'confidence': 0.8}"
1408,"{'sentiment': 'POSITIVE', 'confidence': 0.8}","{'sentiment': 'POSITIVE', 'confidence': 0.9}","{'sentiment': 'NEGATIVE', 'confidence': 0.7}"
1409,"{'sentiment': 'POSITIVE', 'confidence': 0.95}","{'sentiment': 'POSITIVE', 'confidence': 0.95}","{'sentiment': 'POSITIVE', 'confidence': 1}"
1410,"{'sentiment': 'POSITIVE', 'confidence': 1.0}","{'sentiment': 'POSITIVE', 'confidence': 0.9}","{'sentiment': 'POSITIVE', 'confidence': 1}"
1411,"{'sentiment': 'NEGATIVE', 'confidence': 0.95}","{'sentiment': 'NEGATIVE', 'confidence': 0.9}","{'sentiment': 'NEGATIVE', 'confidence': 0.8}"
1412,"{'sentiment': 'NEGATIVE', 'confidence': 0.95}","{'sentiment': 'NEUTRAL', 'confidence': 0.8}","{'sentiment': 'NEGATIVE', 'confidence': 0.8}"
1413,"{'sentiment': 'POSITIVE', 'confidence': 1.0}","{'sentiment': 'POSITIVE', 'confidence': 0.9}","{'sentiment': 'POSITIVE', 'confidence': 1}"
1414,"{'sentiment': 'NEGATIVE', 'confidence': 0.95}","{'sentiment': 'NEGATIVE', 'confidence': 0.8}","{'sentiment': 'NEGATIVE', 'confidence': 0.7}"
1415,"{'sentiment': 'POSITIVE', 'confidence': 0.8}","{'sentiment': 'POSITIVE', 'confidence': 0.9}","{'sentiment': 'POSITIVE', 'confidence': 0.95}"
1416,"{'sentiment': 'NEGATIVE', 'confidence': 1.0}","{'sentiment': 'NEGATIVE', 'confidence': 0.95}","{'sentiment': 'NEGATIVE', 'confidence': 0.8}"
1417,"{'sentiment': 'NEGATIVE', 'confidence': 0.9}","{'sentiment': 'NEGATIVE', 'confidence': 0.7}","{'sentiment': 'NEGATIVE', 'confidence': 0.8}"
1418,"{'sentiment': 'NEUTRAL', 'confidence': 0.7}","{'sentiment': 'POSITIVE', 'confidence': 0.8}","{'sentiment': 'POSITIVE', 'confidence': 0.8}"
1419,"{'sentiment': 'NEUTRAL', 'confidence': 0.8}","{'sentiment': 'POSITIVE', 'confidence': 0.8}","{'sentiment': 'NEGATIVE', 'confidence': 0.8}"
1420,"{'sentiment': 'NEGATIVE', 'confidence': 0.99}","{'sentiment': 'NEGATIVE', 'confidence': 0.9}","{'sentiment': 'NEGATIVE', 'confidence': 0.8}"
1421,"{'sentiment': 'POSITIVE', 'confidence': 1.0}","{'sentiment': 'POSITIVE', 'confidence': 0.8}","{'sentiment': 'POSITIVE', 'confidence': 1}"
1422,"{'sentiment': 'NEUTRAL', 'confidence': 0.7}","{'sentiment': 'POSITIVE', 'confidence': 0.8}","{'sentiment': 'NEGATIVE', 'confidence': 0.7}"
1423,"{'sentiment': 'POSITIVE', 'confidence': 0.7}","{'sentiment': 'NEGATIVE', 'confidence': 0.8}","{'sentiment': 'POSITIVE', 'confidence': 0.8}"
1424,"{'sentiment': 'NEGATIVE', 'confidence': 1.0}","{'sentiment': 'NEGATIVE', 'confidence': 0.8}","{'sentiment': 'NEGATIVE', 'confidence': 0.8}"
1425,"{'sentiment': 'NEUTRAL', 'confidence': 1.0}","{'sentiment': 'NEUTRAL', 'confidence': 0.7}","{'sentiment': 'NEGATIVE', 'confidence': 0.2}"
1426,"{'sentiment': 'NEGATIVE', 'confidence': 0.9}","{'sentiment': 'NEGATIVE', 'confidence': 0.8}","{'sentiment': 'NEGATIVE', 'confidence': 0.7}"
1427,"{'sentiment': 'NEUTRAL', 'confidence': 0.7}","{'sentiment': 'NEGATIVE', 'confidence': 0.8}","{'sentiment': 'POSITIVE', 'confidence': 0.85}"
1428,"{'sentiment': 'NEGATIVE', 'confidence': 0.98}","{'sentiment': 'NEGATIVE', 'confidence': 0.9}","{'sentiment': 'NEGATIVE', 'confidence': 0.7}"
1429,"{'sentiment': 'NEUTRAL', 'confidence': 1}","{'sentiment': 'NEGATIVE', 'confidence': 0.8}","{'sentiment': 'NEGATIVE', 'confidence': 0.6}"
1430,"{'sentiment': 'POSITIVE', 'confidence': 0.95}","{'sentiment': 'POSITIVE', 'confidence': 0.9}","{'sentiment': 'POSITIVE', 'confidence': 0.95}"
1431,"{'sentiment': 'POSITIVE', 'confidence': 0.98}","{'sentiment': 'NEGATIVE', 'confidence': 0.9}","{'sentiment': 'POSITIVE', 'confidence': 0.8}"
1432,"{'sentiment': 'POSITIVE', 'confidence': 0.75}","{'sentiment': 'POSITIVE', 'confidence': 0.8}","{'sentiment': 'POSITIVE', 'confidence': 0.8}"
1433,"{'sentiment': 'NEGATIVE', 'confidence': 0.95}","{'sentiment': 'NEGATIVE', 'confidence': 0.8}","{'sentiment': 'NEGATIVE', 'confidence': 0.8}"
1434,"{'sentiment': 'NEGATIVE', 'confidence': 0.95}","{'sentiment': 'NEUTRAL', 'confidence': 0.4}","{'sentiment': 'NEGATIVE', 'confidence': 0.8}"
1435,"{'sentiment': 'NEUTRAL', 'confidence': 0.8}","{'sentiment': 'POSITIVE', 'confidence': 0.8}","{'sentiment': 'POSITIVE', 'confidence': 1}"
1436,"{'sentiment': 'POSITIVE', 'confidence': 0.95}","{'sentiment': 'POSITIVE', 'confidence': 0.8}","{'sentiment': 'NEGATIVE', 'confidence': 0.8}"
1437,"{'sentiment': 'NEUTRAL', 'confidence': 0.95}","{'sentiment': 'NEGATIVE', 'confidence': 0.8}","{'sentiment': 'NEGATIVE', 'confidence': 0.8}"
1438,"{'sentiment': 'NEGATIVE', 'confidence': 1.0}","{'sentiment': 'NEGATIVE', 'confidence': 0.8}","{'sentiment': 'NEGATIVE', 'confidence': 0.8}"
1439,"{'sentiment': 'NEGATIVE', 'confidence': 1.0}","{'sentiment': 'NEGATIVE', 'confidence': 0.8}","{'sentiment': 'NEGATIVE', 'confidence': 0.8}"
1440,"{'sentiment': 'NEGATIVE', 'confidence': 0.95}","{'sentiment': 'NEGATIVE', 'confidence': 0.9}","{'sentiment': 'NEGATIVE', 'confidence': 0.8}"
1441,"{'sentiment': 'NEUTRAL', 'confidence': 0.5}","{'sentiment': 'POSITIVE', 'confidence': 0.8}","{'sentiment': 'NEGATIVE', 'confidence': 0.2}"
1442,"{'sentiment': 'POSITIVE', 'confidence': 0.85}","{'sentiment': 'POSITIVE', 'confidence': 0.9}","{'sentiment': 'POSITIVE', 'confidence': 0.95}"
1443,"{'sentiment': 'POSITIVE', 'confidence': 1.0}","{'sentiment': 'POSITIVE', 'confidence': 0.9}","{'sentiment': 'POSITIVE', 'confidence': 1}"
1444,"{'sentiment': 'NEUTRAL', 'confidence': 0.7}","{'sentiment': 'NEGATIVE', 'confidence': 0.8}","{'sentiment': 'NEGATIVE', 'confidence': 0.5}"
1445,"{'sentiment': 'POSITIVE', 'confidence': 0.85}","{'sentiment': 'POSITIVE', 'confidence': 0.9}","{'sentiment': 'NEGATIVE', 'confidence': 0.5}"
1446,"{'sentiment': 'POSITIVE', 'confidence': 1.0}","{'sentiment': 'POSITIVE', 'confidence': 0.9}","{'sentiment': 'POSITIVE', 'confidence': 1}"
1447,"{'sentiment': 'NEGATIVE', 'confidence': 1.0}","{'sentiment': 'NEGATIVE', 'confidence': 0.95}","{'sentiment': 'NEGATIVE', 'confidence': 0.8}"
1448,"{'sentiment': 'POSITIVE', 'confidence': 0.9}","{'sentiment': 'POSITIVE', 'confidence': 0.8}","{'sentiment': 'POSITIVE', 'confidence': 0.8}"
1449,"{'sentiment': 'NEGATIVE', 'confidence': 0.95}","{'sentiment': 'NEUTRAL', 'confidence': 0.5}","{'sentiment': 'NEGATIVE', 'confidence': 0.8}"
1450,"{'sentiment': 'NEUTRAL', 'confidence': 0.5}","{'sentiment': 'NEGATIVE', 'confidence': 0.85}","{'sentiment': 'NEGATIVE', 'confidence': 0.2}"
1451,"{'sentiment': 'POSITIVE', 'confidence': 0.8}","{'sentiment': 'POSITIVE', 'confidence': 0.9}","{'sentiment': 'NEGATIVE', 'confidence': 0.8}"
1452,"{'sentiment': 'POSITIVE', 'confidence': 0.95}","{'sentiment': 'POSITIVE', 'confidence': 0.9}","{'sentiment': 'NEGATIVE', 'confidence': 0.8}"
1453,"{'sentiment': 'NEGATIVE', 'confidence': 1.0}","{'sentiment': 'NEGATIVE', 'confidence': 0.8333333333333334}","{'sentiment': 'NEGATIVE', 'confidence': 0.8}"
1454,"{'sentiment': 'NEGATIVE', 'confidence': 1}","{'sentiment': 'NEGATIVE', 'confidence': 0.8}","{'sentiment': 'NEGATIVE', 'confidence': 0.8}"
1455,"{'sentiment': 'POSITIVE', 'confidence': 0.95}","{'sentiment': 'POSITIVE', 'confidence': 0.9}","{'sentiment': 'POSITIVE', 'confidence': 0.8}"
1456,"{'sentiment': 'POSITIVE', 'confidence': 0.8}","{'sentiment': 'NEUTRAL', 'confidence': 0.3}","{'sentiment': 'POSITIVE', 'confidence': 0.8}"
1457,"{'sentiment': 'NEGATIVE', 'confidence': 0.8}","{'sentiment': 'NEGATIVE', 'confidence': 0.8}","{'sentiment': 'NEGATIVE', 'confidence': 0.7}"
1458,"{'sentiment': 'NEGATIVE', 'confidence': 0.98}","{'sentiment': 'NEGATIVE', 'confidence': 0.9}","{'sentiment': 'NEGATIVE', 'confidence': 0.8}"
1459,"{'sentiment': 'NEGATIVE', 'confidence': 0.9}","{'sentiment': 'NEGATIVE', 'confidence': 0.8}","{'sentiment': 'NEGATIVE', 'confidence': 0.8}"
1460,"{'sentiment': 'POSITIVE', 'confidence': 0.98}","{'sentiment': 'POSITIVE', 'confidence': 0.95}","{'sentiment': 'POSITIVE', 'confidence': 0.95}"
1461,"{'sentiment': 'NEUTRAL', 'confidence': 0.8}","{'sentiment': 'NEUTRAL', 'confidence': 0.7}","{'sentiment': 'NEUTRAL', 'confidence': 0.5}"
1462,"{'sentiment': 'MIXED', 'confidence': '0.8'}","{'sentiment': 'POSITIVE', 'confidence': 0.8}","{'sentiment': 'NEGATIVE', 'confidence': 0.8}"
1463,"{'sentiment': 'NEGATIVE', 'confidence': 1.0}","{'sentiment': 'NEGATIVE', 'confidence': 0.9}","{'sentiment': 'NEGATIVE', 'confidence': 0.8}"
1464,"{'sentiment': 'NEGATIVE', 'confidence': 1.0}","{'sentiment': 'NEGATIVE', 'confidence': 0.8}","{'sentiment': 'NEGATIVE', 'confidence': 0.8}"
1465,"{'sentiment': 'NEGATIVE', 'confidence': 0.9}","{'sentiment': 'NEUTRAL', 'confidence': 0.2}","{'sentiment': 'NEGATIVE', 'confidence': 0.2}"
1466,"{'sentiment': 'POSITIVE', 'confidence': 1.0}","{'sentiment': 'POSITIVE', 'confidence': 0.9}","{'sentiment': 'POSITIVE', 'confidence': 1.0}"
1467,"{'sentiment': 'POSITIVE', 'confidence': 0.99}","{'sentiment': 'POSITIVE', 'confidence': 0.8}","{'sentiment': 'POSITIVE', 'confidence': 0.95}"
1468,"{'sentiment': 'POSITIVE', 'confidence': 1.0}","{'sentiment': 'POSITIVE', 'confidence': 0.9}","{'sentiment': 'POSITIVE', 'confidence': 1}"
1469,"{'sentiment': 'POSITIVE', 'confidence': 0.8}","{'sentiment': 'NEGATIVE', 'confidence': 0.9}","{'sentiment': 'NEGATIVE', 'confidence': 0.8}"
1470,"{'sentiment': 'NEUTRAL', 'confidence': 1.0}","{'sentiment': 'POSITIVE', 'confidence': 0.9}","{'sentiment': 'POSITIVE', 'confidence': 1}"
1471,"{'sentiment': 'NEUTRAL', 'confidence': 0.5}","{'sentiment': 'POSITIVE', 'confidence': 0.9}","{'sentiment': 'NEGATIVE', 'confidence': 0.8}"
1472,"{'sentiment': 'NEUTRAL', 'confidence': 0.8}","{'sentiment': 'NEGATIVE', 'confidence': 0.8}","{'sentiment': 'POSITIVE', 'confidence': 0.95}"
1473,"{'sentiment': 'NEGATIVE', 'confidence': 0.99}","{'sentiment': 'POSITIVE', 'confidence': 0.9}","{'sentiment': 'NEUTRAL', 'confidence': 0.5}"
1474,"{'sentiment': 'NEUTRAL', 'confidence': 1.0}","{'sentiment': 'POSITIVE', 'confidence': 0.9}","{'sentiment': 'POSITIVE', 'confidence': 1}"
1475,"{'sentiment': 'NEGATIVE', 'confidence': 1.0}","{'sentiment': 'NEGATIVE', 'confidence': 0.9}","{'sentiment': 'NEGATIVE', 'confidence': 0.7}"
1476,"{'sentiment': 'POSITIVE', 'confidence': 0.8}","{'sentiment': 'POSITIVE', 'confidence': 0.9}","{'sentiment': 'POSITIVE', 'confidence': 0.85}"
1477,"{'sentiment': 'POSITIVE', 'confidence': 1.0}","{'sentiment': 'POSITIVE', 'confidence': 0.9}","{'sentiment': 'POSITIVE', 'confidence': 1}"
1478,"{'sentiment': 'NEUTRAL', 'confidence': 0.8}","{'sentiment': 'NEGATIVE', 'confidence': 0.8}","{'sentiment': 'NEGATIVE', 'confidence': 0.8}"
1479,"{'sentiment': 'POSITIVE', 'confidence': 0.85}","{'sentiment': 'POSITIVE', 'confidence': 0.9}","{'sentiment': 'NEGATIVE', 'confidence': 0.7}"
1480,"{'sentiment': 'NEGATIVE', 'confidence': 1.0}","{'sentiment': 'NEGATIVE', 'confidence': 0.9}","{'sentiment': 'NEGATIVE', 'confidence': 0.8}"
1481,"{'sentiment': 'NEGATIVE', 'confidence': 1}","{'sentiment': 'NEGATIVE', 'confidence': 0.9}","{'sentiment': 'NEGATIVE', 'confidence': 0.8}"
1482,"{'sentiment': 'NEUTRAL', 'confidence': 0.6}","{'sentiment': 'POSITIVE', 'confidence': 0.8}","{'sentiment': 'POSITIVE', 'confidence': 0.98}"
1483,"{'sentiment': 'POSITIVE', 'confidence': 1.0}","{'sentiment': 'POSITIVE', 'confidence': 0.9}","{'sentiment': 'POSITIVE', 'confidence': 1}"
1484,"{'sentiment': 'POSITIVE', 'confidence': 0.85}","{'sentiment': 'POSITIVE', 'confidence': 0.9}","{'sentiment': 'POSITIVE', 'confidence': 0.95}"
1485,"{'sentiment': 'POSITIVE', 'confidence': 1.0}","{'sentiment': 'POSITIVE', 'confidence': 0.9}","{'sentiment': 'POSITIVE', 'confidence': 0.95}"
1486,"{'sentiment': 'NEGATIVE', 'confidence': 1.0}","{'sentiment': 'NEGATIVE', 'confidence': 0.95}","{'sentiment': 'NEGATIVE', 'confidence': 0.8}"
1487,"{'sentiment': 'NEGATIVE', 'confidence': 1.0}","{'sentiment': 'NEGATIVE', 'confidence': 0.9}","{'sentiment': 'NEGATIVE', 'confidence': 0.8}"
1488,"{'sentiment': 'POSITIVE', 'confidence': 1.0}","{'sentiment': 'POSITIVE', 'confidence': 0.9}","{'sentiment': 'POSITIVE', 'confidence': 1}"
1489,"{'sentiment': 'NEGATIVE', 'confidence': 1.0}","{'sentiment': 'NEGATIVE', 'confidence': 0.8}","{'sentiment': 'NEGATIVE', 'confidence': 0.8}"
1490,"{'sentiment': 'POSITIVE', 'confidence': 0.8}","{'sentiment': 'POSITIVE', 'confidence': 0.8}","{'sentiment': 'POSITIVE', 'confidence': 1}"
1491,"{'sentiment': 'NEGATIVE', 'confidence': 0.8}","{'sentiment': 'NEGATIVE', 'confidence': 0.8}","{'sentiment': 'NEGATIVE', 'confidence': 0.8}"
1492,"{'sentiment': 'NEGATIVE', 'confidence': 0.9}","{'sentiment': 'NEGATIVE', 'confidence': 0.8}","{'sentiment': 'NEGATIVE', 'confidence': 0.7}"
1493,"{'sentiment': 'POSITIVE', 'confidence': 0.95}","{'sentiment': 'POSITIVE', 'confidence': 0.95}","{'sentiment': 'POSITIVE', 'confidence': 0.8}"
1494,"{'sentiment': 'NEGATIVE', 'confidence': 1.0}","{'sentiment': 'NEGATIVE', 'confidence': 0.9}","{'sentiment': 'NEGATIVE', 'confidence': 0.8}"
1495,"{'sentiment': 'NEGATIVE', 'confidence': 1.0}","{'sentiment': 'NEGATIVE', 'confidence': 0.8}","{'sentiment': 'NEGATIVE', 'confidence': 0.8}"
1496,"{'sentiment': 'POSITIVE', 'confidence': 0.85}","{'sentiment': 'POSITIVE', 'confidence': 0.9}","{'sentiment': 'POSITIVE', 'confidence': 1}"
1497,"{'sentiment': 'POSITIVE', 'confidence': 0.95}","{'sentiment': 'NEGATIVE', 'confidence': 0.9}","{'sentiment': 'NEGATIVE', 'confidence': 0.8}"
1498,"{'sentiment': 'NEGATIVE', 'confidence': 0.95}","{'sentiment': 'NEGATIVE', 'confidence': 0.9}","{'sentiment': 'NEGATIVE', 'confidence': 0.7}"
1499,"{'sentiment': 'POSITIVE', 'confidence': 1.0}","{'sentiment': 'POSITIVE', 'confidence': 0.9}","{'sentiment': 'POSITIVE', 'confidence': 1}"
1500,"{'sentiment': 'POSITIVE', 'confidence': 1}","{'sentiment': 'POSITIVE', 'confidence': 0.9}","{'sentiment': 'NEGATIVE', 'confidence': 0.8}"
1501,"{'sentiment': 'NEGATIVE', 'confidence': 0.98}","{'sentiment': 'NEGATIVE', 'confidence': 0.9}","{'sentiment': 'NEGATIVE', 'confidence': 0.4}"
1502,"{'sentiment': 'NEGATIVE', 'confidence': 1.0}","{'sentiment': 'NEGATIVE', 'confidence': 0.8}","{'sentiment': 'NEGATIVE', 'confidence': 0.8}"
1503,"{'sentiment': 'POSITIVE', 'confidence': 1.0}","{'sentiment': 'POSITIVE', 'confidence': 0.9}","{'sentiment': 'POSITIVE', 'confidence': 1}"
1504,"{'sentiment': 'NEGATIVE', 'confidence': 1.0}","{'sentiment': 'NEGATIVE', 'confidence': 0.8}","{'sentiment': 'NEGATIVE', 'confidence': 0.5}"
1505,"{'sentiment': 'POSITIVE', 'confidence': 0.95}","{'sentiment': 'POSITIVE', 'confidence': 0.9}","{'sentiment': 'POSITIVE', 'confidence': 1}"
1506,"{'sentiment': 'NEGATIVE', 'confidence': 1.0}","{'sentiment': 'NEGATIVE', 'confidence': 0.9}","{'sentiment': 'NEGATIVE', 'confidence': 0.8}"
1507,"{'sentiment': 'NEUTRAL', 'confidence': 0.5}","{'sentiment': 'POSITIVE', 'confidence': 0.8}","{'sentiment': 'NEGATIVE', 'confidence': 0.7}"
1508,"{'sentiment': 'POSITIVE', 'confidence': 1.0}","{'sentiment': 'POSITIVE', 'confidence': 0.8}","{'sentiment': 'POSITIVE', 'confidence': 1}"
1509,"{'sentiment': 'POSITIVE', 'confidence': 1.0}","{'sentiment': 'POSITIVE', 'confidence': 0.9}","{'sentiment': 'POSITIVE', 'confidence': 1}"
1510,"{'sentiment': 'NEGATIVE', 'confidence': 1}","{'sentiment': 'NEGATIVE', 'confidence': 0.8}","{'sentiment': 'NEGATIVE', 'confidence': 0.8}"
1511,"{'sentiment': 'NEUTRAL', 'confidence': 0.5}","{'sentiment': 'POSITIVE', 'confidence': 0.9}","{'sentiment': 'NEGATIVE', 'confidence': 0.8}"
1512,"{'sentiment': 'POSITIVE', 'confidence': 0.7}","{'sentiment': 'POSITIVE', 'confidence': 0.8}","{'sentiment': 'NEGATIVE', 'confidence': 0.3}"
1513,"{'sentiment': 'POSITIVE', 'confidence': 1.0}","{'sentiment': 'POSITIVE', 'confidence': 0.98}","{'sentiment': 'POSITIVE', 'confidence': 0.95}"
1514,"{'sentiment': 'POSITIVE', 'confidence': 1.0}","{'sentiment': 'POSITIVE', 'confidence': 0.8}","{'sentiment': 'POSITIVE', 'confidence': 1}"
1515,"{'sentiment': 'NEGATIVE', 'confidence': 1.0}","{'sentiment': 'NEGATIVE', 'confidence': 0.9}","{'sentiment': 'NEGATIVE', 'confidence': 0.8}"
1516,"{'sentiment': 'POSITIVE', 'confidence': 0.9}","{'sentiment': 'POSITIVE', 'confidence': 0.9}","{'sentiment': 'POSITIVE', 'confidence': 0.95}"
1517,"{'sentiment': 'NEUTRAL', 'confidence': 1}","{'sentiment': 'NEUTRAL', 'confidence': 0.75}","{'sentiment': 'NEUTRAL', 'confidence': 0.5}"
1518,"{'sentiment': 'NEGATIVE', 'confidence': 0.95}","{'sentiment': 'POSITIVE', 'confidence': 0.8}","{'sentiment': 'POSITIVE', 'confidence': 0.8}"
1519,"{'sentiment': 'NEGATIVE', 'confidence': 0.95}","{'sentiment': 'NEGATIVE', 'confidence': 0.8}","{'sentiment': 'NEGATIVE', 'confidence': 0.85}"
1520,"{'sentiment': 'POSITIVE', 'confidence': 0.95}","{'sentiment': 'POSITIVE', 'confidence': 0.9}","{'sentiment': 'POSITIVE', 'confidence': 0.8}"
1521,"{'sentiment': 'NEGATIVE', 'confidence': 0.95}","{'sentiment': 'NEGATIVE', 'confidence': 0.8}","{'sentiment': 'NEGATIVE', 'confidence': 0.8}"
1522,"{'sentiment': 'NEGATIVE', 'confidence': 0.95}","{'sentiment': 'POSITIVE', 'confidence': 0.9}","{'sentiment': 'NEGATIVE', 'confidence': 0.7}"
1523,"{'sentiment': 'NEGATIVE', 'confidence': 0.9}","{'sentiment': 'NEGATIVE', 'confidence': 0.8}","{'sentiment': 'NEGATIVE', 'confidence': 0.8}"
1524,"{'sentiment': 'NEGATIVE', 'confidence': 1.0}","{'sentiment': 'NEGATIVE', 'confidence': 0.9}","{'sentiment': 'NEGATIVE', 'confidence': 0.8}"
1525,"{'sentiment': 'NEUTRAL', 'confidence': 0.9}","{'sentiment': 'NEGATIVE', 'confidence': 0.8}","{'sentiment': 'NEGATIVE', 'confidence': 0.7}"
1526,"{'sentiment': 'NEGATIVE', 'confidence': 0.95}","{'sentiment': 'NEGATIVE', 'confidence': 0.8}","{'sentiment': 'NEGATIVE', 'confidence': 0.8}"
1527,"{'sentiment': 'NEGATIVE', 'confidence': 0.7}","{'sentiment': 'NEGATIVE', 'confidence': 0.83}","{'sentiment': 'NEGATIVE', 'confidence': 0.8}"
1528,"{'sentiment': 'NEUTRAL', 'confidence': 0.8}","{'sentiment': 'POSITIVE', 'confidence': 0.9}","{'sentiment': 'NEGATIVE', 'confidence': 0.8}"
1529,"{'sentiment': 'POSITIVE', 'confidence': 0.95}","{'sentiment': 'POSITIVE', 'confidence': 0.8}","{'sentiment': 'POSITIVE', 'confidence': 1}"
1530,"{'sentiment': 'POSITIVE', 'confidence': 0.95}","{'sentiment': 'NEGATIVE', 'confidence': 0.8}","{'sentiment': 'POSITIVE', 'confidence': 0.8}"
1531,"{'sentiment': 'POSITIVE', 'confidence': 0.95}","{'sentiment': 'POSITIVE', 'confidence': 0.95}","{'sentiment': 'POSITIVE', 'confidence': 0.95}"
1532,"{'sentiment': 'NEUTRAL', 'confidence': 0.8}","{'sentiment': 'NEGATIVE', 'confidence': 0.5}","{'sentiment': 'NEGATIVE', 'confidence': 0.8}"
1533,"{'sentiment': 'NEGATIVE', 'confidence': 1.0}","{'sentiment': 'NEGATIVE', 'confidence': 0.9}","{'sentiment': 'NEGATIVE', 'confidence': 0.8}"
1534,"{'sentiment': 'NEUTRAL', 'confidence': 0.6}","{'sentiment': 'NEGATIVE', 'confidence': 0.8}","{'sentiment': 'NEGATIVE', 'confidence': 0.7}"
1535,"{'sentiment': 'NEUTRAL', 'confidence': 0.5}","{'sentiment': 'POSITIVE', 'confidence': 0.9}","{'sentiment': 'NEGATIVE', 'confidence': 0.8}"
1536,"{'sentiment': 'NEGATIVE', 'confidence': 0.95}","{'sentiment': 'NEUTRAL', 'confidence': 0.8}","{'sentiment': 'Negative', 'confidence': 0.8}"
1537,"{'sentiment': 'NEUTRAL', 'confidence': 1.0}","{'sentiment': 'NEGATIVE', 'confidence': 0.5}","{'sentiment': 'Neutral', 'confidence': 0.5}"
1538,"{'sentiment': 'POSITIVE', 'confidence': 0.99}","{'sentiment': 'POSITIVE', 'confidence': 0.9}","{'sentiment': 'POSITIVE', 'confidence': 0.8}"
1539,"{'sentiment': 'POSITIVE', 'confidence': 0.99}","{'sentiment': 'POSITIVE', 'confidence': 0.9}","{'sentiment': 'POSITIVE', 'confidence': 0.8}"
1540,"{'sentiment': 'NEGATIVE', 'confidence': 1.0}","{'sentiment': 'NEGATIVE', 'confidence': 0.8}","{'sentiment': 'NEGATIVE', 'confidence': 0.8}"
1541,"{'sentiment': 'NEGATIVE', 'confidence': 0.95}","{'sentiment': 'NEUTRAL', 'confidence': 0.7}","{'sentiment': 'NEGATIVE', 'confidence': 0.8}"
1542,"{'sentiment': 'NEGATIVE', 'confidence': 0.9}","{'sentiment': 'NEGATIVE', 'confidence': 0.8}","{'sentiment': 'NEGATIVE', 'confidence': 0.8}"
1543,"{'sentiment': 'NEGATIVE', 'confidence': 1.0}","{'sentiment': 'NEGATIVE', 'confidence': 0.8}","{'sentiment': 'NEGATIVE', 'confidence': 0.8}"
1544,"{'sentiment': 'POSITIVE', 'confidence': 0.7}","{'sentiment': 'POSITIVE', 'confidence': 0.9}","{'sentiment': 'NEGATIVE', 'confidence': 0.8}"
1545,"{'sentiment': 'NEGATIVE', 'confidence': 0.9}","{'sentiment': 'NEGATIVE', 'confidence': 0.8}","{'sentiment': 'NEGATIVE', 'confidence': 0.83}"
1546,"{'sentiment': 'POSITIVE', 'confidence': 0.65}","{'sentiment': 'NEUTRAL', 'confidence': 0.5}","{'sentiment': 'POSITIVE', 'confidence': 0.8}"
1547,"{'sentiment': 'NEGATIVE', 'confidence': 0.95}","{'sentiment': 'NEGATIVE', 'confidence': 0.9}","{'sentiment': 'NEGATIVE', 'confidence': 0.5}"
1548,"{'sentiment': 'POSITIVE', 'confidence': 0.8}","{'sentiment': 'NEGATIVE', 'confidence': 0.2}","{'sentiment': 'NEGATIVE', 'confidence': 0.5}"
1549,"{'sentiment': 'NEGATIVE', 'confidence': 0.95}","{'sentiment': 'NEGATIVE', 'confidence': 0.8}","{'sentiment': 'NEGATIVE', 'confidence': 0.7}"
1550,"{'sentiment': 'NEGATIVE', 'confidence': 0.95}","{'sentiment': 'NEUTRAL', 'confidence': 0.2}","{'sentiment': 'NEGATIVE', 'confidence': 0.8}"
1551,"{'sentiment': 'NEUTRAL', 'confidence': 1.0}","{'sentiment': 'NEGATIVE', 'confidence': 0.8}","{'sentiment': 'NEGATIVE', 'confidence': 0.8}"
1552,"{'sentiment': 'POSITIVE', 'confidence': 0.85}","{'sentiment': 'POSITIVE', 'confidence': 0.8}","{'sentiment': 'NEGATIVE', 'confidence': 0.7}"
1553,"{'sentiment': 'NEGATIVE', 'confidence': 1.0}","{'sentiment': 'NEGATIVE', 'confidence': 0.8}","{'sentiment': 'NEGATIVE', 'confidence': 0.8}"
1554,"{'sentiment': 'NEUTRAL', 'confidence': 1.0}","{'sentiment': 'NEGATIVE', 'confidence': 0.8}","{'sentiment': 'NEGATIVE', 'confidence': 0.7}"
1555,"{'sentiment': 'NEUTRAL', 'confidence': 1.0}","{'sentiment': 'NEGATIVE', 'confidence': 0.8}","{'sentiment': 'NEGATIVE', 'confidence': 0.8}"
1556,"{'sentiment': 'NEGATIVE', 'confidence': 0.99}","{'sentiment': 'NEGATIVE', 'confidence': 0.8}","{'sentiment': 'NEGATIVE', 'confidence': 0.3}"
1557,"{'sentiment': 'NEUTRAL', 'confidence': 1.0}","{'sentiment': 'POSITIVE', 'confidence': 0.8}","{'sentiment': 'NEGATIVE', 'confidence': 0.1}"
1558,"{'sentiment': 'NEUTRAL', 'confidence': 0.65}","{'sentiment': 'NEUTRAL', 'confidence': 0.4}","{'sentiment': 'NEGATIVE', 'confidence': 0.8}"
1559,"{'sentiment': 'NEGATIVE', 'confidence': 0.9}","{'sentiment': 'NEGATIVE', 'confidence': 0.9}","{'sentiment': 'NEGATIVE', 'confidence': 0.8}"
1560,"{'sentiment': 'NEGATIVE', 'confidence': 1.0}","{'sentiment': 'NEGATIVE', 'confidence': 0.8}","{'sentiment': 'NEGATIVE', 'confidence': 0.8}"
1561,"{'sentiment': 'POSITIVE', 'confidence': 1}","{'sentiment': 'POSITIVE', 'confidence': 0.8}","{'sentiment': 'NEGATIVE', 'confidence': 0.8}"
1562,"{'sentiment': 'POSITIVE', 'confidence': 1.0}","{'sentiment': 'POSITIVE', 'confidence': 0.9}","{'sentiment': 'POSITIVE', 'confidence': 1}"
1563,"{'sentiment': 'POSITIVE', 'confidence': 0.8}","{'sentiment': 'NEGATIVE', 'confidence': 0.8}","{'sentiment': 'NEGATIVE', 'confidence': 0.8}"
1564,"{'sentiment': 'NEGATIVE', 'confidence': 0.95}","{'sentiment': 'NEGATIVE', 'confidence': 0.9}","{'sentiment': 'NEGATIVE', 'confidence': 0.5}"
1565,"{'sentiment': 'NEUTRAL', 'confidence': 0.7}","{'sentiment': 'NEGATIVE', 'confidence': 0.9}","{'sentiment': 'NEGATIVE', 'confidence': 0.8}"
1566,"{'sentiment': 'NEGATIVE', 'confidence': 1.0}","{'sentiment': 'NEGATIVE', 'confidence': 0.8}","{'sentiment': 'NEGATIVE', 'confidence': 0.8}"
1567,"{'sentiment': 'NEGATIVE', 'confidence': 0.8}","{'sentiment': 'NEGATIVE', 'confidence': 0.8}","{'sentiment': 'NEGATIVE', 'confidence': 0.8}"
1568,"{'sentiment': 'POSITIVE', 'confidence': 1.0}","{'sentiment': 'POSITIVE', 'confidence': 0.8}","{'sentiment': 'POSITIVE', 'confidence': 1}"
1569,"{'sentiment': 'POSITIVE', 'confidence': 1.0}","{'sentiment': 'POSITIVE', 'confidence': 0.8}","{'sentiment': 'POSITIVE', 'confidence': 1}"
1570,"{'sentiment': 'NEUTRAL', 'confidence': 0.75}","{'sentiment': 'NEUTRAL', 'confidence': 0.3}","{'sentiment': 'NEUTRAL', 'confidence': 0.5}"
1571,"{'sentiment': 'POSITIVE', 'confidence': 0.85}","{'sentiment': 'POSITIVE', 'confidence': 0.9}","{'sentiment': 'NEGATIVE', 'confidence': 0.8}"
1572,"{'sentiment': 'NEUTRAL', 'confidence': 1.0}","{'sentiment': 'NEUTRAL', 'confidence': 0.75}","{'sentiment': 'NEGATIVE', 'confidence': 0.8}"
1573,"{'sentiment': 'NEGATIVE', 'confidence': 1.0}","{'sentiment': 'POSITIVE', 'confidence': 0.9}","{'sentiment': 'NEGATIVE', 'confidence': 0.85}"
1574,"{'sentiment': 'POSITIVE', 'confidence': 0.95}","{'sentiment': 'POSITIVE', 'confidence': 0.9}","{'sentiment': 'POSITIVE', 'confidence': 1}"
1575,"{'sentiment': 'POSITIVE', 'confidence': 1.0}","{'sentiment': 'POSITIVE', 'confidence': 0.9}","{'sentiment': 'POSITIVE', 'confidence': 1}"
1576,"{'sentiment': 'NEGATIVE', 'confidence': 0.99}","{'sentiment': 'NEGATIVE', 'confidence': 0.7}","{'sentiment': 'NEGATIVE', 'confidence': 0.8}"
1577,"{'sentiment': 'NEUTRAL', 'confidence': 0.9}","{'sentiment': 'POSITIVE', 'confidence': 0.8}","{'sentiment': 'Neutral', 'confidence': 0.5}"
1578,"{'sentiment': 'NEGATIVE', 'confidence': 0.95}","{'sentiment': 'NEGATIVE', 'confidence': 0.8}","{'sentiment': 'NEGATIVE', 'confidence': 0.7}"
1579,"{'sentiment': 'NEGATIVE', 'confidence': 1.0}","{'sentiment': 'NEGATIVE', 'confidence': 0.8}","{'sentiment': 'NEGATIVE', 'confidence': 0.8}"
1580,"{'sentiment': 'NEUTRAL', 'confidence': 1.0}","{'sentiment': 'NEUTRAL', 'confidence': 0.3}","{'sentiment': 'NEGATIVE', 'confidence': 0.2}"
1581,"{'sentiment': 'NEUTRAL', 'confidence': 0.9}","{'sentiment': 'NEUTRAL', 'confidence': 0.8}","{'sentiment': 'Neutral', 'confidence': 0.5}"
1582,"{'sentiment': 'NEGATIVE', 'confidence': 1.0}","{'sentiment': 'NEGATIVE', 'confidence': 0.9}","{'sentiment': 'NEGATIVE', 'confidence': 0.8}"
1583,"{'sentiment': 'NEGATIVE', 'confidence': 0.99}","{'sentiment': 'NEGATIVE', 'confidence': 0.95}","{'sentiment': 'NEGATIVE', 'confidence': 0.8}"
1584,"{'sentiment': 'NEUTRAL', 'confidence': 0.7}","{'sentiment': 'POSITIVE', 'confidence': 0.9}","{'sentiment': 'NEGATIVE', 'confidence': 0.8}"
1585,"{'sentiment': 'NEGATIVE', 'confidence': 0.8}","{'sentiment': 'NEUTRAL', 'confidence': 0.45}","{'sentiment': 'POSITIVE', 'confidence': 0.85}"
1586,"{'sentiment': 'NEGATIVE', 'confidence': 1.0}","{'sentiment': 'NEGATIVE', 'confidence': 0.95}","{'sentiment': 'NEGATIVE', 'confidence': 0.8}"
1587,"{'sentiment': 'POSITIVE', 'confidence': 0.95}","{'sentiment': 'POSITIVE', 'confidence': 0.9}","{'sentiment': 'POSITIVE', 'confidence': 1}"
1588,"{'sentiment': 'POSITIVE', 'confidence': 1.0}","{'sentiment': 'POSITIVE', 'confidence': 0.9}","{'sentiment': 'POSITIVE', 'confidence': 1}"
1589,"{'sentiment': 'NEGATIVE', 'confidence': 1.0}","{'sentiment': 'NEGATIVE', 'confidence': 0.8}","{'sentiment': 'NEGATIVE', 'confidence': 0.7}"
1590,"{'sentiment': 'POSITIVE', 'confidence': 0.95}","{'sentiment': 'POSITIVE', 'confidence': 0.9}","{'sentiment': 'POSITIVE', 'confidence': 1}"
1591,"{'sentiment': 'NEUTRAL', 'confidence': 1.0}","{'sentiment': 'POSITIVE', 'confidence': 0.8}","{'sentiment': 'POSITIVE', 'confidence': 1}"
1592,"{'sentiment': 'POSITIVE', 'confidence': 0.75}","{'sentiment': 'POSITIVE', 'confidence': 0.85}","{'sentiment': 'POSITIVE', 'confidence': 0.95}"
1593,"{'sentiment': 'NEUTRAL', 'confidence': 0.95}","{'sentiment': 'NEUTRAL', 'confidence': 0.2}","{'sentiment': 'NEGATIVE', 'confidence': 0.8}"
1594,"{'sentiment': 'POSITIVE', 'confidence': 1.0}","{'sentiment': 'POSITIVE', 'confidence': 0.9}","{'sentiment': 'POSITIVE', 'confidence': 0.95}"
1595,"{'sentiment': 'NEUTRAL', 'confidence': 1.0}","{'sentiment': 'NEUTRAL', 'confidence': 0.8}","{'sentiment': 'Neutral', 'confidence': 0.7}"
1596,"{'sentiment': 'NEGATIVE', 'confidence': 0.8}","{'sentiment': 'NEGATIVE', 'confidence': 0.8}","{'sentiment': 'NEGATIVE', 'confidence': 0.8}"
1597,"{'sentiment': 'POSITIVE', 'confidence': 0.85}","{'sentiment': 'POSITIVE', 'confidence': 0.8}","{'sentiment': 'POSITIVE', 'confidence': 1}"
1598,"{'sentiment': 'NEGATIVE', 'confidence': 1.0}","{'sentiment': 'NEGATIVE', 'confidence': 0.8}","{'sentiment': 'NEGATIVE', 'confidence': 0.7}"
1599,"{'sentiment': 'NEUTRAL', 'confidence': 1}","{'sentiment': 'NEGATIVE', 'confidence': 0.8}","{'sentiment': 'NEGATIVE', 'confidence': 0.2}"
1600,"{'sentiment': 'NEGATIVE', 'confidence': 0.95}","{'sentiment': 'NEGATIVE', 'confidence': 0.9}","{'sentiment': 'NEGATIVE', 'confidence': 0.7}"
1601,"{'sentiment': 'POSITIVE', 'confidence': 1.0}","{'sentiment': 'POSITIVE', 'confidence': 0.9}","{'sentiment': 'POSITIVE', 'confidence': 0.95}"
1602,"{'sentiment': 'POSITIVE', 'confidence': 1.0}","{'sentiment': 'POSITIVE', 'confidence': 0.9}","{'sentiment': 'NEGATIVE', 'confidence': 0.25}"
1603,"{'sentiment': 'NEUTRAL', 'confidence': 1.0}","{'sentiment': 'NEGATIVE', 'confidence': 0.8}","{'sentiment': 'NEGATIVE', 'confidence': 0.95}"
1604,"{'sentiment': 'NEGATIVE', 'confidence': 1.0}","{'sentiment': 'NEGATIVE', 'confidence': 0.8}","{'sentiment': 'NEGATIVE', 'confidence': 0.8}"
1605,"{'sentiment': 'NEGATIVE', 'confidence': 1.0}","{'sentiment': 'NEGATIVE', 'confidence': 0.8}","{'sentiment': 'NEGATIVE', 'confidence': 0.8}"
1606,"{'sentiment': 'NEGATIVE', 'confidence': 0.9}","{'sentiment': 'POSITIVE', 'confidence': 0.9}","{'sentiment': 'NEGATIVE', 'confidence': 0.8}"
1607,"{'sentiment': 'NEGATIVE', 'confidence': 1.0}","{'sentiment': 'NEGATIVE', 'confidence': 0.8}","{'sentiment': 'NEGATIVE', 'confidence': 0.8}"
1608,"{'sentiment': 'POSITIVE', 'confidence': 0.99}","{'sentiment': 'POSITIVE', 'confidence': 0.8}","{'sentiment': 'POSITIVE', 'confidence': 1}"
1609,"{'sentiment': 'NEUTRAL', 'confidence': 0.6}","{'sentiment': 'POSITIVE', 'confidence': 0.8}","{'sentiment': 'NEGATIVE', 'confidence': 0.3}"
1610,"{'sentiment': 'POSITIVE', 'confidence': 1.0}","{'sentiment': 'POSITIVE', 'confidence': 0.8}","{'sentiment': 'POSITIVE', 'confidence': 1}"
1611,"{'sentiment': 'POSITIVE', 'confidence': 0.95}","{'sentiment': 'POSITIVE', 'confidence': 0.9}","{'sentiment': 'POSITIVE', 'confidence': 1}"
1612,"{'sentiment': 'NEGATIVE', 'confidence': 0.9}","{'sentiment': 'NEGATIVE', 'confidence': 0.9}","{'sentiment': 'NEGATIVE', 'confidence': 0.7}"
1613,"{'sentiment': 'POSITIVE', 'confidence': 0.95}","{'sentiment': 'NEGATIVE', 'confidence': 0.8}","{'sentiment': 'NEGATIVE', 'confidence': 0.8}"
1614,"{'sentiment': 'NEGATIVE', 'confidence': 1.0}","{'sentiment': 'POSITIVE', 'confidence': 0.9}","{'sentiment': 'NEGATIVE', 'confidence': 0.8}"
1615,"{'sentiment': 'POSITIVE', 'confidence': 1}","{'sentiment': 'POSITIVE', 'confidence': 0.8}","{'sentiment': 'POSITIVE', 'confidence': 1}"
1616,"{'sentiment': 'NEUTRAL', 'confidence': 0.8}","{'sentiment': 'POSITIVE', 'confidence': 0.9}","{'sentiment': 'NEUTRAL', 'confidence': 0.5}"
1617,"{'sentiment': 'POSITIVE', 'confidence': 1.0}","{'sentiment': 'POSITIVE', 'confidence': 0.9}","{'sentiment': 'NEGATIVE', 'confidence': 0.8}"
1618,"{'sentiment': 'POSITIVE', 'confidence': 1.0}","{'sentiment': 'POSITIVE', 'confidence': 0.9}","{'sentiment': 'POSITIVE', 'confidence': 0.95}"
1619,"{'sentiment': 'NEGATIVE', 'confidence': 0.8}","{'sentiment': 'POSITIVE', 'confidence': 0.8}","{'sentiment': 'POSITIVE', 'confidence': 1}"
1620,"{'sentiment': 'NEGATIVE', 'confidence': 0.9}","{'sentiment': 'NEGATIVE', 'confidence': 0.8}","{'sentiment': 'NEGATIVE', 'confidence': 0.25}"
1621,"{'sentiment': 'NEUTRAL', 'confidence': 1.0}","{'sentiment': 'POSITIVE', 'confidence': 0.8}","{'sentiment': 'NEGATIVE', 'confidence': 0.8}"
1622,"{'sentiment': 'NEGATIVE', 'confidence': 1.0}","{'sentiment': 'NEGATIVE', 'confidence': 0.8}","{'sentiment': 'NEGATIVE', 'confidence': 0.75}"
1623,"{'sentiment': 'NEGATIVE', 'confidence': 1.0}","{'sentiment': 'NEGATIVE', 'confidence': 0.9}","{'sentiment': 'NEGATIVE', 'confidence': 0.8}"
1624,"{'sentiment': 'NEGATIVE', 'confidence': 0.9}","{'sentiment': 'NEGATIVE', 'confidence': 0.8}","{'sentiment': 'NEGATIVE', 'confidence': 0.8}"
1625,"{'sentiment': 'POSITIVE', 'confidence': 0.85}","{'sentiment': 'NEUTRAL', 'confidence': 0.7}","{'sentiment': 'POSITIVE', 'confidence': 0.8}"
1626,"{'sentiment': 'NEGATIVE', 'confidence': 1.0}","{'sentiment': 'NEGATIVE', 'confidence': 0.9}","{'sentiment': 'NEGATIVE', 'confidence': 0.4}"
1627,"{'sentiment': 'NEUTRAL', 'confidence': 0.82}","{'sentiment': 'NEGATIVE', 'confidence': 0.8}","{'sentiment': 'NEUTRAL', 'confidence': 0.8}"
1628,"{'sentiment': 'NEGATIVE', 'confidence': 0.9}","{'sentiment': 'NEGATIVE', 'confidence': 0.9}","{'sentiment': 'NEGATIVE', 'confidence': 0.8}"
1629,"{'sentiment': 'NEUTRAL', 'confidence': 0.6}","{'sentiment': 'POSITIVE', 'confidence': 0.8}","{'sentiment': 'NEGATIVE', 'confidence': 0.8}"
1630,"{'sentiment': 'POSITIVE', 'confidence': 0.95}","{'sentiment': 'POSITIVE', 'confidence': 0.9}","{'sentiment': 'POSITIVE', 'confidence': 0.8}"
1631,"{'sentiment': 'NEUTRAL', 'confidence': 0.8}","{'sentiment': 'POSITIVE', 'confidence': 0.9}","{'sentiment': 'NEGATIVE', 'confidence': 0.8}"
1632,"{'sentiment': 'NEGATIVE', 'confidence': 1.0}","{'sentiment': 'NEGATIVE', 'confidence': 0.8}","{'sentiment': 'NEGATIVE', 'confidence': 0.8}"
1633,"{'sentiment': 'NEGATIVE', 'confidence': 1.0}","{'sentiment': 'POSITIVE', 'confidence': 0.9}","{'sentiment': 'NEGATIVE', 'confidence': 0.6}"
1634,"{'sentiment': 'POSITIVE', 'confidence': 0.95}","{'sentiment': 'NEGATIVE', 'confidence': 0.8}","{'sentiment': 'POSITIVE', 'confidence': 1}"
1635,"{'sentiment': 'POSITIVE', 'confidence': 1.0}","{'sentiment': 'POSITIVE', 'confidence': 0.9}","{'sentiment': 'NEGATIVE', 'confidence': 0.8}"
1636,"{'sentiment': 'POSITIVE', 'confidence': 0.8}","{'sentiment': 'NEUTRAL', 'confidence': 0.45}","{'sentiment': 'NEGATIVE', 'confidence': 0.8}"
1637,"{'sentiment': 'NEGATIVE', 'confidence': 1.0}","{'sentiment': 'NEGATIVE', 'confidence': 0.8}","{'sentiment': 'NEGATIVE', 'confidence': 0.8}"
1638,"{'sentiment': 'NEGATIVE', 'confidence': 0.85}","{'sentiment': 'NEGATIVE', 'confidence': 0.6}","{'sentiment': 'NEGATIVE', 'confidence': 0.8}"
1639,"{'sentiment': 'POSITIVE', 'confidence': 0.9}","{'sentiment': 'POSITIVE', 'confidence': 0.8}","{'sentiment': 'POSITIVE', 'confidence': 1}"
1640,"{'sentiment': 'NEGATIVE', 'confidence': 0.7}","{'sentiment': 'NEGATIVE', 'confidence': 0.9}","{'sentiment': 'NEGATIVE', 'confidence': 0.8}"
1641,"{'sentiment': 'NEGATIVE', 'confidence': 0.95}","{'sentiment': 'NEUTRAL', 'confidence': 0.8}","{'sentiment': 'NEGATIVE', 'confidence': 0.8}"
1642,"{'sentiment': 'POSITIVE', 'confidence': 0.95}","{'sentiment': 'POSITIVE', 'confidence': 0.8}","{'sentiment': 'POSITIVE', 'confidence': 0.95}"
1643,"{'sentiment': 'POSITIVE', 'confidence': 0.7}","{'sentiment': 'NEUTRAL', 'confidence': 0.3}","{'sentiment': 'NEUTRAL', 'confidence': 0.8}"
1644,"{'sentiment': 'POSITIVE', 'confidence': 0.9}","{'sentiment': 'NEUTRAL', 'confidence': 0.4}","{'sentiment': 'POSITIVE', 'confidence': 1}"
1645,"{'sentiment': 'POSITIVE', 'confidence': 1.0}","{'sentiment': 'POSITIVE', 'confidence': 0.9}","{'sentiment': 'POSITIVE', 'confidence': 1}"
1646,"{'sentiment': 'POSITIVE', 'confidence': 0.95}","{'sentiment': 'POSITIVE', 'confidence': 0.9}","{'sentiment': 'POSITIVE', 'confidence': 0.8}"
1647,"{'sentiment': 'NEGATIVE', 'confidence': 0.95}","{'sentiment': 'NEGATIVE', 'confidence': 0.8}","{'sentiment': 'NEGATIVE', 'confidence': 0.75}"
1648,"{'sentiment': 'POSITIVE', 'confidence': 1.0}","{'sentiment': 'POSITIVE', 'confidence': 1}","{'sentiment': 'POSITIVE', 'confidence': 1}"
1649,"{'sentiment': 'NEUTRAL', 'confidence': 0.6}","{'sentiment': 'NEGATIVE', 'confidence': 0.7}","{'sentiment': 'NEGATIVE', 'confidence': 0.8}"
1650,"{'sentiment': 'POSITIVE', 'confidence': 1.0}","{'sentiment': 'POSITIVE', 'confidence': 0.9}","{'sentiment': 'NEGATIVE', 'confidence': 0.8}"
1651,"{'sentiment': 'POSITIVE', 'confidence': 1}","{'sentiment': 'POSITIVE', 'confidence': 0.9}","{'sentiment': 'POSITIVE', 'confidence': 0.98}"
1652,"{'sentiment': 'POSITIVE', 'confidence': 1.0}","{'sentiment': 'POSITIVE', 'confidence': 0.9}","{'sentiment': 'POSITIVE', 'confidence': 1}"
1653,"{'sentiment': 'NEGATIVE', 'confidence': 0.9}","{'sentiment': 'NEGATIVE', 'confidence': 0.8}","{'sentiment': 'NEGATIVE', 'confidence': 0.8}"
1654,"{'sentiment': 'NEGATIVE', 'confidence': 1.0}","{'sentiment': 'NEGATIVE', 'confidence': 0.9}","{'sentiment': 'NEGATIVE', 'confidence': 0.8}"
1655,"{'sentiment': 'POSITIVE', 'confidence': 1.0}","{'sentiment': 'POSITIVE', 'confidence': 0.9}","{'sentiment': 'POSITIVE', 'confidence': 1}"
1656,"{'sentiment': 'NEGATIVE', 'confidence': 0.9}","{'sentiment': 'NEGATIVE', 'confidence': 0.8}","{'sentiment': 'NEGATIVE', 'confidence': 0.6}"
1657,"{'sentiment': 'NEGATIVE', 'confidence': 0.99}","{'sentiment': 'NEGATIVE', 'confidence': 0.8}","{'sentiment': 'NEGATIVE', 'confidence': 0.8}"
1658,"{'sentiment': 'POSITIVE', 'confidence': 1.0}","{'sentiment': 'POSITIVE', 'confidence': 0.9}","{'sentiment': 'POSITIVE', 'confidence': 1}"
1659,"{'sentiment': 'NEGATIVE', 'confidence': 0.95}","{'sentiment': 'NEGATIVE', 'confidence': 0.8}","{'sentiment': 'NEGATIVE', 'confidence': 0.8}"
1660,"{'sentiment': 'NEUTRAL', 'confidence': 0.7}","{'sentiment': 'NEGATIVE', 'confidence': 0.33}","{'sentiment': 'NEGATIVE', 'confidence': 0.8}"
1661,"{'sentiment': 'NEUTRAL', 'confidence': 1.0}","{'sentiment': 'NEGATIVE', 'confidence': 0.6}","{'sentiment': 'NEGATIVE', 'confidence': 0.7}"
1662,"{'sentiment': 'NEGATIVE', 'confidence': 0.95}","{'sentiment': 'NEGATIVE', 'confidence': 0.9}","{'sentiment': 'NEGATIVE', 'confidence': 0.8}"
1663,"{'sentiment': 'NEUTRAL', 'confidence': 1.0}","{'sentiment': 'POSITIVE', 'confidence': 0.8}","{'sentiment': 'NEGATIVE', 'confidence': 0.8}"
1664,"{'sentiment': 'POSITIVE', 'confidence': 1.0}","{'sentiment': 'POSITIVE', 'confidence': 0.8}","{'sentiment': 'POSITIVE', 'confidence': 1}"
1665,"{'sentiment': 'NEGATIVE', 'confidence': 1.0}","{'sentiment': 'NEGATIVE', 'confidence': 0.9}","{'sentiment': 'NEGATIVE', 'confidence': 0.8}"
1666,"{'sentiment': 'POSITIVE', 'confidence': 1.0}","{'sentiment': 'POSITIVE', 'confidence': 0.9}","{'sentiment': 'POSITIVE', 'confidence': 1}"
1667,"{'sentiment': 'POSITIVE', 'confidence': 0.9}","{'sentiment': 'POSITIVE', 'confidence': 0.8}","{'sentiment': 'NEGATIVE', 'confidence': 0.8}"
1668,"{'sentiment': 'POSITIVE', 'confidence': 0.95}","{'sentiment': 'POSITIVE', 'confidence': 0.8}","{'sentiment': 'POSITIVE', 'confidence': 0.8}"
1669,"{'sentiment': 'NEGATIVE', 'confidence': 0.99}","{'sentiment': 'NEGATIVE', 'confidence': 0.8}","{'sentiment': 'NEGATIVE', 'confidence': 0.8}"
1670,"{'sentiment': 'NEGATIVE', 'confidence': 1.0}","{'sentiment': 'NEGATIVE', 'confidence': 0.9}","{'sentiment': 'NEGATIVE', 'confidence': 0.3}"
1671,"{'sentiment': 'POSITIVE', 'confidence': 0.999}","{'sentiment': 'POSITIVE', 'confidence': 0.9}","{'sentiment': 'POSITIVE', 'confidence': 1}"
1672,"{'sentiment': 'NEGATIVE', 'confidence': 0.9}","{'sentiment': 'NEGATIVE', 'confidence': 0.8}","{'sentiment': 'NEGATIVE', 'confidence': 0.8}"
1673,"{'sentiment': 'POSITIVE', 'confidence': 1.0}","{'sentiment': 'POSITIVE', 'confidence': 0.9}","{'sentiment': 'POSITIVE', 'confidence': 0.85}"
1674,"{'sentiment': 'POSITIVE', 'confidence': 0.95}","{'sentiment': 'POSITIVE', 'confidence': 0.9}","{'sentiment': 'POSITIVE', 'confidence': 1.0}"
1675,"{'sentiment': 'POSITIVE', 'confidence': 0.95}","{'sentiment': 'POSITIVE', 'confidence': 0.9}","{'sentiment': 'POSITIVE', 'confidence': 1}"
1676,"{'sentiment': 'NEGATIVE', 'confidence': 1.0}","{'sentiment': 'NEGATIVE', 'confidence': 0.8}","{'sentiment': 'NEGATIVE', 'confidence': 0.8}"
1677,"{'sentiment': 'NEGATIVE', 'confidence': 1.0}","{'sentiment': 'NEGATIVE', 'confidence': 0.8}","{'sentiment': 'NEGATIVE', 'confidence': 0.8}"
1678,"{'sentiment': 'POSITIVE', 'confidence': 1.0}","{'sentiment': 'POSITIVE', 'confidence': 0.95}","{'sentiment': 'POSITIVE', 'confidence': 1}"
1679,"{'sentiment': 'POSITIVE', 'confidence': 0.8}","{'sentiment': 'POSITIVE', 'confidence': 0.9}","{'sentiment': 'POSITIVE', 'confidence': 0.95}"
1680,"{'sentiment': 'NEUTRAL', 'confidence': 0.8}","{'sentiment': 'NEGATIVE', 'confidence': 0.8}","{'sentiment': 'NEGATIVE', 'confidence': 0.8}"
1681,"{'sentiment': 'POSITIVE', 'confidence': 0.99}","{'sentiment': 'POSITIVE', 'confidence': 0.9}","{'sentiment': 'NEGATIVE', 'confidence': 0.8}"
1682,"{'sentiment': 'NEGATIVE', 'confidence': 1.0}","{'sentiment': 'NEGATIVE', 'confidence': 0.9}","{'sentiment': 'NEGATIVE', 'confidence': 0.8}"
1683,"{'sentiment': 'POSITIVE', 'confidence': 1.0}","{'sentiment': 'POSITIVE', 'confidence': 0.9}","{'sentiment': 'POSITIVE', 'confidence': 1}"
1684,"{'sentiment': 'NEGATIVE', 'confidence': 1.0}","{'sentiment': 'NEGATIVE', 'confidence': 0.8}","{'sentiment': 'NEGATIVE', 'confidence': 0.8}"
1685,"{'sentiment': 'POSITIVE', 'confidence': 0.8}","{'sentiment': 'POSITIVE', 'confidence': 0.8}","{'sentiment': 'POSITIVE', 'confidence': 0.75}"
1686,"{'sentiment': 'NEGATIVE', 'confidence': 0.99}","{'sentiment': 'NEGATIVE', 'confidence': 0.9}","{'sentiment': 'NEGATIVE', 'confidence': 0.8}"
1687,"{'sentiment': 'NEGATIVE', 'confidence': 0.99}","{'sentiment': 'NEGATIVE', 'confidence': 0.8}","{'sentiment': 'Negative', 'confidence': 0.8}"
1688,"{'sentiment': 'POSITIVE', 'confidence': 1}","{'sentiment': 'POSITIVE', 'confidence': 0.9}","{'sentiment': 'POSITIVE', 'confidence': 1}"
1689,"{'sentiment': 'POSITIVE', 'confidence': 0.95}","{'sentiment': 'POSITIVE', 'confidence': 0.95}","{'sentiment': 'POSITIVE', 'confidence': 0.8}"
1690,"{'sentiment': 'POSITIVE', 'confidence': 0.95}","{'sentiment': 'POSITIVE', 'confidence': 0.8}","{'sentiment': 'POSITIVE', 'confidence': 0.8}"
1691,"{'sentiment': 'NEGATIVE', 'confidence': 1.0}","{'sentiment': 'NEGATIVE', 'confidence': 0.8}","{'sentiment': 'NEGATIVE', 'confidence': 0.8}"
1692,"{'sentiment': 'NEGATIVE', 'confidence': 0.95}","{'sentiment': 'NEGATIVE', 'confidence': 0.8}","{'sentiment': 'NEGATIVE', 'confidence': 0.7}"
1693,"{'sentiment': 'POSITIVE', 'confidence': 1.0}","{'sentiment': 'POSITIVE', 'confidence': 0.9}","{'sentiment': 'POSITIVE', 'confidence': 0.95}"
1694,"{'sentiment': 'NEUTRAL', 'confidence': 0.85}","{'sentiment': 'NEUTRAL', 'confidence': 0.4}","{'sentiment': 'NEGATIVE', 'confidence': 0.8}"
1695,"{'sentiment': 'NEUTRAL', 'confidence': 1.0}","{'sentiment': 'NEGATIVE', 'confidence': 0.2}","{'sentiment': 'NEGATIVE', 'confidence': 0.8}"
1696,"{'sentiment': 'NEGATIVE', 'confidence': 0.9}","{'sentiment': 'NEGATIVE', 'confidence': 0.8}","{'sentiment': 'NEGATIVE', 'confidence': 0.5}"
1697,"{'sentiment': 'POSITIVE', 'confidence': 1.0}","{'sentiment': 'POSITIVE', 'confidence': 0.9}","{'sentiment': 'POSITIVE', 'confidence': 0.95}"
1698,"{'sentiment': 'NEGATIVE', 'confidence': 0.95}","{'sentiment': 'NEGATIVE', 'confidence': 0.9}","{'sentiment': 'NEGATIVE', 'confidence': 0.8}"
1699,"{'sentiment': 'NEGATIVE', 'confidence': 0.99}","{'sentiment': 'NEGATIVE', 'confidence': 0.8}","{'sentiment': 'NEGATIVE', 'confidence': 0.7}"
1700,"{'sentiment': 'NEUTRAL', 'confidence': 0.8}","{'sentiment': 'POSITIVE', 'confidence': 0.8}","{'sentiment': 'POSITIVE', 'confidence': 1}"
1701,"{'sentiment': 'POSITIVE', 'confidence': 0.9}","{'sentiment': 'NEGATIVE', 'confidence': 0.5}","{'sentiment': 'POSITIVE', 'confidence': 0.8}"
1702,"{'sentiment': 'NEGATIVE', 'confidence': 0.95}","{'sentiment': 'NEGATIVE', 'confidence': 0.8}","{'sentiment': 'NEGATIVE', 'confidence': 0.8}"
1703,"{'sentiment': 'POSITIVE', 'confidence': 1.0}","{'sentiment': 'POSITIVE', 'confidence': 0.9}","{'sentiment': 'POSITIVE', 'confidence': 1}"
1704,"{'sentiment': 'POSITIVE', 'confidence': 0.95}","{'sentiment': 'NEUTRAL', 'confidence': 0.5}","{'sentiment': 'NEUTRAL', 'confidence': 0.5}"
1705,"{'sentiment': 'NEGATIVE', 'confidence': 1.0}","{'sentiment': 'NEGATIVE', 'confidence': 0.9}","{'sentiment': 'NEGATIVE', 'confidence': 0.8}"
1706,"{'sentiment': 'POSITIVE', 'confidence': 0.9}","{'sentiment': 'NEGATIVE', 'confidence': 0.8}","{'sentiment': 'POSITIVE', 'confidence': 0.8}"
1707,"{'sentiment': 'POSITIVE', 'confidence': 0.75}","{'sentiment': 'NEUTRAL', 'confidence': 0.5}","{'sentiment': 'NEUTRAL', 'confidence': 0.5}"
1708,"{'sentiment': 'NEGATIVE', 'confidence': 0.99}","{'sentiment': 'NEGATIVE', 'confidence': 0.9}","{'sentiment': 'NEGATIVE', 'confidence': 0.8}"
1709,"{'sentiment': 'NEUTRAL', 'confidence': 0.75}","{'sentiment': 'POSITIVE', 'confidence': 0.8}","{'sentiment': 'NEGATIVE', 'confidence': 0.8}"
1710,"{'sentiment': 'NEGATIVE', 'confidence': 0.95}","{'sentiment': 'NEGATIVE', 'confidence': 0.8}","{'sentiment': 'NEGATIVE', 'confidence': 0.8}"
1711,"{'sentiment': 'NEUTRAL', 'confidence': 0.8}","{'sentiment': 'NEUTRAL', 'confidence': 0.6}","{'sentiment': 'NEGATIVE', 'confidence': 0.1}"
1712,"{'sentiment': 'NEUTRAL', 'confidence': 0.8}","{'sentiment': 'NEUTRAL', 'confidence': 0.6}","{'sentiment': 'NEGATIVE', 'confidence': 0.8}"
1713,"{'sentiment': 'NEGATIVE', 'confidence': 1.0}","{'sentiment': 'NEGATIVE', 'confidence': 0.95}","{'sentiment': 'NEGATIVE', 'confidence': 0.8}"
1714,"{'sentiment': 'NEGATIVE', 'confidence': 0.95}","{'sentiment': 'NEGATIVE', 'confidence': 0.8}","{'sentiment': 'NEGATIVE', 'confidence': 0.3}"
1715,"{'sentiment': 'NEUTRAL', 'confidence': 0.5}","{'sentiment': 'NEGATIVE', 'confidence': 0.8}","{'sentiment': 'NEGATIVE', 'confidence': 0.8}"
1716,"{'sentiment': 'NEGATIVE', 'confidence': 0.95}","{'sentiment': 'NEGATIVE', 'confidence': 0.8}","{'sentiment': 'NEGATIVE', 'confidence': 0.8}"
1717,"{'sentiment': 'POSITIVE', 'confidence': 0.95}","{'sentiment': 'POSITIVE', 'confidence': 0.9}","{'sentiment': 'POSITIVE', 'confidence': 1}"
1718,"{'sentiment': 'POSITIVE', 'confidence': 0.85}","{'sentiment': 'POSITIVE', 'confidence': 0.8}","{'sentiment': 'NEGATIVE', 'confidence': 0.8}"
1719,"{'sentiment': 'POSITIVE', 'confidence': 0.9}","{'sentiment': 'POSITIVE', 'confidence': 0.9}","{'sentiment': 'POSITIVE', 'confidence': 0.8}"
1720,"{'sentiment': 'NEUTRAL', 'confidence': 0.85}","{'sentiment': 'NEGATIVE', 'confidence': 0.8}","{'sentiment': 'POSITIVE', 'confidence': 0.95}"
1721,"{'sentiment': 'NEGATIVE', 'confidence': 0.99}","{'sentiment': 'NEGATIVE', 'confidence': 0.85}","{'sentiment': 'NEGATIVE', 'confidence': 0.85}"
1722,"{'sentiment': 'NEUTRAL', 'confidence': 0.5}","{'sentiment': 'NEUTRAL', 'confidence': 0.7}","{'sentiment': 'NEGATIVE', 'confidence': 0.2}"
1723,"{'sentiment': 'POSITIVE', 'confidence': 0.95}","{'sentiment': 'POSITIVE', 'confidence': 0.9}","{'sentiment': 'POSITIVE', 'confidence': 1}"
1724,"{'sentiment': 'POSITIVE', 'confidence': 0.9}","{'sentiment': 'POSITIVE', 'confidence': 0.8}","{'sentiment': 'POSITIVE', 'confidence': 1}"
1725,"{'sentiment': 'NEGATIVE', 'confidence': 0.85}","{'sentiment': 'NEGATIVE', 'confidence': 0.8}","{'sentiment': 'NEGATIVE', 'confidence': 0.8}"
1726,"{'sentiment': 'NEUTRAL', 'confidence': 0.75}","{'sentiment': 'NEGATIVE', 'confidence': 0.8}","{'sentiment': 'NEGATIVE', 'confidence': 0.3}"
1727,"{'sentiment': 'POSITIVE', 'confidence': 0.5}","{'sentiment': 'POSITIVE', 'confidence': 0.8}","{'sentiment': 'NEGATIVE', 'confidence': 0.8}"
1728,"{'sentiment': 'NEGATIVE', 'confidence': 0.89}","{'sentiment': 'NEGATIVE', 'confidence': 0.8}","{'sentiment': 'NEGATIVE', 'confidence': 0.8}"
1729,"{'sentiment': 'POSITIVE', 'confidence': 1.0}","{'sentiment': 'POSITIVE', 'confidence': 0.8}","{'sentiment': 'POSITIVE', 'confidence': 1}"
1730,"{'sentiment': 'NEUTRAL', 'confidence': 1.0}","{'sentiment': 'NEUTRAL', 'confidence': 0.67}","{'sentiment': 'NEGATIVE', 'confidence': 0.2}"
1731,"{'sentiment': 'POSITIVE', 'confidence': 0.95}","{'sentiment': 'POSITIVE', 'confidence': 0.9}","{'sentiment': 'POSITIVE', 'confidence': 0.95}"
1732,"{'sentiment': 'NEGATIVE', 'confidence': 1.0}","{'sentiment': 'NEGATIVE', 'confidence': 0.8}","{'sentiment': 'NEGATIVE', 'confidence': 0.8}"
1733,"{'sentiment': 'NEGATIVE', 'confidence': 0.9}","{'sentiment': 'NEGATIVE', 'confidence': 0.8}","{'sentiment': 'NEGATIVE', 'confidence': 0.5}"
1734,"{'sentiment': 'NEUTRAL', 'confidence': 0.95}","{'sentiment': 'NEUTRAL', 'confidence': 0.6}","{'sentiment': 'POSITIVE', 'confidence': 0.8}"
1735,"{'sentiment': 'NEGATIVE', 'confidence': 1}","{'sentiment': 'NEGATIVE', 'confidence': 0.83}","{'sentiment': 'NEGATIVE', 'confidence': 0.8}"
1736,"{'sentiment': 'NEUTRAL', 'confidence': 0.75}","{'sentiment': 'NEGATIVE', 'confidence': 0.7}","{'sentiment': 'NEGATIVE', 'confidence': 0.8}"
1737,"{'sentiment': 'NEGATIVE', 'confidence': 0.9}","{'sentiment': 'NEGATIVE', 'confidence': 0.9}","{'sentiment': 'NEGATIVE', 'confidence': 0.8}"
1738,"{'sentiment': 'NEGATIVE', 'confidence': 1.0}","{'sentiment': 'NEGATIVE', 'confidence': 0.8}","{'sentiment': 'NEGATIVE', 'confidence': 0.8}"
1739,"{'sentiment': 'NEUTRAL', 'confidence': 0.7}","{'sentiment': 'POSITIVE', 'confidence': 0.8}","{'sentiment': 'POSITIVE', 'confidence': 1}"
1740,"{'sentiment': 'NEGATIVE', 'confidence': 1.0}","{'sentiment': 'NEGATIVE', 'confidence': 0.8}","{'sentiment': 'NEGATIVE', 'confidence': 0.8}"
1741,"{'sentiment': 'POSITIVE', 'confidence': 0.9}","{'sentiment': 'POSITIVE', 'confidence': 0.9}","{'sentiment': 'POSITIVE', 'confidence': 0.95}"
1742,"{'sentiment': 'POSITIVE', 'confidence': 1.0}","{'sentiment': 'POSITIVE', 'confidence': 0.8}","{'sentiment': 'NEGATIVE', 'confidence': 0.85}"
1743,"{'sentiment': 'POSITIVE', 'confidence': 0.85}","{'sentiment': 'POSITIVE', 'confidence': 0.9}","{'sentiment': 'POSITIVE', 'confidence': 0.95}"
1744,"{'sentiment': 'NEGATIVE', 'confidence': 0.9}","{'sentiment': 'NEGATIVE', 'confidence': 0.8}","{'sentiment': 'NEGATIVE', 'confidence': 0.7}"
1745,"{'sentiment': 'POSITIVE', 'confidence': 1}","{'sentiment': 'POSITIVE', 'confidence': 0.9}","{'sentiment': 'POSITIVE', 'confidence': 1}"
1746,"{'sentiment': 'POSITIVE', 'confidence': 1.0}","{'sentiment': 'POSITIVE', 'confidence': 0.8}","{'sentiment': 'POSITIVE', 'confidence': 1}"
1747,"{'sentiment': 'POSITIVE', 'confidence': 0.99}","{'sentiment': 'POSITIVE', 'confidence': 0.9}","{'sentiment': 'POSITIVE', 'confidence': 0.85}"
1748,"{'sentiment': 'POSITIVE', 'confidence': 1.0}","{'sentiment': 'POSITIVE', 'confidence': 0.9}","{'sentiment': 'POSITIVE', 'confidence': 0.95}"
1749,"{'sentiment': 'NEUTRAL', 'confidence': 1.0}","{'sentiment': 'NEUTRAL', 'confidence': 0.5}","{'sentiment': 'POSITIVE', 'confidence': 1}"
1750,"{'sentiment': 'NEGATIVE', 'confidence': 0.98}","{'sentiment': 'NEGATIVE', 'confidence': 0.8}","{'sentiment': 'NEGATIVE', 'confidence': 0.8}"
1751,"{'sentiment': 'POSITIVE', 'confidence': 0.85}","{'sentiment': 'POSITIVE', 'confidence': 0.83}","{'sentiment': 'POSITIVE', 'confidence': 0.8}"
1752,"{'sentiment': 'NEUTRAL', 'confidence': 0.9}","{'sentiment': 'POSITIVE', 'confidence': 0.9}","{'sentiment': 'POSITIVE', 'confidence': 1}"
1753,"{'sentiment': 'NEGATIVE', 'confidence': 1.0}","{'sentiment': 'NEUTRAL', 'confidence': 0.6}","{'sentiment': 'NEGATIVE', 'confidence': 0.5}"
1754,"{'sentiment': 'NEUTRAL', 'confidence': 1.0}","{'sentiment': 'NEGATIVE', 'confidence': 0.9}","{'sentiment': 'NEGATIVE', 'confidence': 0.8}"
1755,"{'sentiment': 'POSITIVE', 'confidence': 0.8}","{'sentiment': 'POSITIVE', 'confidence': 0.9}","{'sentiment': 'POSITIVE', 'confidence': 0.85}"
1756,"{'sentiment': 'NEGATIVE', 'confidence': 1.0}","{'sentiment': 'NEGATIVE', 'confidence': 0.8}","{'sentiment': 'NEGATIVE', 'confidence': 0.8}"
1757,"{'sentiment': 'POSITIVE', 'confidence': 0.95}","{'sentiment': 'POSITIVE', 'confidence': 0.95}","{'sentiment': 'POSITIVE', 'confidence': 0.8}"
1758,"{'sentiment': 'NEGATIVE', 'confidence': 0.99}","{'sentiment': 'NEUTRAL', 'confidence': 0.55}","{'sentiment': 'NEGATIVE', 'confidence': 0.8}"
1759,"{'sentiment': 'POSITIVE', 'confidence': 0.9}","{'sentiment': 'POSITIVE', 'confidence': 0.9}","{'sentiment': 'POSITIVE', 'confidence': 0.95}"
1760,"{'sentiment': 'NEGATIVE', 'confidence': 0.99}","{'sentiment': 'NEGATIVE', 'confidence': 0.8}","{'sentiment': 'NEGATIVE', 'confidence': 0.8}"
1761,"{'sentiment': 'POSITIVE', 'confidence': 0.85}","{'sentiment': 'POSITIVE', 'confidence': 0.9}","{'sentiment': 'POSITIVE', 'confidence': 0.8}"
1762,"{'sentiment': 'POSITIVE', 'confidence': 0.8}","{'sentiment': 'POSITIVE', 'confidence': 0.8}","{'sentiment': 'NEGATIVE', 'confidence': 0.8}"
1763,"{'sentiment': 'NEGATIVE', 'confidence': 1.0}","{'sentiment': 'NEGATIVE', 'confidence': 0.8}","{'sentiment': 'NEGATIVE', 'confidence': 0.8}"
1764,"{'sentiment': 'POSITIVE', 'confidence': 0.99}","{'sentiment': 'POSITIVE', 'confidence': 0.9}","{'sentiment': 'POSITIVE', 'confidence': 0.9}"
1765,"{'sentiment': 'NEGATIVE', 'confidence': 0.95}","{'sentiment': 'NEGATIVE', 'confidence': 0.8}","{'sentiment': 'NEGATIVE', 'confidence': 0.8}"
1766,"{'sentiment': 'POSITIVE', 'confidence': 0.7}","{'sentiment': 'POSITIVE', 'confidence': 0.9}","{'sentiment': 'NEGATIVE', 'confidence': 0.8}"
1767,"{'sentiment': 'NEGATIVE', 'confidence': 0.8}","{'sentiment': 'NEGATIVE', 'confidence': 0.8}","{'sentiment': 'NEGATIVE', 'confidence': 0.75}"
1768,"{'sentiment': 'NEGATIVE', 'confidence': 1.0}","{'sentiment': 'NEGATIVE', 'confidence': 0.8}","{'sentiment': 'NEGATIVE', 'confidence': 0.8}"
1769,"{'sentiment': 'POSITIVE', 'confidence': 0.9}","{'sentiment': 'NEGATIVE', 'confidence': 0.8}","{'sentiment': 'NEGATIVE', 'confidence': 0.7}"
1770,"{'sentiment': 'NEUTRAL', 'confidence': 0.5}","{'sentiment': 'NEGATIVE', 'confidence': 0.8}","{'sentiment': 'NEGATIVE', 'confidence': 0.8}"
1771,"{'sentiment': 'POSITIVE', 'confidence': 0.8}","{'sentiment': 'NEGATIVE', 'confidence': 0.9}","{'sentiment': 'POSITIVE', 'confidence': 0.8}"
1772,"{'sentiment': 'NEUTRAL', 'confidence': 0.8}","{'sentiment': 'NEGATIVE', 'confidence': 0.8}","{'sentiment': 'NEGATIVE', 'confidence': 0.8}"
1773,"{'sentiment': 'POSITIVE', 'confidence': 1.0}","{'sentiment': 'POSITIVE', 'confidence': 0.9}","{'sentiment': 'POSITIVE', 'confidence': 1}"
1774,"{'sentiment': 'POSITIVE', 'confidence': 1.0}","{'sentiment': 'POSITIVE', 'confidence': 0.9}","{'sentiment': 'POSITIVE', 'confidence': 0.95}"
1775,"{'sentiment': 'POSITIVE', 'confidence': 1.0}","{'sentiment': 'NEGATIVE', 'confidence': 0.8}","{'sentiment': 'NEGATIVE', 'confidence': 0.7}"
1776,"{'sentiment': 'POSITIVE', 'confidence': 0.95}","{'sentiment': 'POSITIVE', 'confidence': 0.9}","{'sentiment': 'POSITIVE', 'confidence': 0.7}"
1777,"{'sentiment': 'NEGATIVE', 'confidence': 1.0}","{'sentiment': 'NEGATIVE', 'confidence': 0.8}","{'sentiment': 'NEGATIVE', 'confidence': 0.8}"
1778,"{'sentiment': 'NEGATIVE', 'confidence': 1.0}","{'sentiment': 'NEGATIVE', 'confidence': 0.9}","{'sentiment': 'NEGATIVE', 'confidence': 0.75}"
1779,"{'sentiment': 'NEGATIVE', 'confidence': 0.99}","{'sentiment': 'NEGATIVE', 'confidence': 0.8}","{'sentiment': 'NEGATIVE', 'confidence': 0.8}"
1780,"{'sentiment': 'POSITIVE', 'confidence': 1}","{'sentiment': 'POSITIVE', 'confidence': 0.9}","{'sentiment': 'POSITIVE', 'confidence': 1}"
1781,"{'sentiment': 'POSITIVE', 'confidence': 1.0}","{'sentiment': 'POSITIVE', 'confidence': 0.9}","{'sentiment': 'POSITIVE', 'confidence': 1}"
1782,"{'sentiment': 'POSITIVE', 'confidence': 1.0}","{'sentiment': 'POSITIVE', 'confidence': 0.9}","{'sentiment': 'POSITIVE', 'confidence': 1}"
1783,"{'sentiment': 'NEGATIVE', 'confidence': 1}","{'sentiment': 'NEGATIVE', 'confidence': 0.9}","{'sentiment': 'NEGATIVE', 'confidence': 0.8}"
1784,"{'sentiment': 'POSITIVE', 'confidence': 0.8}","{'sentiment': 'POSITIVE', 'confidence': 0.9}","{'sentiment': 'POSITIVE', 'confidence': 0.8}"
1785,"{'sentiment': 'NEUTRAL', 'confidence': 0.8}","{'sentiment': 'NEGATIVE', 'confidence': 0.8}","{'sentiment': 'NEGATIVE', 'confidence': 0.7}"
1786,"{'sentiment': 'POSITIVE', 'confidence': 0.8}","{'sentiment': 'NEGATIVE', 'confidence': 0.4}","{'sentiment': 'POSITIVE', 'confidence': 0.8}"
1787,"{'sentiment': 'NEUTRAL', 'confidence': 0.5}","{'sentiment': 'POSITIVE', 'confidence': 0.8}","{'sentiment': 'NEGATIVE', 'confidence': 0.72}"
1788,"{'sentiment': 'POSITIVE', 'confidence': 0.6}","{'sentiment': 'POSITIVE', 'confidence': 0.8}","{'sentiment': 'POSITIVE', 'confidence': 0.95}"
1789,"{'sentiment': 'POSITIVE', 'confidence': 0.99}","{'sentiment': 'POSITIVE', 'confidence': 0.9}","{'sentiment': 'POSITIVE', 'confidence': 1}"
1790,"{'sentiment': 'POSITIVE', 'confidence': 0.95}","{'sentiment': 'POSITIVE', 'confidence': 0.8}","{'sentiment': 'POSITIVE', 'confidence': 0.98}"
1791,"{'sentiment': 'POSITIVE', 'confidence': 0.9}","{'sentiment': 'POSITIVE', 'confidence': 0.9}","{'sentiment': 'NEGATIVE', 'confidence': 0.8}"
1792,"{'sentiment': 'NEGATIVE', 'confidence': 1.0}","{'sentiment': 'NEGATIVE', 'confidence': 0.9}","{'sentiment': 'NEGATIVE', 'confidence': 0.8}"
1793,"{'sentiment': 'POSITIVE', 'confidence': 0.95}","{'sentiment': 'POSITIVE', 'confidence': 0.9}","{'sentiment': 'POSITIVE', 'confidence': 0.95}"
1794,"{'sentiment': 'NEGATIVE', 'confidence': 1.0}","{'sentiment': 'NEGATIVE', 'confidence': 0.9}","{'sentiment': 'NEGATIVE', 'confidence': 0.8}"
1795,"{'sentiment': 'NEUTRAL', 'confidence': 0.99}","{'sentiment': 'POSITIVE', 'confidence': 0.8}","{'sentiment': 'NEGATIVE', 'confidence': 0.7}"
1796,"{'sentiment': 'NEGATIVE', 'confidence': 1.0}","{'sentiment': 'NEGATIVE', 'confidence': 0.9}","{'sentiment': 'NEGATIVE', 'confidence': 0.8}"
1797,"{'sentiment': 'NEGATIVE', 'confidence': 0.95}","{'sentiment': 'NEGATIVE', 'confidence': 0.8}","{'sentiment': 'NEGATIVE', 'confidence': 0.7}"
1798,"{'sentiment': 'POSITIVE', 'confidence': 0.65}","{'sentiment': 'POSITIVE', 'confidence': 0.8}","{'sentiment': 'POSITIVE', 'confidence': 1}"
1799,"{'sentiment': 'NEGATIVE', 'confidence': 0.95}","{'sentiment': 'NEGATIVE', 'confidence': 0.9}","{'sentiment': 'NEGATIVE', 'confidence': 0.8}"
1800,"{'sentiment': 'NEGATIVE', 'confidence': 1}","{'sentiment': 'NEUTRAL', 'confidence': 0.5}","{'sentiment': 'NEGATIVE', 'confidence': 0.8}"
1801,"{'sentiment': 'POSITIVE', 'confidence': '1.0'}","{'sentiment': 'POSITIVE', 'confidence': 0.9}","{'sentiment': 'POSITIVE', 'confidence': 1}"
1802,"{'sentiment': 'POSITIVE', 'confidence': 1.0}","{'sentiment': 'POSITIVE', 'confidence': 0.96}","{'sentiment': 'POSITIVE', 'confidence': 0.95}"
1803,"{'sentiment': 'NEGATIVE', 'confidence': 1.0}","{'sentiment': 'NEGATIVE', 'confidence': 0.9}","{'sentiment': 'NEGATIVE', 'confidence': 0.8}"
1804,"{'sentiment': 'NEGATIVE', 'confidence': 0.9}","{'sentiment': 'NEGATIVE', 'confidence': 0.8}","{'sentiment': 'NEGATIVE', 'confidence': 0.8}"
1805,"{'sentiment': 'NEGATIVE', 'confidence': 0.95}","{'sentiment': 'NEGATIVE', 'confidence': 0.8}","{'sentiment': 'NEGATIVE', 'confidence': 0.8}"
1806,"{'sentiment': 'POSITIVE', 'confidence': 0.8}","{'sentiment': 'NEGATIVE', 'confidence': 0.8}","{'sentiment': 'NEGATIVE', 'confidence': 0.5}"
1807,"{'sentiment': 'NEGATIVE', 'confidence': 1.0}","{'sentiment': 'NEGATIVE', 'confidence': 0.9}","{'sentiment': 'NEGATIVE', 'confidence': 0.2}"
1808,"{'sentiment': 'NEGATIVE', 'confidence': 0.95}","{'sentiment': 'NEGATIVE', 'confidence': 0.9}","{'sentiment': 'NEGATIVE', 'confidence': 0.9}"
1809,"{'sentiment': 'NEGATIVE', 'confidence': 0.9}","{'sentiment': 'NEGATIVE', 'confidence': 0.8}","{'sentiment': 'NEGATIVE', 'confidence': 0.8}"
1810,"{'sentiment': 'POSITIVE', 'confidence': 0.85}","{'sentiment': 'POSITIVE', 'confidence': 0.9}","{'sentiment': 'POSITIVE', 'confidence': 0.85}"
1811,"{'sentiment': 'NEGATIVE', 'confidence': 0.95}","{'sentiment': 'NEGATIVE', 'confidence': 0.9}","{'sentiment': 'NEGATIVE', 'confidence': 0.8}"
1812,"{'sentiment': 'NEUTRAL', 'confidence': 0.5}","{'sentiment': 'NEUTRAL', 'confidence': 0.5}","{'sentiment': 'NEGATIVE', 'confidence': 0.2}"
1813,"{'sentiment': 'POSITIVE', 'confidence': 1}","{'sentiment': 'POSITIVE', 'confidence': 0.95}","{'sentiment': 'POSITIVE', 'confidence': 0.95}"
1814,"{'sentiment': 'NEGATIVE', 'confidence': 1.0}","{'sentiment': 'NEUTRAL', 'confidence': 0.5}","{'sentiment': 'NEGATIVE', 'confidence': 0.8}"
1815,"{'sentiment': 'POSITIVE', 'confidence': 1.0}","{'sentiment': 'POSITIVE', 'confidence': 0.9}","{'sentiment': 'POSITIVE', 'confidence': 1}"
1816,"{'sentiment': 'MIXED', 'confidence': 0.7}","{'sentiment': 'NEUTRAL', 'confidence': 0.4}","{'sentiment': 'NEGATIVE', 'confidence': 0.8}"
1817,"{'sentiment': 'POSITIVE', 'confidence': 0.9}","{'sentiment': 'POSITIVE', 'confidence': 0.9}","{'sentiment': 'POSITIVE', 'confidence': 0.8}"
1818,"{'sentiment': 'POSITIVE', 'confidence': 0.95}","{'sentiment': 'POSITIVE', 'confidence': 0.8}","{'sentiment': 'POSITIVE', 'confidence': 1}"
1819,"{'sentiment': 'NEGATIVE', 'confidence': 1.0}","{'sentiment': 'NEGATIVE', 'confidence': 0.8}","{'sentiment': 'NEGATIVE', 'confidence': 0.8}"
1820,"{'sentiment': 'NEGATIVE', 'confidence': 1.0}","{'sentiment': 'NEGATIVE', 'confidence': 0.85}","{'sentiment': 'NEGATIVE', 'confidence': 0.75}"
1821,"{'sentiment': 'NEGATIVE', 'confidence': 0.95}","{'sentiment': 'NEGATIVE', 'confidence': 0.8}","{'sentiment': 'NEGATIVE', 'confidence': 0.8}"
1822,"{'sentiment': 'POSITIVE', 'confidence': 1}","{'sentiment': 'POSITIVE', 'confidence': 0.8}","{'sentiment': 'POSITIVE', 'confidence': 1}"
1823,"{'sentiment': 'POSITIVE', 'confidence': 0.99}","{'sentiment': 'POSITIVE', 'confidence': 0.9}","{'sentiment': 'POSITIVE', 'confidence': 1}"
1824,"{'sentiment': 'NEGATIVE', 'confidence': 1.0}","{'sentiment': 'NEGATIVE', 'confidence': 0.5}","{'sentiment': 'NEGATIVE', 'confidence': 0.7}"
1825,"{'sentiment': 'POSITIVE', 'confidence': 0.999}","{'sentiment': 'POSITIVE', 'confidence': 0.9}","{'sentiment': 'POSITIVE', 'confidence': 1}"
1826,"{'sentiment': 'POSITIVE', 'confidence': 0.85}","{'sentiment': 'NEUTRAL', 'confidence': 0.8}","{'sentiment': 'POSITIVE', 'confidence': 1}"
1827,"{'sentiment': 'NEUTRAL', 'confidence': 0.7}","{'sentiment': 'NEUTRAL', 'confidence': 0.75}","{'sentiment': 'NEGATIVE', 'confidence': 0.5}"
1828,"{'sentiment': 'NEGATIVE', 'confidence': 1.0}","{'sentiment': 'NEGATIVE', 'confidence': 0.8}","{'sentiment': 'NEGATIVE', 'confidence': 0.7}"
1829,"{'sentiment': 'POSITIVE', 'confidence': 1.0}","{'sentiment': 'POSITIVE', 'confidence': 0.95}","{'sentiment': 'POSITIVE', 'confidence': 0.8}"
1830,"{'sentiment': 'NEGATIVE', 'confidence': 1.0}","{'sentiment': 'NEGATIVE', 'confidence': 0.8}","{'sentiment': 'NEGATIVE', 'confidence': 0.8}"
1831,"{'sentiment': 'POSITIVE', 'confidence': 0.95}","{'sentiment': 'POSITIVE', 'confidence': 0.95}","{'sentiment': 'POSITIVE', 'confidence': 1}"
1832,"{'sentiment': 'POSITIVE', 'confidence': 1.0}","{'sentiment': 'POSITIVE', 'confidence': 0.95}","{'sentiment': 'POSITIVE', 'confidence': 1}"
1833,"{'sentiment': 'NEUTRAL', 'confidence': 0.7}","{'sentiment': 'POSITIVE', 'confidence': 0.8}","{'sentiment': 'Neutral', 'confidence': 0.5}"
1834,"{'sentiment': 'NEGATIVE', 'confidence': 0.85}","{'sentiment': 'NEGATIVE', 'confidence': 0.8}","{'sentiment': 'POSITIVE', 'confidence': 1}"
1835,"{'sentiment': 'POSITIVE', 'confidence': 0.95}","{'sentiment': 'POSITIVE', 'confidence': 0.8}","{'sentiment': 'POSITIVE', 'confidence': 1}"
1836,"{'sentiment': 'NEGATIVE', 'confidence': 0.99}","{'sentiment': 'NEGATIVE', 'confidence': 0.9}","{'sentiment': 'NEGATIVE', 'confidence': 0.8}"
1837,"{'sentiment': 'NEUTRAL', 'confidence': 1.0}","{'sentiment': 'NEUTRAL', 'confidence': 0.0}","{'sentiment': 'NEGATIVE', 'confidence': 0.8}"
1838,"{'sentiment': 'NEUTRAL', 'confidence': 0.4}","{'sentiment': 'NEGATIVE', 'confidence': 0.8}","{'sentiment': 'NEGATIVE', 'confidence': 0.8}"
1839,"{'sentiment': 'NEUTRAL', 'confidence': 0.99}","{'sentiment': 'NEUTRAL', 'confidence': 0.8}","{'sentiment': 'NEGATIVE', 'confidence': 0.8}"
1840,"{'sentiment': 'NEUTRAL', 'confidence': 0.7}","{'sentiment': 'NEGATIVE', 'confidence': 0.8}","{'sentiment': 'NEGATIVE', 'confidence': 0.2}"
1841,"{'sentiment': 'NEGATIVE', 'confidence': 1.0}","{'sentiment': 'POSITIVE', 'confidence': 0.67}","{'sentiment': 'NEGATIVE', 'confidence': 0.7}"
1842,"{'sentiment': 'NEGATIVE', 'confidence': 0.95}","{'sentiment': 'NEGATIVE', 'confidence': 0.8}","{'sentiment': 'NEGATIVE', 'confidence': 0.8}"
1843,"{'sentiment': 'POSITIVE', 'confidence': 0.85}","{'sentiment': 'POSITIVE', 'confidence': 0.9}","{'sentiment': 'POSITIVE', 'confidence': 1}"
1844,"{'sentiment': 'POSITIVE', 'confidence': 1.0}","{'sentiment': 'POSITIVE', 'confidence': 0.97}","{'sentiment': 'POSITIVE', 'confidence': 1}"
1845,"{'sentiment': 'POSITIVE', 'confidence': 0.85}","{'sentiment': 'POSITIVE', 'confidence': 0.8}","{'sentiment': 'NEGATIVE', 'confidence': 0.8}"
1846,"{'sentiment': 'MIXED', 'confidence': 0.8}","{'sentiment': 'POSITIVE', 'confidence': 0.8}","{'sentiment': 'NEGATIVE', 'confidence': 0.7}"
1847,"{'sentiment': 'NEUTRAL', 'confidence': 1}","{'sentiment': 'POSITIVE', 'confidence': 0.8}","{'sentiment': 'NEGATIVE', 'confidence': 0.7}"
1848,"{'sentiment': 'NEGATIVE', 'confidence': 0.9}","{'sentiment': 'NEGATIVE', 'confidence': 0.7}","{'sentiment': 'NEGATIVE', 'confidence': 0.8}"
1849,"{'sentiment': 'NEGATIVE', 'confidence': 1.0}","{'sentiment': 'NEGATIVE', 'confidence': 0.8}","{'sentiment': 'NEGATIVE', 'confidence': 0.8}"
1850,"{'sentiment': 'NEGATIVE', 'confidence': 0.95}","{'sentiment': 'POSITIVE', 'confidence': 0.8}","{'sentiment': 'NEGATIVE', 'confidence': 0.8}"
1851,"{'sentiment': 'POSITIVE', 'confidence': 0.95}","{'sentiment': 'POSITIVE', 'confidence': 0.9}","{'sentiment': 'POSITIVE', 'confidence': 1}"
1852,"{'sentiment': 'POSITIVE', 'confidence': 1}","{'sentiment': 'NEGATIVE', 'confidence': 0.8}","{'sentiment': 'POSITIVE', 'confidence': 0.8}"
1853,"{'sentiment': 'NEGATIVE', 'confidence': 1.0}","{'sentiment': 'NEGATIVE', 'confidence': 0.8}","{'sentiment': 'NEGATIVE', 'confidence': 0.8}"
1854,"{'sentiment': 'NEUTRAL', 'confidence': 1.0}","{'sentiment': 'POSITIVE', 'confidence': 0.8}","{'sentiment': 'NEGATIVE', 'confidence': 0.8}"
1855,"{'sentiment': 'POSITIVE', 'confidence': 0.8}","{'sentiment': 'NEUTRAL', 'confidence': 0.5}","{'sentiment': 'NEGATIVE', 'confidence': 0.7}"
1856,"{'sentiment': 'POSITIVE', 'confidence': 1.0}","{'sentiment': 'POSITIVE', 'confidence': 0.9}","{'sentiment': 'POSITIVE', 'confidence': 0.8}"
1857,"{'sentiment': 'POSITIVE', 'confidence': 0.98}","{'sentiment': 'POSITIVE', 'confidence': 0.9}","{'sentiment': 'POSITIVE', 'confidence': 0.85}"
1858,"{'sentiment': 'NEGATIVE', 'confidence': 1.0}","{'sentiment': 'NEGATIVE', 'confidence': 0.8}","{'sentiment': 'NEGATIVE', 'confidence': 0.8}"
1859,"{'sentiment': 'NEGATIVE', 'confidence': 1.0}","{'sentiment': 'NEGATIVE', 'confidence': 0.9}","{'sentiment': 'NEGATIVE', 'confidence': 0.8}"
1860,"{'sentiment': 'POSITIVE', 'confidence': 0.85}","{'sentiment': 'NEUTRAL', 'confidence': 0.5}","{'sentiment': 'POSITIVE', 'confidence': 0.8}"
1861,"{'sentiment': 'NEUTRAL', 'confidence': 0.5}","{'sentiment': 'NEGATIVE', 'confidence': 0.8}","{'sentiment': 'POSITIVE', 'confidence': 1}"
1862,"{'sentiment': 'NEGATIVE', 'confidence': 1.0}","{'sentiment': 'NEGATIVE', 'confidence': 0.9}","{'sentiment': 'Negative', 'confidence': 0.75}"
1863,"{'sentiment': 'NEUTRAL', 'confidence': 1}","{'sentiment': 'POSITIVE', 'confidence': 0.9}","{'sentiment': 'NEGATIVE', 'confidence': 0.8}"
1864,"{'sentiment': 'NEGATIVE', 'confidence': 0.98}","{'sentiment': 'NEGATIVE', 'confidence': 0.9}","{'sentiment': 'NEGATIVE', 'confidence': 0.5}"
1865,"{'sentiment': 'NEUTRAL', 'confidence': 0.6}","{'sentiment': 'NEGATIVE', 'confidence': 0.8}","{'sentiment': 'NEGATIVE', 'confidence': 0.25}"
1866,"{'sentiment': 'POSITIVE', 'confidence': 1}","{'sentiment': 'POSITIVE', 'confidence': 0.9}","{'sentiment': 'POSITIVE', 'confidence': 1}"
1867,"{'sentiment': 'POSITIVE', 'confidence': 1.0}","{'sentiment': 'POSITIVE', 'confidence': 0.9}","{'sentiment': 'POSITIVE', 'confidence': 1}"
1868,"{'sentiment': 'NEGATIVE', 'confidence': 0.99}","{'sentiment': 'NEGATIVE', 'confidence': 0.8}","{'sentiment': 'NEGATIVE', 'confidence': 0.15}"
1869,"{'sentiment': 'NEGATIVE', 'confidence': 1.0}","{'sentiment': 'NEGATIVE', 'confidence': 0.9}","{'sentiment': 'NEGATIVE', 'confidence': 0.2}"
1870,"{'sentiment': 'POSITIVE', 'confidence': 0.85}","{'sentiment': 'POSITIVE', 'confidence': 0.8}","{'sentiment': 'POSITIVE', 'confidence': 0.8}"
1871,"{'sentiment': 'NEGATIVE', 'confidence': 0.99}","{'sentiment': 'NEGATIVE', 'confidence': 0.8}","{'sentiment': 'NEGATIVE', 'confidence': 0.8}"
1872,"{'sentiment': 'NEUTRAL', 'confidence': 0.7}","{'sentiment': 'NEGATIVE', 'confidence': 0.7}","{'sentiment': 'NEGATIVE', 'confidence': 0.7}"
1873,"{'sentiment': 'NEGATIVE', 'confidence': 0.98}","{'sentiment': 'NEGATIVE', 'confidence': 0.8}","{'sentiment': 'NEGATIVE', 'confidence': 0.7}"
1874,"{'sentiment': 'POSITIVE', 'confidence': 1.0}","{'sentiment': 'POSITIVE', 'confidence': 0.95}","{'sentiment': 'POSITIVE', 'confidence': 1}"
1875,"{'sentiment': 'NEGATIVE', 'confidence': 0.9}","{'sentiment': 'NEUTRAL', 'confidence': 0.8}","{'sentiment': 'POSITIVE', 'confidence': 1}"
1876,"{'sentiment': 'NEGATIVE', 'confidence': 1.0}","{'sentiment': 'NEGATIVE', 'confidence': 0.8}","{'sentiment': 'NEGATIVE', 'confidence': 0.8}"
1877,"{'sentiment': 'NEGATIVE', 'confidence': 1}","{'sentiment': 'NEGATIVE', 'confidence': 0.8}","{'sentiment': 'NEGATIVE', 'confidence': 0.8}"
1878,"{'sentiment': 'POSITIVE', 'confidence': 0.95}","{'sentiment': 'POSITIVE', 'confidence': 0.8}","{'sentiment': 'POSITIVE', 'confidence': 0.95}"
1879,"{'sentiment': 'NEUTRAL', 'confidence': 0.85}","{'sentiment': 'NEGATIVE', 'confidence': 0.9}","{'sentiment': 'NEGATIVE', 'confidence': 0.8}"
1880,"{'sentiment': 'NEGATIVE', 'confidence': 1.0}","{'sentiment': 'NEGATIVE', 'confidence': 0.8}","{'sentiment': 'NEGATIVE', 'confidence': 0.8}"
1881,"{'sentiment': 'NEUTRAL', 'confidence': 0.5}","{'sentiment': 'POSITIVE', 'confidence': 0.9}","{'sentiment': 'NEGATIVE', 'confidence': 0.8}"
1882,"{'sentiment': 'NEUTRAL', 'confidence': 1.0}","{'sentiment': 'POSITIVE', 'confidence': 0.8}","{'sentiment': 'POSITIVE', 'confidence': 0.8}"
1883,"{'sentiment': 'NEUTRAL', 'confidence': 0.65}","{'sentiment': 'POSITIVE', 'confidence': 0.95}","{'sentiment': 'POSITIVE', 'confidence': 0.8}"
1884,"{'sentiment': 'NEGATIVE', 'confidence': 0.95}","{'sentiment': 'NEGATIVE', 'confidence': 0.8}","{'sentiment': 'NEGATIVE', 'confidence': 0.8}"
1885,"{'sentiment': 'POSITIVE', 'confidence': 1.0}","{'sentiment': 'POSITIVE', 'confidence': 0.9}","{'sentiment': 'POSITIVE', 'confidence': 1}"
1886,"{'sentiment': 'NEGATIVE', 'confidence': 1.0}","{'sentiment': 'NEGATIVE', 'confidence': 0.8}","{'sentiment': 'NEGATIVE', 'confidence': 0.8}"
1887,"{'sentiment': 'NEGATIVE', 'confidence': 0.98}","{'sentiment': 'NEGATIVE', 'confidence': 0.8}","{'sentiment': 'NEGATIVE', 'confidence': 0.8}"
1888,"{'sentiment': 'NEGATIVE', 'confidence': 0.95}","{'sentiment': 'NEGATIVE', 'confidence': 0.8}","{'sentiment': 'NEGATIVE', 'confidence': 0.7}"
1889,"{'sentiment': 'POSITIVE', 'confidence': 0.95}","{'sentiment': 'POSITIVE', 'confidence': 0.9}","{'sentiment': 'NEGATIVE', 'confidence': 0.3}"
1890,"{'sentiment': 'POSITIVE', 'confidence': 1.0}","{'sentiment': 'POSITIVE', 'confidence': 0.9}","{'sentiment': 'POSITIVE', 'confidence': 1}"
1891,"{'sentiment': 'POSITIVE', 'confidence': 1.0}","{'sentiment': 'POSITIVE', 'confidence': 0.9}","{'sentiment': 'NEGATIVE', 'confidence': 0.8}"
1892,"{'sentiment': 'NEUTRAL', 'confidence': 1.0}","{'sentiment': 'POSITIVE', 'confidence': 0.8}","{'sentiment': 'NEGATIVE', 'confidence': 0.8}"
1893,"{'sentiment': 'NEGATIVE', 'confidence': 1.0}","{'sentiment': 'NEGATIVE', 'confidence': 0.8}","{'sentiment': 'NEGATIVE', 'confidence': 0.8}"
1894,"{'sentiment': 'NEGATIVE', 'confidence': 0.95}","{'sentiment': 'NEGATIVE', 'confidence': 0.9}","{'sentiment': 'NEGATIVE', 'confidence': 0.8}"
1895,"{'sentiment': 'POSITIVE', 'confidence': 1.0}","{'sentiment': 'POSITIVE', 'confidence': 0.8}","{'sentiment': 'POSITIVE', 'confidence': 1}"
1896,"{'sentiment': 'NEGATIVE', 'confidence': 0.95}","{'sentiment': 'POSITIVE', 'confidence': 0.95}","{'sentiment': 'POSITIVE', 'confidence': 0.85}"
1897,"{'sentiment': 'POSITIVE', 'confidence': 0.8}","{'sentiment': 'POSITIVE', 'confidence': 0.96}","{'sentiment': 'POSITIVE', 'confidence': 0.95}"
1898,"{'sentiment': 'NEGATIVE', 'confidence': 0.9}","{'sentiment': 'NEGATIVE', 'confidence': 0.8}","{'sentiment': 'POSITIVE', 'confidence': 0.8}"
1899,"{'sentiment': 'NEGATIVE', 'confidence': 0.8}","{'sentiment': 'POSITIVE', 'confidence': 0.9}","{'sentiment': 'POSITIVE', 'confidence': 1}"
1900,"{'sentiment': 'NEGATIVE', 'confidence': 1}","{'sentiment': 'NEGATIVE', 'confidence': 0.9}","{'sentiment': 'NEGATIVE', 'confidence': 0.8}"
1901,"{'sentiment': 'NEGATIVE', 'confidence': 0.95}","{'sentiment': 'NEGATIVE', 'confidence': 0.5}","{'sentiment': 'NEGATIVE', 'confidence': 0.8}"
1902,"{'sentiment': 'NEGATIVE', 'confidence': 0.8}","{'sentiment': 'NEGATIVE', 'confidence': 0.8}","{'sentiment': 'NEGATIVE', 'confidence': 0.8}"
1903,"{'sentiment': 'NEGATIVE', 'confidence': 1}","{'sentiment': 'NEGATIVE', 'confidence': 0.8}","{'sentiment': 'NEGATIVE', 'confidence': 0.8}"
1904,"{'sentiment': 'NEUTRAL', 'confidence': 0.75}","{'sentiment': 'POSITIVE', 'confidence': 0.8}","{'sentiment': 'POSITIVE', 'confidence': 0.95}"
1905,"{'sentiment': 'NEUTRAL', 'confidence': 1.0}","{'sentiment': 'NEGATIVE', 'confidence': 0.5}","{'sentiment': 'NEGATIVE', 'confidence': 0.8}"
1906,"{'sentiment': 'POSITIVE', 'confidence': 1.0}","{'sentiment': 'POSITIVE', 'confidence': 0.9}","{'sentiment': 'NEGATIVE', 'confidence': 0.7}"
1907,"{'sentiment': 'NEGATIVE', 'confidence': 0.99}","{'sentiment': 'NEGATIVE', 'confidence': 0.8}","{'sentiment': 'NEGATIVE', 'confidence': 0.8}"
1908,"{'sentiment': 'NEGATIVE', 'confidence': 1.0}","{'sentiment': 'NEGATIVE', 'confidence': 0.9}","{'sentiment': 'NEGATIVE', 'confidence': 0.8}"
1909,"{'sentiment': 'POSITIVE', 'confidence': 0.8}","{'sentiment': 'POSITIVE', 'confidence': 0.9}","{'sentiment': 'POSITIVE', 'confidence': 0.85}"
1910,"{'sentiment': 'POSITIVE', 'confidence': 0.8}","{'sentiment': 'POSITIVE', 'confidence': 0.8}","{'sentiment': 'POSITIVE', 'confidence': 0.8}"
1911,"{'sentiment': 'POSITIVE', 'confidence': 0.99}","{'sentiment': 'POSITIVE', 'confidence': 0.9}","{'sentiment': 'NEGATIVE', 'confidence': 0.8}"
1912,"{'sentiment': 'NEUTRAL', 'confidence': 1.0}","{'sentiment': 'NEUTRAL', 'confidence': 0.33}","{'sentiment': 'NEUTRAL', 'confidence': 0.5}"
1913,"{'sentiment': 'NEUTRAL', 'confidence': 1.0}","{'sentiment': 'POSITIVE', 'confidence': 0.75}","{'sentiment': 'NEGATIVE', 'confidence': 0.3}"
1914,"{'sentiment': 'NEGATIVE', 'confidence': 0.95}","{'sentiment': 'NEGATIVE', 'confidence': 0.9}","{'sentiment': 'NEGATIVE', 'confidence': 0.8}"
1915,"{'sentiment': 'POSITIVE', 'confidence': 0.95}","{'sentiment': 'POSITIVE', 'confidence': 0.8}","{'sentiment': 'NEGATIVE', 'confidence': 0.8}"
1916,"{'sentiment': 'NEGATIVE', 'confidence': 0.95}","{'sentiment': 'NEGATIVE', 'confidence': 0.8}","{'sentiment': 'NEGATIVE', 'confidence': 0.7}"
1917,"{'sentiment': 'POSITIVE', 'confidence': 1.0}","{'sentiment': 'POSITIVE', 'confidence': 0.9}","{'sentiment': 'POSITIVE', 'confidence': 0.8}"
1918,"{'sentiment': 'NEGATIVE', 'confidence': 0.99}","{'sentiment': 'NEGATIVE', 'confidence': 0.8}","{'sentiment': 'NEGATIVE', 'confidence': 0.8}"
1919,"{'sentiment': 'NEUTRAL', 'confidence': 0.7}","{'sentiment': 'POSITIVE', 'confidence': 0.8}","{'sentiment': 'NEGATIVE', 'confidence': 0.8}"
1920,"{'sentiment': 'POSITIVE', 'confidence': 1.0}","{'sentiment': 'NEUTRAL', 'confidence': 0.75}","{'sentiment': 'NEGATIVE', 'confidence': 0.25}"
1921,"{'sentiment': 'POSITIVE', 'confidence': 0.95}","{'sentiment': 'POSITIVE', 'confidence': 0.9}","{'sentiment': 'POSITIVE', 'confidence': 1}"
1922,"{'sentiment': 'NEGATIVE', 'confidence': 0.9}","{'sentiment': 'NEGATIVE', 'confidence': 0.8}","{'sentiment': 'NEGATIVE', 'confidence': 0.8}"
1923,"{'sentiment': 'POSITIVE', 'confidence': 1.0}","{'sentiment': 'POSITIVE', 'confidence': 0.9}","{'sentiment': 'POSITIVE', 'confidence': 0.8}"
1924,"{'sentiment': 'POSITIVE', 'confidence': 1.0}","{'sentiment': 'POSITIVE', 'confidence': 0.8}","{'sentiment': 'POSITIVE', 'confidence': 1}"
1925,"{'sentiment': 'POSITIVE', 'confidence': 1.0}","{'sentiment': 'POSITIVE', 'confidence': 0.8}","{'sentiment': 'POSITIVE', 'confidence': 1}"
1926,"{'sentiment': 'NEGATIVE', 'confidence': 0.95}","{'sentiment': 'NEGATIVE', 'confidence': 0.8}","{'sentiment': 'NEGATIVE', 'confidence': 0.8}"
1927,"{'sentiment': 'NEGATIVE', 'confidence': 1.0}","{'sentiment': 'NEGATIVE', 'confidence': 0.8}","{'sentiment': 'NEGATIVE', 'confidence': 0.8}"
1928,"{'sentiment': 'NEUTRAL', 'confidence': 0.98}","{'sentiment': 'NEGATIVE', 'confidence': 0.8}","{'sentiment': 'NEGATIVE', 'confidence': 0.7}"
1929,"{'sentiment': 'POSITIVE', 'confidence': 1.0}","{'sentiment': 'POSITIVE', 'confidence': 0.95}","{'sentiment': 'POSITIVE', 'confidence': 0.95}"
1930,"{'sentiment': 'NEGATIVE', 'confidence': 0.95}","{'sentiment': 'NEGATIVE', 'confidence': 0.6}","{'sentiment': 'NEGATIVE', 'confidence': 0.3}"
1931,"{'sentiment': 'NEUTRAL', 'confidence': 1.0}","{'sentiment': 'NEUTRAL', 'confidence': 0.8}","{'sentiment': 'NEGATIVE', 'confidence': 0.8}"
1932,"{'sentiment': 'NEGATIVE', 'confidence': 1.0}","{'sentiment': 'NEGATIVE', 'confidence': 0.75}","{'sentiment': 'NEGATIVE', 'confidence': 0.7}"
1933,"{'sentiment': 'POSITIVE', 'confidence': 0.99}","{'sentiment': 'POSITIVE', 'confidence': 0.9}","{'sentiment': 'POSITIVE', 'confidence': 1}"
1934,"{'sentiment': 'NEGATIVE', 'confidence': 1.0}","{'sentiment': 'NEGATIVE', 'confidence': 0.8}","{'sentiment': 'NEGATIVE', 'confidence': 0.4}"
1935,"{'sentiment': 'NEGATIVE', 'confidence': 1.0}","{'sentiment': 'POSITIVE', 'confidence': 0.9}","{'sentiment': 'NEGATIVE', 'confidence': 0.7}"
1936,"{'sentiment': 'NEUTRAL', 'confidence': 0.95}","{'sentiment': 'POSITIVE', 'confidence': 0.9}","{'sentiment': 'POSITIVE', 'confidence': 1}"
1937,"{'sentiment': 'NEGATIVE', 'confidence': 0.9}","{'sentiment': 'NEGATIVE', 'confidence': 0.8}","{'sentiment': 'NEGATIVE', 'confidence': 0.8}"
1938,"{'sentiment': 'POSITIVE', 'confidence': 0.85}","{'sentiment': 'POSITIVE', 'confidence': 0.8}","{'sentiment': 'NEGATIVE', 'confidence': 0.8}"
1939,"{'sentiment': 'NEGATIVE', 'confidence': 0.8}","{'sentiment': 'NEGATIVE', 'confidence': 0.8}","{'sentiment': 'NEGATIVE', 'confidence': 0.8}"
1940,"{'sentiment': 'POSITIVE', 'confidence': 1.0}","{'sentiment': 'POSITIVE', 'confidence': 0.95}","{'sentiment': 'POSITIVE', 'confidence': 0.95}"
1941,"{'sentiment': 'POSITIVE', 'confidence': 0.8}","{'sentiment': 'POSITIVE', 'confidence': 0.9}","{'sentiment': 'POSITIVE', 'confidence': 0.85}"
1942,"{'sentiment': 'POSITIVE', 'confidence': 0.95}","{'sentiment': 'NEGATIVE', 'confidence': 0.2}","{'sentiment': 'NEGATIVE', 'confidence': 0.8}"
1943,"{'sentiment': 'POSITIVE', 'confidence': 1}","{'sentiment': 'POSITIVE', 'confidence': 0.9}","{'sentiment': 'POSITIVE', 'confidence': 1}"
1944,"{'sentiment': 'NEGATIVE', 'confidence': 0.99}","{'sentiment': 'NEGATIVE', 'confidence': 0.8}","{'sentiment': 'NEGATIVE', 'confidence': 0.8}"
1945,"{'sentiment': 'NEGATIVE', 'confidence': 1.0}","{'sentiment': 'NEGATIVE', 'confidence': 0.8}","{'sentiment': 'NEGATIVE', 'confidence': 0.85}"
1946,"{'sentiment': 'POSITIVE', 'confidence': 1.0}","{'sentiment': 'POSITIVE', 'confidence': 0.9}","{'sentiment': 'POSITIVE', 'confidence': 1}"
1947,"{'sentiment': 'NEUTRAL', 'confidence': 0.5}","{'sentiment': 'NEGATIVE', 'confidence': 0.6}","{'sentiment': 'POSITIVE', 'confidence': 1}"
1948,"{'sentiment': 'NEGATIVE', 'confidence': 0.95}","{'sentiment': 'NEGATIVE', 'confidence': 0.8}","{'sentiment': 'NEGATIVE', 'confidence': 0.8}"
1949,"{'sentiment': 'NEUTRAL', 'confidence': 1.0}","{'sentiment': 'NEUTRAL', 'confidence': 0.9}","{'sentiment': 'NEUTRAL', 'confidence': 0.8}"
1950,"{'sentiment': 'POSITIVE', 'confidence': 0.8}","{'sentiment': 'NEUTRAL', 'confidence': 0.3}","{'sentiment': 'NEGATIVE', 'confidence': 0.7}"
1951,"{'sentiment': 'POSITIVE', 'confidence': 0.8}","{'sentiment': 'POSITIVE', 'confidence': 0.8}","{'sentiment': 'POSITIVE', 'confidence': 1}"
1952,"{'sentiment': 'NEUTRAL', 'confidence': 0.5}","{'sentiment': 'NEGATIVE', 'confidence': 0.8}","{'sentiment': 'POSITIVE', 'confidence': 0.95}"
1953,"{'sentiment': 'POSITIVE', 'confidence': 1.0}","{'sentiment': 'POSITIVE', 'confidence': 0.9}","{'sentiment': 'POSITIVE', 'confidence': 0.9}"
1954,"{'sentiment': 'POSITIVE', 'confidence': 1.0}","{'sentiment': 'POSITIVE', 'confidence': 0.9}","{'sentiment': 'POSITIVE', 'confidence': 1}"
1955,"{'sentiment': 'NEGATIVE', 'confidence': 1}","{'sentiment': 'NEGATIVE', 'confidence': 0.8}","{'sentiment': 'NEGATIVE', 'confidence': 0.8}"
1956,"{'sentiment': 'POSITIVE', 'confidence': 0.95}","{'sentiment': 'POSITIVE', 'confidence': 0.9}","{'sentiment': 'POSITIVE', 'confidence': 0.95}"
1957,"{'sentiment': 'NEGATIVE', 'confidence': 0.95}","{'sentiment': 'NEGATIVE', 'confidence': 0.8}","{'sentiment': 'NEGATIVE', 'confidence': 0.6}"
1958,"{'sentiment': 'NEGATIVE', 'confidence': 0.99}","{'sentiment': 'POSITIVE', 'confidence': 0.8}","{'sentiment': 'NEGATIVE', 'confidence': 0.8}"
1959,"{'sentiment': 'NEGATIVE', 'confidence': 1.0}","{'sentiment': 'NEGATIVE', 'confidence': 0.9}","{'sentiment': 'NEGATIVE', 'confidence': 0.8}"
1960,"{'sentiment': 'NEGATIVE', 'confidence': 1}","{'sentiment': 'NEGATIVE', 'confidence': 0.8}","{'sentiment': 'NEGATIVE', 'confidence': 0.8}"
1961,"{'sentiment': 'NEGATIVE', 'confidence': 0.9}","{'sentiment': 'POSITIVE', 'confidence': 0.8}","{'sentiment': 'NEGATIVE', 'confidence': 0.8}"
1962,"{'sentiment': 'NEGATIVE', 'confidence': 1}","{'sentiment': 'NEUTRAL', 'confidence': 0.4}","{'sentiment': 'NEGATIVE', 'confidence': 0.7}"
1963,"{'sentiment': 'POSITIVE', 'confidence': 1.0}","{'sentiment': 'POSITIVE', 'confidence': 0.8}","{'sentiment': 'POSITIVE', 'confidence': 1}"
1964,"{'sentiment': 'NEGATIVE', 'confidence': 0.99}","{'sentiment': 'NEGATIVE', 'confidence': 0.8}","{'sentiment': 'NEGATIVE', 'confidence': 0.8}"
1965,"{'sentiment': 'NEUTRAL', 'confidence': 0.7}","{'sentiment': 'NEUTRAL', 'confidence': 0.3}","{'sentiment': 'NEGATIVE', 'confidence': 0.95}"
1966,"{'sentiment': 'NEGATIVE', 'confidence': 1.0}","{'sentiment': 'NEGATIVE', 'confidence': 0.8}","{'sentiment': 'NEGATIVE', 'confidence': 0.8}"
1967,"{'sentiment': 'NEGATIVE', 'confidence': 0.95}","{'sentiment': 'NEGATIVE', 'confidence': 0.9}","{'sentiment': 'NEGATIVE', 'confidence': 0.8}"
1968,"{'sentiment': 'NEUTRAL', 'confidence': 0.9}","{'sentiment': 'POSITIVE', 'confidence': 0.8}","{'sentiment': 'NEGATIVE', 'confidence': 0.8}"
1969,"{'sentiment': 'POSITIVE', 'confidence': 0.95}","{'sentiment': 'POSITIVE', 'confidence': 0.9}","{'sentiment': 'POSITIVE', 'confidence': 0.8}"
1970,"{'sentiment': 'NEGATIVE', 'confidence': 0.99}","{'sentiment': 'NEGATIVE', 'confidence': 0.9}","{'sentiment': 'NEGATIVE', 'confidence': 0.8}"
1971,"{'sentiment': 'POSITIVE', 'confidence': 1}","{'sentiment': 'POSITIVE', 'confidence': 0.9}","{'sentiment': 'POSITIVE', 'confidence': 1}"
1972,"{'sentiment': 'POSITIVE', 'confidence': 1.0}","{'sentiment': 'POSITIVE', 'confidence': 0.8}","{'sentiment': 'POSITIVE', 'confidence': 1}"
1973,"{'sentiment': 'NEGATIVE', 'confidence': 0.9}","{'sentiment': 'NEGATIVE', 'confidence': 0.8}","{'sentiment': 'NEGATIVE', 'confidence': 0.8}"
1974,"{'sentiment': 'NEGATIVE', 'confidence': 0.99}","{'sentiment': 'NEGATIVE', 'confidence': 0.8}","{'sentiment': 'NEGATIVE', 'confidence': 0.8}"
1975,"{'sentiment': 'NEGATIVE', 'confidence': 0.98}","{'sentiment': 'NEGATIVE', 'confidence': 0.9}","{'sentiment': 'NEGATIVE', 'confidence': 0.8}"
1976,"{'sentiment': 'NEGATIVE', 'confidence': 1.0}","{'sentiment': 'NEGATIVE', 'confidence': 0.9}","{'sentiment': 'NEGATIVE', 'confidence': 0.8}"
1977,"{'sentiment': 'NEUTRAL', 'confidence': 0.5}","{'sentiment': 'POSITIVE', 'confidence': 0.9}","{'sentiment': 'POSITIVE', 'confidence': 1}"
1978,"{'sentiment': 'NEGATIVE', 'confidence': 0.9}","{'sentiment': 'NEGATIVE', 'confidence': 0.8}","{'sentiment': 'POSITIVE', 'confidence': 0.8}"
1979,"{'sentiment': 'NEGATIVE', 'confidence': 1.0}","{'sentiment': 'NEGATIVE', 'confidence': 0.8}","{'sentiment': 'NEGATIVE', 'confidence': 0.8}"
1980,"{'sentiment': 'NEGATIVE', 'confidence': 1.0}","{'sentiment': 'NEGATIVE', 'confidence': 0.8}","{'sentiment': 'NEGATIVE', 'confidence': 0.8}"
1981,"{'sentiment': 'NEGATIVE', 'confidence': 1}","{'sentiment': 'NEGATIVE', 'confidence': 0.9}","{'sentiment': 'NEGATIVE', 'confidence': 0.75}"
1982,"{'sentiment': 'NEUTRAL', 'confidence': 0.5}","{'sentiment': 'NEGATIVE', 'confidence': 0.75}","{'sentiment': 'NEGATIVE', 'confidence': 0.7}"
1983,"{'sentiment': 'NEGATIVE', 'confidence': 1.0}","{'sentiment': 'NEGATIVE', 'confidence': 0.9}","{'sentiment': 'NEGATIVE', 'confidence': 0.8}"
1984,"{'sentiment': 'NEGATIVE', 'confidence': 0.9}","{'sentiment': 'NEGATIVE', 'confidence': 0.8}","{'sentiment': 'NEGATIVE', 'confidence': 0.8}"
1985,"{'sentiment': 'POSITIVE', 'confidence': 1}","{'sentiment': 'POSITIVE', 'confidence': 0.9}","{'sentiment': 'POSITIVE', 'confidence': 1}"
1986,"{'sentiment': 'NEGATIVE', 'confidence': 1.0}","{'sentiment': 'NEGATIVE', 'confidence': 0.9}","{'sentiment': 'NEGATIVE', 'confidence': 0.8}"
1987,"{'sentiment': 'NEGATIVE', 'confidence': 0.9}","{'sentiment': 'NEGATIVE', 'confidence': 0.6}","{'sentiment': 'NEGATIVE', 'confidence': 0.8}"
1988,"{'sentiment': 'POSITIVE', 'confidence': 0.95}","{'sentiment': 'POSITIVE', 'confidence': 0.9}","{'sentiment': 'NEGATIVE', 'confidence': 0.6}"
1989,"{'sentiment': 'POSITIVE', 'confidence': 1.0}","{'sentiment': 'POSITIVE', 'confidence': 0.9}","{'sentiment': 'NEGATIVE', 'confidence': 0.7}"
1990,"{'sentiment': 'POSITIVE', 'confidence': 1.0}","{'sentiment': 'POSITIVE', 'confidence': 0.9}","{'sentiment': 'POSITIVE', 'confidence': 1}"
1991,"{'sentiment': 'POSITIVE', 'confidence': 0.95}","{'sentiment': 'POSITIVE', 'confidence': 0.9}","{'sentiment': 'POSITIVE', 'confidence': 1}"
1992,"{'sentiment': 'POSITIVE', 'confidence': 1}","{'sentiment': 'NEGATIVE', 'confidence': 0.9}","{'sentiment': 'NEGATIVE', 'confidence': 0.8}"
1993,"{'sentiment': 'NEUTRAL', 'confidence': 1}","{'sentiment': 'POSITIVE', 'confidence': 0.8}","{'sentiment': 'NEGATIVE', 'confidence': 0.7}"
1994,"{'sentiment': 'POSITIVE', 'confidence': 0.95}","{'sentiment': 'POSITIVE', 'confidence': 0.9}","{'sentiment': 'POSITIVE', 'confidence': 0.8}"
1995,"{'sentiment': 'NEGATIVE', 'confidence': 0.9}","{'sentiment': 'NEGATIVE', 'confidence': 0.9}","{'sentiment': 'NEGATIVE', 'confidence': 0.2}"
1996,"{'sentiment': 'POSITIVE', 'confidence': 0.95}","{'sentiment': 'POSITIVE', 'confidence': 0.8}","{'sentiment': 'POSITIVE', 'confidence': 1}"
1997,"{'sentiment': 'POSITIVE', 'confidence': 0.9}","{'sentiment': 'NEGATIVE', 'confidence': 0.8}","{'sentiment': 'NEUTRAL', 'confidence': 0.8}"
1998,"{'sentiment': 'NEUTRAL', 'confidence': 0.5}","{'sentiment': 'POSITIVE', 'confidence': 0.96}","{'sentiment': 'NEGATIVE', 'confidence': 0.95}"
1999,"{'sentiment': 'NEGATIVE', 'confidence': 0.95}","{'sentiment': 'NEGATIVE', 'confidence': 0.8}","{'sentiment': 'Negative', 'confidence': 0.8}"
2000,"{'sentiment': 'NEGATIVE', 'confidence': 0.95}","{'sentiment': 'NEGATIVE', 'confidence': 0.8}","{'sentiment': 'NEGATIVE', 'confidence': 0.8}"
2001,"{'sentiment': 'NEUTRAL', 'confidence': 0.9}","{'sentiment': 'POSITIVE', 'confidence': 0.8}","{'sentiment': 'POSITIVE', 'confidence': 0.85}"
2002,"{'sentiment': 'POSITIVE', 'confidence': 0.95}","{'sentiment': 'POSITIVE', 'confidence': 0.9}","{'sentiment': 'NEGATIVE', 'confidence': 0.5}"
2003,"{'sentiment': 'NEGATIVE', 'confidence': 0.99}","{'sentiment': 'NEGATIVE', 'confidence': 0.95}","{'sentiment': 'NEGATIVE', 'confidence': 0.8}"
2004,"{'sentiment': 'POSITIVE', 'confidence': 1.0}","{'sentiment': 'POSITIVE', 'confidence': 0.9}","{'sentiment': 'NEGATIVE', 'confidence': 0.8}"
2005,"{'sentiment': 'NEGATIVE', 'confidence': 0.8}","{'sentiment': 'NEGATIVE', 'confidence': 0.9}","{'sentiment': 'NEGATIVE', 'confidence': 0.85}"
2006,"{'sentiment': 'POSITIVE', 'confidence': 1.0}","{'sentiment': 'POSITIVE', 'confidence': 0.8}","{'sentiment': 'POSITIVE', 'confidence': 0.95}"
2007,"{'sentiment': 'NEGATIVE', 'confidence': 0.95}","{'sentiment': 'NEGATIVE', 'confidence': 0.95}","{'sentiment': 'NEGATIVE', 'confidence': 0.8}"
2008,"{'sentiment': 'NEGATIVE', 'confidence': 1.0}","{'sentiment': 'NEGATIVE', 'confidence': 0.8}","{'sentiment': 'NEGATIVE', 'confidence': 0.6}"
2009,"{'sentiment': 'POSITIVE', 'confidence': 0.85}","{'sentiment': 'POSITIVE', 'confidence': 0.9}","{'sentiment': 'POSITIVE', 'confidence': 1}"
2010,"{'sentiment': 'POSITIVE', 'confidence': 1.0}","{'sentiment': 'POSITIVE', 'confidence': 0.8}","{'sentiment': 'positive', 'confidence': 1}"
2011,"{'sentiment': 'POSITIVE', 'confidence': 1.0}","{'sentiment': 'POSITIVE', 'confidence': 0.9}","{'sentiment': 'POSITIVE', 'confidence': 1}"
2012,"{'sentiment': 'NEGATIVE', 'confidence': 1.0}","{'sentiment': 'NEGATIVE', 'confidence': 0.8}","{'sentiment': 'NEGATIVE', 'confidence': 0.8}"
2013,"{'sentiment': 'POSITIVE', 'confidence': 1.0}","{'sentiment': 'POSITIVE', 'confidence': 0.9}","{'sentiment': 'POSITIVE', 'confidence': 0.95}"
2014,"{'sentiment': 'POSITIVE', 'confidence': 0.8}","{'sentiment': 'NEGATIVE', 'confidence': 0.7}","{'sentiment': 'NEGATIVE', 'confidence': 0.8}"
2015,"{'sentiment': 'NEGATIVE', 'confidence': 1.0}","{'sentiment': 'NEGATIVE', 'confidence': 0.9}","{'sentiment': 'POSITIVE', 'confidence': 0.8}"
2016,"{'sentiment': 'NEGATIVE', 'confidence': 1}","{'sentiment': 'NEGATIVE', 'confidence': 0.8}","{'sentiment': 'NEGATIVE', 'confidence': 0.8}"
2017,"{'sentiment': 'POSITIVE', 'confidence': 0.85}","{'sentiment': 'POSITIVE', 'confidence': 0.9}","{'sentiment': 'NEGATIVE', 'confidence': 0.8}"
2018,"{'sentiment': 'NEGATIVE', 'confidence': 1}","{'sentiment': 'NEGATIVE', 'confidence': 0.8}","{'sentiment': 'NEGATIVE', 'confidence': 0.9}"
2019,"{'sentiment': 'NEGATIVE', 'confidence': 1.0}","{'sentiment': 'POSITIVE', 'confidence': 0.9}","{'sentiment': 'NEGATIVE', 'confidence': 0.95}"
2020,"{'sentiment': 'POSITIVE', 'confidence': 0.8}","{'sentiment': 'POSITIVE', 'confidence': 0.8}","{'sentiment': 'NEGATIVE', 'confidence': 0.3}"
2021,"{'sentiment': 'NEUTRAL', 'confidence': 0.8}","{'sentiment': 'POSITIVE', 'confidence': 0.9}","{'sentiment': 'POSITIVE', 'confidence': 0.8}"
2022,"{'sentiment': 'NEGATIVE', 'confidence': 1.0}","{'sentiment': 'NEGATIVE', 'confidence': 0.9}","{'sentiment': 'NEGATIVE', 'confidence': 0.8}"
2023,"{'sentiment': 'POSITIVE', 'confidence': 1.0}","{'sentiment': 'POSITIVE', 'confidence': 0.9}","{'sentiment': 'POSITIVE', 'confidence': 1}"
2024,"{'sentiment': 'NEGATIVE', 'confidence': 0.95}","{'sentiment': 'NEGATIVE', 'confidence': 0.9}","{'sentiment': 'NEGATIVE', 'confidence': 0.8}"
2025,"{'sentiment': 'NEUTRAL', 'confidence': 0.7}","{'sentiment': 'NEUTRAL', 'confidence': 0.7}","{'sentiment': 'NEGATIVE', 'confidence': 0.7}"
2026,"{'sentiment': 'NEGATIVE', 'confidence': 1.0}","{'sentiment': 'NEGATIVE', 'confidence': 0.9}","{'sentiment': 'NEGATIVE', 'confidence': 0.8}"
2027,"{'sentiment': 'NEUTRAL', 'confidence': 1.0}","{'sentiment': 'POSITIVE', 'confidence': 0.9}","{'sentiment': 'Neutral', 'confidence': 0.5}"
2028,"{'sentiment': 'POSITIVE', 'confidence': 1.0}","{'sentiment': 'POSITIVE', 'confidence': 0.8}","{'sentiment': 'POSITIVE', 'confidence': 0.99}"
2029,"{'sentiment': 'POSITIVE', 'confidence': 0.8}","{'sentiment': 'NEUTRAL', 'confidence': 0.6}","{'sentiment': 'NEGATIVE', 'confidence': 0.5}"
2030,"{'sentiment': 'NEGATIVE', 'confidence': 0.9}","{'sentiment': 'NEGATIVE', 'confidence': 0.8}","{'sentiment': 'NEGATIVE', 'confidence': 0.8}"
2031,"{'sentiment': 'NEGATIVE', 'confidence': 0.95}","{'sentiment': 'NEGATIVE', 'confidence': 0.8}","{'sentiment': 'NEGATIVE', 'confidence': 0.85}"
2032,"{'sentiment': 'POSITIVE', 'confidence': 0.99}","{'sentiment': 'POSITIVE', 'confidence': 0.9}","{'sentiment': 'POSITIVE', 'confidence': 0.95}"
2033,"{'sentiment': 'NEUTRAL', 'confidence': 0.8}","{'sentiment': 'POSITIVE', 'confidence': 0.8}","{'sentiment': 'NEGATIVE', 'confidence': 0.2}"
2034,"{'sentiment': 'POSITIVE', 'confidence': 1.0}","{'sentiment': 'POSITIVE', 'confidence': 0.9}","{'sentiment': 'POSITIVE', 'confidence': 1}"
2035,"{'sentiment': 'POSITIVE', 'confidence': 1.0}","{'sentiment': 'POSITIVE', 'confidence': 0.8}","{'sentiment': 'POSITIVE', 'confidence': 1}"
2036,"{'sentiment': 'NEGATIVE', 'confidence': 1.0}","{'sentiment': 'NEGATIVE', 'confidence': 0.9}","{'sentiment': 'NEGATIVE', 'confidence': 0.7}"
2037,"{'sentiment': 'NEGATIVE', 'confidence': 0.9}","{'sentiment': 'NEGATIVE', 'confidence': 0.8}","{'sentiment': 'NEGATIVE', 'confidence': 0.8}"
2038,"{'sentiment': 'NEGATIVE', 'confidence': 0.9}","{'sentiment': 'NEGATIVE', 'confidence': 0.8}","{'sentiment': 'NEGATIVE', 'confidence': 0.8}"
2039,"{'sentiment': 'NEGATIVE', 'confidence': 0.95}","{'sentiment': 'NEGATIVE', 'confidence': 0.9}","{'sentiment': 'NEGATIVE', 'confidence': 0.8}"
2040,"{'sentiment': 'NEGATIVE', 'confidence': 1}","{'sentiment': 'NEGATIVE', 'confidence': 0.8}","{'sentiment': 'NEGATIVE', 'confidence': 0.6}"
2041,"{'sentiment': 'POSITIVE', 'confidence': 0.85}","{'sentiment': 'POSITIVE', 'confidence': 0.9}","{'sentiment': 'NEGATIVE', 'confidence': 0.8}"
2042,"{'sentiment': 'NEGATIVE', 'confidence': 0.99}","{'sentiment': 'NEGATIVE', 'confidence': 0.8}","{'sentiment': 'NEGATIVE', 'confidence': 0.7}"
2043,"{'sentiment': 'NEGATIVE', 'confidence': 0.95}","{'sentiment': 'NEGATIVE', 'confidence': 0.9}","{'sentiment': 'NEGATIVE', 'confidence': 0.8}"
2044,"{'sentiment': 'NEGATIVE', 'confidence': 0.95}","{'sentiment': 'NEGATIVE', 'confidence': 0.8}","{'sentiment': 'NEGATIVE', 'confidence': 0.8}"
2045,"{'sentiment': 'NEGATIVE', 'confidence': 1.0}","{'sentiment': 'NEGATIVE', 'confidence': 0.9}","{'sentiment': 'Negative', 'confidence': 0.85}"
2046,"{'sentiment': 'POSITIVE', 'confidence': 0.9}","{'sentiment': 'POSITIVE', 'confidence': 0.9}","{'sentiment': 'POSITIVE', 'confidence': 0.95}"
2047,"{'sentiment': 'NEUTRAL', 'confidence': 0.8}","{'sentiment': 'POSITIVE', 'confidence': 0.8}","{'sentiment': 'POSITIVE', 'confidence': 0.8}"
2048,"{'sentiment': 'POSITIVE', 'confidence': 0.95}","{'sentiment': 'POSITIVE', 'confidence': 0.9}","{'sentiment': 'POSITIVE', 'confidence': 0.95}"
2049,"{'sentiment': 'NEGATIVE', 'confidence': 0.95}","{'sentiment': 'NEGATIVE', 'confidence': 0.8}","{'sentiment': 'NEGATIVE', 'confidence': 0.5}"
2050,"{'sentiment': 'NEGATIVE', 'confidence': 0.99}","{'sentiment': 'NEGATIVE', 'confidence': 0.8}","{'sentiment': 'NEGATIVE', 'confidence': 0.7}"
2051,"{'sentiment': 'NEGATIVE', 'confidence': 1.0}","{'sentiment': 'NEGATIVE', 'confidence': 0.9}","{'sentiment': 'NEGATIVE', 'confidence': 0.2}"
2052,"{'sentiment': 'NEGATIVE', 'confidence': 0.9}","{'sentiment': 'NEGATIVE', 'confidence': 0.8}","{'sentiment': 'NEGATIVE', 'confidence': 0.8}"
2053,"{'sentiment': 'POSITIVE', 'confidence': 0.95}","{'sentiment': 'POSITIVE', 'confidence': 0.95}","{'sentiment': 'POSITIVE', 'confidence': 0.95}"
2054,"{'sentiment': 'NEUTRAL', 'confidence': 0.8}","{'sentiment': 'NEGATIVE', 'confidence': 0.5}","{'sentiment': 'POSITIVE', 'confidence': 1}"
2055,"{'sentiment': 'NEGATIVE', 'confidence': 1.0}","{'sentiment': 'NEGATIVE', 'confidence': 0.8}","{'sentiment': 'NEGATIVE', 'confidence': 0.8}"
2056,"{'sentiment': 'NEGATIVE', 'confidence': 1}","{'sentiment': 'NEGATIVE', 'confidence': 0.8}","{'sentiment': 'NEGATIVE', 'confidence': 0.8}"
2057,"{'sentiment': 'NEGATIVE', 'confidence': 1.0}","{'sentiment': 'NEGATIVE', 'confidence': 0.8}","{'sentiment': 'NEGATIVE', 'confidence': 0.8}"
2058,"{'sentiment': 'NEGATIVE', 'confidence': 0.98}","{'sentiment': 'POSITIVE', 'confidence': 0.9}","{'sentiment': 'NEGATIVE', 'confidence': 0.85}"
2059,"{'sentiment': 'POSITIVE', 'confidence': 1}","{'sentiment': 'POSITIVE', 'confidence': 0.9}","{'sentiment': 'POSITIVE', 'confidence': 1}"
2060,"{'sentiment': 'NEGATIVE', 'confidence': 1.0}","{'sentiment': 'NEGATIVE', 'confidence': 0.8}","{'sentiment': 'NEGATIVE', 'confidence': 0.8}"
2061,"{'sentiment': 'POSITIVE', 'confidence': 1.0}","{'sentiment': 'POSITIVE', 'confidence': 0.95}","{'sentiment': 'POSITIVE', 'confidence': 1}"
2062,"{'sentiment': 'NEGATIVE', 'confidence': 1.0}","{'sentiment': 'NEGATIVE', 'confidence': 0.9}","{'sentiment': 'NEGATIVE', 'confidence': 0.8}"
2063,"{'sentiment': 'NEUTRAL', 'confidence': 1.0}","{'sentiment': 'NEUTRAL', 'confidence': 0.5}","{'sentiment': 'NEGATIVE', 'confidence': 0.8}"
2064,"{'sentiment': 'NEUTRAL', 'confidence': 0.95}","{'sentiment': 'NEUTRAL', 'confidence': 0.6}","{'sentiment': 'NEGATIVE', 'confidence': 0.8}"
2065,"{'sentiment': 'NEUTRAL', 'confidence': 1.0}","{'sentiment': 'NEGATIVE', 'confidence': 0.8}","{'sentiment': 'NEUTRAL', 'confidence': 0.5}"
2066,"{'sentiment': 'POSITIVE', 'confidence': 0.95}","{'sentiment': 'NEGATIVE', 'confidence': 0.8}","{'sentiment': 'NEGATIVE', 'confidence': 0.2}"
2067,"{'sentiment': 'NEGATIVE', 'confidence': 1.0}","{'sentiment': 'NEGATIVE', 'confidence': 0.9}","{'sentiment': 'NEGATIVE', 'confidence': 0.8}"
2068,"{'sentiment': 'NEGATIVE', 'confidence': 1.0}","{'sentiment': 'POSITIVE', 'confidence': 0.8}","{'sentiment': 'NEGATIVE', 'confidence': 0.5}"
2069,"{'sentiment': 'NEGATIVE', 'confidence': 0.95}","{'sentiment': 'NEGATIVE', 'confidence': 0.8}","{'sentiment': 'NEGATIVE', 'confidence': 0.8}"
2070,"{'sentiment': 'POSITIVE', 'confidence': 0.95}","{'sentiment': 'POSITIVE', 'confidence': 0.8}","{'sentiment': 'NEGATIVE', 'confidence': 0.7}"
2071,"{'sentiment': 'NEGATIVE', 'confidence': 0.95}","{'sentiment': 'NEGATIVE', 'confidence': 0.8}","{'sentiment': 'POSITIVE', 'confidence': 0.8}"
2072,"{'sentiment': 'POSITIVE', 'confidence': 1.0}","{'sentiment': 'NEGATIVE', 'confidence': 0.5}","{'sentiment': 'NEGATIVE', 'confidence': 0.95}"
2073,"{'sentiment': 'NEUTRAL', 'confidence': 0.7}","{'sentiment': 'POSITIVE', 'confidence': 0.9}","{'sentiment': 'NEUTRAL', 'confidence': 0.5}"
2074,"{'sentiment': 'NEGATIVE', 'confidence': 1.0}","{'sentiment': 'NEGATIVE', 'confidence': 0.9}","{'sentiment': 'NEGATIVE', 'confidence': 0.8}"
2075,"{'sentiment': 'NEGATIVE', 'confidence': 1}","{'sentiment': 'NEGATIVE', 'confidence': 0.9}","{'sentiment': 'NEGATIVE', 'confidence': 0.8}"
2076,"{'sentiment': 'NEUTRAL', 'confidence': 0.5}","{'sentiment': 'POSITIVE', 'confidence': 0.9}","{'sentiment': 'POSITIVE', 'confidence': 0.95}"
2077,"{'sentiment': 'NEGATIVE', 'confidence': 0.8}","{'sentiment': 'NEGATIVE', 'confidence': 0.85}","{'sentiment': 'NEGATIVE', 'confidence': 0.8}"
2078,"{'sentiment': 'NEGATIVE', 'confidence': 0.97}","{'sentiment': 'NEGATIVE', 'confidence': 0.8}","{'sentiment': 'NEGATIVE', 'confidence': 0.8}"
2079,"{'sentiment': 'NEGATIVE', 'confidence': 0.95}","{'sentiment': 'POSITIVE', 'confidence': 0.9}","{'sentiment': 'NEGATIVE', 'confidence': 0.8}"
2080,"{'sentiment': 'POSITIVE', 'confidence': 1.0}","{'sentiment': 'POSITIVE', 'confidence': 0.9}","{'sentiment': 'POSITIVE', 'confidence': 1}"
2081,"{'sentiment': 'POSITIVE', 'confidence': 0.95}","{'sentiment': 'NEGATIVE', 'confidence': 0.3}","{'sentiment': 'NEGATIVE', 'confidence': 0.8}"
2082,"{'sentiment': 'POSITIVE', 'confidence': 0.95}","{'sentiment': 'NEUTRAL', 'confidence': 0.67}","{'sentiment': 'POSITIVE', 'confidence': 1}"
2083,"{'sentiment': 'POSITIVE', 'confidence': 1.0}","{'sentiment': 'POSITIVE', 'confidence': 0.9}","{'sentiment': 'POSITIVE', 'confidence': 0.95}"
2084,"{'sentiment': 'NEGATIVE', 'confidence': 0.95}","{'sentiment': 'NEGATIVE', 'confidence': 0.8}","{'sentiment': 'NEGATIVE', 'confidence': 0.6}"
2085,"{'sentiment': 'NEGATIVE', 'confidence': 0.95}","{'sentiment': 'NEGATIVE', 'confidence': 0.8}","{'sentiment': 'NEGATIVE', 'confidence': 0.8}"
2086,"{'sentiment': 'NEGATIVE', 'confidence': 1.0}","{'sentiment': 'NEGATIVE', 'confidence': 0.8}","{'sentiment': 'NEGATIVE', 'confidence': 0.8}"
2087,"{'sentiment': 'POSITIVE', 'confidence': 0.99}","{'sentiment': 'POSITIVE', 'confidence': 0.9}","{'sentiment': 'POSITIVE', 'confidence': 0.85}"
2088,"{'sentiment': 'POSITIVE', 'confidence': 1.0}","{'sentiment': 'POSITIVE', 'confidence': 0.9}","{'sentiment': 'POSITIVE', 'confidence': 1}"
2089,"{'sentiment': 'POSITIVE', 'confidence': 1.0}","{'sentiment': 'POSITIVE', 'confidence': 0.9}","{'sentiment': 'POSITIVE', 'confidence': 0.8}"
2090,"{'sentiment': 'NEGATIVE', 'confidence': 1.0}","{'sentiment': 'NEGATIVE', 'confidence': 0.8}","{'sentiment': 'Negative', 'confidence': 0.8}"
2091,"{'sentiment': 'NEUTRAL', 'confidence': 1.0}","{'sentiment': 'NEGATIVE', 'confidence': 0.8}","{'sentiment': 'NEGATIVE', 'confidence': 0.05}"
2092,"{'sentiment': 'POSITIVE', 'confidence': 1.0}","{'sentiment': 'POSITIVE', 'confidence': 0.95}","{'sentiment': 'NEGATIVE', 'confidence': 0.7}"
2093,"{'sentiment': 'POSITIVE', 'confidence': 0.8}","{'sentiment': 'POSITIVE', 'confidence': 0.9}","{'sentiment': 'POSITIVE', 'confidence': 1}"
2094,"{'sentiment': 'POSITIVE', 'confidence': 0.95}","{'sentiment': 'POSITIVE', 'confidence': 0.9}","{'sentiment': 'POSITIVE', 'confidence': 1}"
2095,"{'sentiment': 'NEGATIVE', 'confidence': 0.94}","{'sentiment': 'NEGATIVE', 'confidence': 0.8}","{'sentiment': 'NEGATIVE', 'confidence': 0.8}"
2096,"{'sentiment': 'NEGATIVE', 'confidence': 1.0}","{'sentiment': 'NEGATIVE', 'confidence': 0.9}","{'sentiment': 'NEGATIVE', 'confidence': 0.7}"
2097,"{'sentiment': 'NEUTRAL', 'confidence': 1.0}","{'sentiment': 'POSITIVE', 'confidence': 0.8}","{'sentiment': 'NEUTRAL', 'confidence': 0.6}"
2098,"{'sentiment': 'POSITIVE', 'confidence': 1.0}","{'sentiment': 'POSITIVE', 'confidence': 0.8}","{'sentiment': 'POSITIVE', 'confidence': 0.95}"
2099,"{'sentiment': 'NEGATIVE', 'confidence': 0.95}","{'sentiment': 'NEGATIVE', 'confidence': 0.8}","{'sentiment': 'NEGATIVE', 'confidence': 0.8}"
2100,"{'sentiment': 'NEGATIVE', 'confidence': 0.99}","{'sentiment': 'NEGATIVE', 'confidence': 0.8}","{'sentiment': 'NEGATIVE', 'confidence': 0.8}"
2101,"{'sentiment': 'NEUTRAL', 'confidence': 1.0}","{'sentiment': 'POSITIVE', 'confidence': 0.8}","{'sentiment': 'NEGATIVE', 'confidence': 0.8}"
2102,"{'sentiment': 'POSITIVE', 'confidence': 0.9}","{'sentiment': 'POSITIVE', 'confidence': 0.9}","{'sentiment': 'POSITIVE', 'confidence': 0.8}"
2103,"{'sentiment': 'POSITIVE', 'confidence': 0.95}","{'sentiment': 'POSITIVE', 'confidence': 0.8}","{'sentiment': 'NEGATIVE', 'confidence': 0.8}"
2104,"{'sentiment': 'POSITIVE', 'confidence': 1.0}","{'sentiment': 'POSITIVE', 'confidence': 0.8}","{'sentiment': 'POSITIVE', 'confidence': 1}"
2105,"{'sentiment': 'POSITIVE', 'confidence': 1.0}","{'sentiment': 'POSITIVE', 'confidence': 0.9}","{'sentiment': 'POSITIVE', 'confidence': 1}"
2106,"{'sentiment': 'NEUTRAL', 'confidence': 0.95}","{'sentiment': 'NEGATIVE', 'confidence': 0.8}","{'sentiment': 'NEGATIVE', 'confidence': 0.7}"
2107,"{'sentiment': 'NEGATIVE', 'confidence': 0.95}","{'sentiment': 'NEGATIVE', 'confidence': 0.8}","{'sentiment': 'NEGATIVE', 'confidence': 0.75}"
2108,"{'sentiment': 'POSITIVE', 'confidence': 0.95}","{'sentiment': 'POSITIVE', 'confidence': 0.9}","{'sentiment': 'POSITIVE', 'confidence': 0.95}"
2109,"{'sentiment': 'NEUTRAL', 'confidence': 0.7}","{'sentiment': 'NEUTRAL', 'confidence': 0.7}","{'sentiment': 'NEGATIVE', 'confidence': 0.8}"
2110,"{'sentiment': 'POSITIVE', 'confidence': 0.99}","{'sentiment': 'POSITIVE', 'confidence': 0.8}","{'sentiment': 'NEGATIVE', 'confidence': 0.8}"
2111,"{'sentiment': 'POSITIVE', 'confidence': 0.85}","{'sentiment': 'POSITIVE', 'confidence': 0.8}","{'sentiment': 'POSITIVE', 'confidence': 0.8}"
2112,"{'sentiment': 'POSITIVE', 'confidence': 0.8}","{'sentiment': 'NEUTRAL', 'confidence': 0.5}","{'sentiment': 'POSITIVE', 'confidence': 0.95}"
2113,"{'sentiment': 'NEGATIVE', 'confidence': 0.6}","{'sentiment': 'POSITIVE', 'confidence': 0.8}","{'sentiment': 'NEGATIVE', 'confidence': 0.8}"
2114,"{'sentiment': 'POSITIVE', 'confidence': 0.95}","{'sentiment': 'POSITIVE', 'confidence': 0.9}","{'sentiment': 'POSITIVE', 'confidence': 0.95}"
2115,"{'sentiment': 'POSITIVE', 'confidence': 0.95}","{'sentiment': 'POSITIVE', 'confidence': 0.8}","{'sentiment': 'POSITIVE', 'confidence': 1}"
2116,"{'sentiment': 'POSITIVE', 'confidence': 1.0}","{'sentiment': 'POSITIVE', 'confidence': 0.8}","{'sentiment': 'NEGATIVE', 'confidence': 0.7}"
2117,"{'sentiment': 'NEGATIVE', 'confidence': 0.8}","{'sentiment': 'NEGATIVE', 'confidence': 0.8}","{'sentiment': 'NEGATIVE', 'confidence': 0.8}"
2118,"{'sentiment': 'NEGATIVE', 'confidence': 1.0}","{'sentiment': 'NEGATIVE', 'confidence': 0.9}","{'sentiment': 'NEGATIVE', 'confidence': 0.8}"
2119,"{'sentiment': 'NEUTRAL', 'confidence': 1.0}","{'sentiment': 'POSITIVE', 'confidence': 0.8}","{'sentiment': 'NEGATIVE', 'confidence': 0.8}"
2120,"{'sentiment': 'POSITIVE', 'confidence': 1.0}","{'sentiment': 'POSITIVE', 'confidence': 0.9}","{'sentiment': 'POSITIVE', 'confidence': 0.95}"
2121,"{'sentiment': 'POSITIVE', 'confidence': 0.95}","{'sentiment': 'POSITIVE', 'confidence': 0.9}","{'sentiment': 'POSITIVE', 'confidence': 1}"
2122,"{'sentiment': 'NEUTRAL', 'confidence': 1.0}","{'sentiment': 'NEGATIVE', 'confidence': 0.2}","{'sentiment': 'NEGATIVE', 'confidence': 0.2}"
2123,"{'sentiment': 'POSITIVE', 'confidence': 0.95}","{'sentiment': 'POSITIVE', 'confidence': 0.9}","{'sentiment': 'POSITIVE', 'confidence': 0.95}"
2124,"{'sentiment': 'NEGATIVE', 'confidence': 1.0}","{'sentiment': 'NEGATIVE', 'confidence': 0.9}","{'sentiment': 'NEGATIVE', 'confidence': 0.8}"
2125,"{'sentiment': 'NEUTRAL', 'confidence': 1.0}","{'sentiment': 'NEGATIVE', 'confidence': 0.8}","{'sentiment': 'NEGATIVE', 'confidence': 0.95}"
2126,"{'sentiment': 'NEUTRAL', 'confidence': 0.5}","{'sentiment': 'POSITIVE', 'confidence': 0.8}","{'sentiment': 'NEGATIVE', 'confidence': 0.8}"
2127,"{'sentiment': 'NEGATIVE', 'confidence': 1}","{'sentiment': 'NEGATIVE', 'confidence': 0.9}","{'sentiment': 'NEGATIVE', 'confidence': 0.8}"
2128,"{'sentiment': 'POSITIVE', 'confidence': 0.85}","{'sentiment': 'POSITIVE', 'confidence': 0.8}","{'sentiment': 'POSITIVE', 'confidence': 0.8}"
2129,"{'sentiment': 'POSITIVE', 'confidence': 0.8}","{'sentiment': 'POSITIVE', 'confidence': 0.8}","{'sentiment': 'NEGATIVE', 'confidence': 0.2}"
2130,"{'sentiment': 'NEGATIVE', 'confidence': 1.0}","{'sentiment': 'NEGATIVE', 'confidence': 0.8}","{'sentiment': 'NEGATIVE', 'confidence': 0.8}"
2131,"{'sentiment': 'NEUTRAL', 'confidence': 1.0}","{'sentiment': 'NEUTRAL', 'confidence': 0.5}","{'sentiment': 'NEGATIVE', 'confidence': 0.7}"
2132,"{'sentiment': 'NEGATIVE', 'confidence': 1.0}","{'sentiment': 'NEGATIVE', 'confidence': 0.8}","{'sentiment': 'NEGATIVE', 'confidence': 0.8}"
2133,"{'sentiment': 'NEGATIVE', 'confidence': 1}","{'sentiment': 'NEGATIVE', 'confidence': 0.9}","{'sentiment': 'NEGATIVE', 'confidence': 0.8}"
2134,"{'sentiment': 'NEGATIVE', 'confidence': 0.8}","{'sentiment': 'NEGATIVE', 'confidence': 0.8}","{'sentiment': 'NEGATIVE', 'confidence': 0.8}"
2135,"{'sentiment': 'POSITIVE', 'confidence': 1.0}","{'sentiment': 'POSITIVE', 'confidence': 0.9}","{'sentiment': 'POSITIVE', 'confidence': 1}"
2136,"{'sentiment': 'NEGATIVE', 'confidence': 1.0}","{'sentiment': 'NEGATIVE', 'confidence': 0.8}","{'sentiment': 'NEGATIVE', 'confidence': 0.8}"
2137,"{'sentiment': 'NEUTRAL', 'confidence': 0.6}","{'sentiment': 'NEGATIVE', 'confidence': 0.6}","{'sentiment': 'POSITIVE', 'confidence': 1}"
2138,"{'sentiment': 'NEUTRAL', 'confidence': 0.75}","{'sentiment': 'POSITIVE', 'confidence': 0.8}","{'sentiment': 'POSITIVE', 'confidence': 0.8}"
2139,"{'sentiment': 'POSITIVE', 'confidence': 0.8}","{'sentiment': 'POSITIVE', 'confidence': 0.9}","{'sentiment': 'POSITIVE', 'confidence': 0.8}"
2140,"{'sentiment': 'NEUTRAL', 'confidence': 0.5}","{'sentiment': 'NEGATIVE', 'confidence': 0.8}","{'sentiment': 'POSITIVE', 'confidence': 1}"
2141,"{'sentiment': 'NEGATIVE', 'confidence': 1.0}","{'sentiment': 'NEGATIVE', 'confidence': 0.9}","{'sentiment': 'NEGATIVE', 'confidence': 0.8}"
2142,"{'sentiment': 'NEUTRAL', 'confidence': 1.0}","{'sentiment': 'POSITIVE', 'confidence': 0.8}","{'sentiment': 'NEGATIVE', 'confidence': 0.8}"
2143,"{'sentiment': 'POSITIVE', 'confidence': 0.8}","{'sentiment': 'NEUTRAL', 'confidence': 0.7}","{'sentiment': 'POSITIVE', 'confidence': 0.8}"
2144,"{'sentiment': 'NEGATIVE', 'confidence': 1.0}","{'sentiment': 'NEGATIVE', 'confidence': 0.8}","{'sentiment': 'NEGATIVE', 'confidence': 0.8}"
2145,"{'sentiment': 'POSITIVE', 'confidence': 1}","{'sentiment': 'POSITIVE', 'confidence': 0.8}","{'sentiment': 'POSITIVE', 'confidence': 1}"
2146,"{'sentiment': 'NEGATIVE', 'confidence': 0.95}","{'sentiment': 'NEGATIVE', 'confidence': 0.7}","{'sentiment': 'NEGATIVE', 'confidence': 0.8}"
2147,"{'sentiment': 'POSITIVE', 'confidence': 0.95}","{'sentiment': 'POSITIVE', 'confidence': 0.9}","{'sentiment': 'POSITIVE', 'confidence': 1}"
2148,"{'sentiment': 'NEGATIVE', 'confidence': 1.0}","{'sentiment': 'NEGATIVE', 'confidence': 0.8}","{'sentiment': 'NEGATIVE', 'confidence': 0.95}"
2149,"{'sentiment': 'POSITIVE', 'confidence': 1.0}","{'sentiment': 'POSITIVE', 'confidence': 0.9}","{'sentiment': 'positive', 'confidence': 1}"
2150,"{'sentiment': 'POSITIVE', 'confidence': 0.8}","{'sentiment': 'POSITIVE', 'confidence': 0.9}","{'sentiment': 'NEGATIVE', 'confidence': 0.8}"
2151,"{'sentiment': 'NEGATIVE', 'confidence': 0.75}","{'sentiment': 'POSITIVE', 'confidence': 0.9}","{'sentiment': 'NEGATIVE', 'confidence': 0.7}"
2152,"{'sentiment': 'POSITIVE', 'confidence': 0.8}","{'sentiment': 'POSITIVE', 'confidence': 0.9}","{'sentiment': 'POSITIVE', 'confidence': 0.9}"
2153,"{'sentiment': 'NEGATIVE', 'confidence': 0.99}","{'sentiment': 'NEGATIVE', 'confidence': 0.9}","{'sentiment': 'NEGATIVE', 'confidence': 0.8}"
2154,"{'sentiment': 'POSITIVE', 'confidence': 0.99}","{'sentiment': 'POSITIVE', 'confidence': 0.9}","{'sentiment': 'POSITIVE', 'confidence': 1}"
2155,"{'sentiment': 'NEGATIVE', 'confidence': 0.99}","{'sentiment': 'NEGATIVE', 'confidence': 0.8}","{'sentiment': 'NEGATIVE', 'confidence': 0.7}"
2156,"{'sentiment': 'POSITIVE', 'confidence': 0.95}","{'sentiment': 'POSITIVE', 'confidence': 0.8}","{'sentiment': 'POSITIVE', 'confidence': 1}"
2157,"{'sentiment': 'NEGATIVE', 'confidence': 0.95}","{'sentiment': 'NEGATIVE', 'confidence': 0.8}","{'sentiment': 'NEGATIVE', 'confidence': 0.8}"
2158,"{'sentiment': 'POSITIVE', 'confidence': 1.0}","{'sentiment': 'POSITIVE', 'confidence': 0.9}","{'sentiment': 'NEGATIVE', 'confidence': 0.7}"
2159,"{'sentiment': 'NEGATIVE', 'confidence': 0.95}","{'sentiment': 'NEUTRAL', 'confidence': 0.2}","{'sentiment': 'NEGATIVE', 'confidence': 0.7}"
2160,"{'sentiment': 'NEGATIVE', 'confidence': 1.0}","{'sentiment': 'NEGATIVE', 'confidence': 0.8}","{'sentiment': 'NEGATIVE', 'confidence': 0.8}"
2161,"{'sentiment': 'NEGATIVE', 'confidence': 1.0}","{'sentiment': 'NEGATIVE', 'confidence': 0.9}","{'sentiment': 'NEGATIVE', 'confidence': 0.8}"
2162,"{'sentiment': 'POSITIVE', 'confidence': 0.9}","{'sentiment': 'POSITIVE', 'confidence': 0.9}","{'sentiment': 'NEGATIVE', 'confidence': 0.7}"
2163,"{'sentiment': 'POSITIVE', 'confidence': 1.0}","{'sentiment': 'POSITIVE', 'confidence': 0.8}","{'sentiment': 'POSITIVE', 'confidence': 1}"
2164,"{'sentiment': 'POSITIVE', 'confidence': 1.0}","{'sentiment': 'POSITIVE', 'confidence': 0.9}","{'sentiment': 'POSITIVE', 'confidence': 0.85}"
2165,"{'sentiment': 'NEGATIVE', 'confidence': 0.95}","{'sentiment': 'NEGATIVE', 'confidence': 0.8}","{'sentiment': 'NEGATIVE', 'confidence': 0.8}"
2166,"{'sentiment': 'NEGATIVE', 'confidence': 1.0}","{'sentiment': 'NEGATIVE', 'confidence': 0.9}","{'sentiment': 'NEGATIVE', 'confidence': 0.8}"
2167,"{'sentiment': 'POSITIVE', 'confidence': 0.9}","{'sentiment': 'POSITIVE', 'confidence': 0.8}","{'sentiment': 'POSITIVE', 'confidence': 0.8}"
2168,"{'sentiment': 'NEGATIVE', 'confidence': 0.95}","{'sentiment': 'NEGATIVE', 'confidence': 0.8}","{'sentiment': 'NEGATIVE', 'confidence': 0.8}"
2169,"{'sentiment': 'NEGATIVE', 'confidence': 0.95}","{'sentiment': 'NEGATIVE', 'confidence': 0.8}","{'sentiment': 'NEGATIVE', 'confidence': 0.8}"
2170,"{'sentiment': 'NEGATIVE', 'confidence': 1.0}","{'sentiment': 'NEGATIVE', 'confidence': 0.9}","{'sentiment': 'NEGATIVE', 'confidence': 0.3}"
2171,"{'sentiment': 'NEGATIVE', 'confidence': 0.9}","{'sentiment': 'NEGATIVE', 'confidence': 0.8}","{'sentiment': 'NEGATIVE', 'confidence': 0.7}"
2172,"{'sentiment': 'POSITIVE', 'confidence': 0.8}","{'sentiment': 'POSITIVE', 'confidence': 0.9}","{'sentiment': 'NEGATIVE', 'confidence': 0.6}"
2173,"{'sentiment': 'NEGATIVE', 'confidence': 1.0}","{'sentiment': 'NEGATIVE', 'confidence': 0.83}","{'sentiment': 'NEGATIVE', 'confidence': 0.8}"
2174,"{'sentiment': 'NEUTRAL', 'confidence': 0.7}","{'sentiment': 'NEGATIVE', 'confidence': 0.8}","{'sentiment': 'NEGATIVE', 'confidence': 0.6}"
2175,"{'sentiment': 'POSITIVE', 'confidence': 1.0}","{'sentiment': 'POSITIVE', 'confidence': 0.95}","{'sentiment': 'POSITIVE', 'confidence': 1}"
2176,"{'sentiment': 'POSITIVE', 'confidence': 0.8}","{'sentiment': 'POSITIVE', 'confidence': 0.8}","{'sentiment': 'POSITIVE', 'confidence': 0.8}"
2177,"{'sentiment': 'NEGATIVE', 'confidence': 1.0}","{'sentiment': 'NEGATIVE', 'confidence': 0.9}","{'sentiment': 'NEGATIVE', 'confidence': 0.7}"
2178,"{'sentiment': 'POSITIVE', 'confidence': 1.0}","{'sentiment': 'POSITIVE', 'confidence': 0.9}","{'sentiment': 'POSITIVE', 'confidence': 1}"
2179,"{'sentiment': 'NEGATIVE', 'confidence': 1}","{'sentiment': 'NEGATIVE', 'confidence': 0.8}","{'sentiment': 'NEGATIVE', 'confidence': 0.7}"
2180,"{'sentiment': 'NEGATIVE', 'confidence': 1.0}","{'sentiment': 'NEGATIVE', 'confidence': 0.9}","{'sentiment': 'NEGATIVE', 'confidence': 0.8}"
2181,"{'sentiment': 'POSITIVE', 'confidence': 1.0}","{'sentiment': 'POSITIVE', 'confidence': 0.95}","{'sentiment': 'POSITIVE', 'confidence': 1}"
2182,"{'sentiment': 'POSITIVE', 'confidence': 0.85}","{'sentiment': 'POSITIVE', 'confidence': 0.8}","{'sentiment': 'POSITIVE', 'confidence': 1}"
2183,"{'sentiment': 'NEGATIVE', 'confidence': 1.0}","{'sentiment': 'NEGATIVE', 'confidence': 0.9}","{'sentiment': 'NEGATIVE', 'confidence': 0.8}"
2184,"{'sentiment': 'NEGATIVE', 'confidence': 1}","{'sentiment': 'NEGATIVE', 'confidence': 0.8}","{'sentiment': 'NEGATIVE', 'confidence': 0.8}"
2185,"{'sentiment': 'POSITIVE', 'confidence': 1.0}","{'sentiment': 'POSITIVE', 'confidence': 0.8}","{'sentiment': 'POSITIVE', 'confidence': 1}"
2186,"{'sentiment': 'NEGATIVE', 'confidence': 1.0}","{'sentiment': 'NEGATIVE', 'confidence': 0.8}","{'sentiment': 'NEGATIVE', 'confidence': 0.15}"
2187,"{'sentiment': 'POSITIVE', 'confidence': 1.0}","{'sentiment': 'POSITIVE', 'confidence': 0.8}","{'sentiment': 'POSITIVE', 'confidence': 1}"
2188,"{'sentiment': 'POSITIVE', 'confidence': 0.9}","{'sentiment': 'POSITIVE', 'confidence': 0.83}","{'sentiment': 'NEGATIVE', 'confidence': 0.8}"
2189,"{'sentiment': 'NEUTRAL', 'confidence': 0.5}","{'sentiment': 'POSITIVE', 'confidence': 0.9}","{'sentiment': 'NEGATIVE', 'confidence': 0.8}"
2190,"{'sentiment': 'NEGATIVE', 'confidence': 1.0}","{'sentiment': 'NEGATIVE', 'confidence': 0.9}","{'sentiment': 'NEGATIVE', 'confidence': 0.8}"
2191,"{'sentiment': 'POSITIVE', 'confidence': 1.0}","{'sentiment': 'POSITIVE', 'confidence': 0.8}","{'sentiment': 'POSITIVE', 'confidence': 1}"
2192,"{'sentiment': 'NEGATIVE', 'confidence': 0.95}","{'sentiment': 'NEGATIVE', 'confidence': 0.9}","{'sentiment': 'NEGATIVE', 'confidence': 0.7}"
2193,"{'sentiment': 'NEUTRAL', 'confidence': 1.0}","{'sentiment': 'POSITIVE', 'confidence': 0.8}","{'sentiment': 'NEGATIVE', 'confidence': 0.5}"
2194,"{'sentiment': 'NEGATIVE', 'confidence': 0.9}","{'sentiment': 'NEGATIVE', 'confidence': 0.8}","{'sentiment': 'NEGATIVE', 'confidence': 0.7}"
2195,"{'sentiment': 'NEGATIVE', 'confidence': 1}","{'sentiment': 'NEGATIVE', 'confidence': 0.8}","{'sentiment': 'NEGATIVE', 'confidence': 0.6}"
2196,"{'sentiment': 'POSITIVE', 'confidence': 0.95}","{'sentiment': 'NEUTRAL', 'confidence': 0.8}","{'sentiment': 'POSITIVE', 'confidence': 1}"
2197,"{'sentiment': 'POSITIVE', 'confidence': 1.0}","{'sentiment': 'POSITIVE', 'confidence': 0.95}","{'sentiment': 'POSITIVE', 'confidence': 1}"
2198,"{'sentiment': 'POSITIVE', 'confidence': 0.9}","{'sentiment': 'POSITIVE', 'confidence': 0.9}","{'sentiment': 'POSITIVE', 'confidence': 0.85}"
2199,"{'sentiment': 'NEGATIVE', 'confidence': 0.8}","{'sentiment': 'NEGATIVE', 'confidence': 0.8}","{'sentiment': 'NEGATIVE', 'confidence': 0.8}"
2200,"{'sentiment': 'POSITIVE', 'confidence': 1.0}","{'sentiment': 'POSITIVE', 'confidence': 0.9}","{'sentiment': 'POSITIVE', 'confidence': 0.9}"
2201,"{'sentiment': 'NEUTRAL', 'confidence': 0.8}","{'sentiment': 'NEGATIVE', 'confidence': 0.7}","{'sentiment': 'NEGATIVE', 'confidence': 0.8}"
2202,"{'sentiment': 'NEUTRAL', 'confidence': 0.7}","{'sentiment': 'NEGATIVE', 'confidence': 0.3}","{'sentiment': 'NEGATIVE', 'confidence': 0.8}"
2203,"{'sentiment': 'NEGATIVE', 'confidence': 0.85}","{'sentiment': 'NEGATIVE', 'confidence': 0.8}","{'sentiment': 'NEGATIVE', 'confidence': 0.8}"
2204,"{'sentiment': 'NEGATIVE', 'confidence': 0.95}","{'sentiment': 'NEGATIVE', 'confidence': 0.8}","{'sentiment': 'NEGATIVE', 'confidence': 0.7}"
2205,"{'sentiment': 'NEGATIVE', 'confidence': 0.85}","{'sentiment': 'NEGATIVE', 'confidence': 0.8}","{'sentiment': 'NEGATIVE', 'confidence': 0.8}"
2206,"{'sentiment': 'NEGATIVE', 'confidence': 0.8}","{'sentiment': 'NEGATIVE', 'confidence': 0.8}","{'sentiment': 'NEGATIVE', 'confidence': 0.7}"
2207,"{'sentiment': 'POSITIVE', 'confidence': 1.0}","{'sentiment': 'POSITIVE', 'confidence': 0.9}","{'sentiment': 'POSITIVE', 'confidence': 1}"
2208,"{'sentiment': 'NEGATIVE', 'confidence': 1.0}","{'sentiment': 'NEGATIVE', 'confidence': 0.8}","{'sentiment': 'NEGATIVE', 'confidence': 0.7}"
2209,"{'sentiment': 'NEUTRAL', 'confidence': 1.0}","{'sentiment': 'NEUTRAL', 'confidence': 0.2}","{'sentiment': 'NEUTRAL', 'confidence': 0.5}"
2210,"{'sentiment': 'NEGATIVE', 'confidence': 1.0}","{'sentiment': 'NEGATIVE', 'confidence': 0.8}","{'sentiment': 'NEGATIVE', 'confidence': 0.8}"
2211,"{'sentiment': 'NEGATIVE', 'confidence': 0.85}","{'sentiment': 'POSITIVE', 'confidence': 0.8}","{'sentiment': 'NEGATIVE', 'confidence': 0.8}"
2212,"{'sentiment': 'NEUTRAL', 'confidence': 0.85}","{'sentiment': 'NEGATIVE', 'confidence': 0.8}","{'sentiment': 'NEGATIVE', 'confidence': 0.8}"
2213,"{'sentiment': 'NEGATIVE', 'confidence': 0.75}","{'sentiment': 'NEGATIVE', 'confidence': 0.8}","{'sentiment': 'NEGATIVE', 'confidence': 0.5}"
2214,"{'sentiment': 'POSITIVE', 'confidence': 0.95}","{'sentiment': 'POSITIVE', 'confidence': 0.95}","{'sentiment': 'POSITIVE', 'confidence': 0.8}"
2215,"{'sentiment': 'NEUTRAL', 'confidence': 1.0}","{'sentiment': 'NEUTRAL', 'confidence': 0.0}","{'sentiment': 'NEGATIVE', 'confidence': 0.7}"
2216,"{'sentiment': 'POSITIVE', 'confidence': 0.8}","{'sentiment': 'POSITIVE', 'confidence': 0.9}","{'sentiment': 'POSITIVE', 'confidence': 0.85}"
2217,"{'sentiment': 'NEGATIVE', 'confidence': 1.0}","{'sentiment': 'POSITIVE', 'confidence': 0.9}","{'sentiment': 'NEGATIVE', 'confidence': 0.5}"
2218,"{'sentiment': 'POSITIVE', 'confidence': 1.0}","{'sentiment': 'POSITIVE', 'confidence': 0.9}","{'sentiment': 'POSITIVE', 'confidence': 1}"
2219,"{'sentiment': 'NEUTRAL', 'confidence': 1.0}","{'sentiment': 'NEGATIVE', 'confidence': 0.8}","{'sentiment': 'NEGATIVE', 'confidence': 0.8}"
2220,"{'sentiment': 'POSITIVE', 'confidence': 1.0}","{'sentiment': 'POSITIVE', 'confidence': 0.9}","{'sentiment': 'POSITIVE', 'confidence': 0.85}"
2221,"{'sentiment': 'POSITIVE', 'confidence': 1.0}","{'sentiment': 'POSITIVE', 'confidence': 0.9}","{'sentiment': 'POSITIVE', 'confidence': 1}"
2222,"{'sentiment': 'POSITIVE', 'confidence': 0.7}","{'sentiment': 'NEGATIVE', 'confidence': 0.8}","{'sentiment': 'NEGATIVE', 'confidence': 0.8}"
2223,"{'sentiment': 'NEGATIVE', 'confidence': 0.95}","{'sentiment': 'NEGATIVE', 'confidence': 0.8}","{'sentiment': 'NEGATIVE', 'confidence': 0.8}"
2224,"{'sentiment': 'NEUTRAL', 'confidence': 0.7}","{'sentiment': 'NEUTRAL', 'confidence': 0.4}","{'sentiment': 'POSITIVE', 'confidence': 1}"
2225,"{'sentiment': 'NEGATIVE', 'confidence': 0.95}","{'sentiment': 'NEGATIVE', 'confidence': 0.9}","{'sentiment': 'NEGATIVE', 'confidence': 0.8}"
2226,"{'sentiment': 'POSITIVE', 'confidence': 0.75}","{'sentiment': 'POSITIVE', 'confidence': 0.9}","{'sentiment': 'POSITIVE', 'confidence': 0.9}"
2227,"{'sentiment': 'POSITIVE', 'confidence': 1.0}","{'sentiment': 'POSITIVE', 'confidence': 0.9}","{'sentiment': 'POSITIVE', 'confidence': 1}"
2228,"{'sentiment': 'NEUTRAL', 'confidence': 0.5}","{'sentiment': 'NEUTRAL', 'confidence': 0.8}","{'sentiment': 'NEGATIVE', 'confidence': 0.8}"
2229,"{'sentiment': 'NEGATIVE', 'confidence': 1.0}","{'sentiment': 'NEGATIVE', 'confidence': 0.85}","{'sentiment': 'NEGATIVE', 'confidence': 0.8}"
2230,"{'sentiment': 'POSITIVE', 'confidence': 1.0}","{'sentiment': 'POSITIVE', 'confidence': 0.8}","{'sentiment': 'POSITIVE', 'confidence': 1}"
2231,"{'sentiment': 'POSITIVE', 'confidence': 0.8}","{'sentiment': 'POSITIVE', 'confidence': 0.8}","{'sentiment': 'NEGATIVE', 'confidence': 0.8}"
2232,"{'sentiment': 'NEUTRAL', 'confidence': 0.85}","{'sentiment': 'NEUTRAL', 'confidence': 0.7}","{'sentiment': 'NEUTRAL', 'confidence': 0.7}"
2233,"{'sentiment': 'NEGATIVE', 'confidence': 0.95}","{'sentiment': 'NEGATIVE', 'confidence': 0.9}","{'sentiment': 'NEGATIVE', 'confidence': 0.7}"
2234,"{'sentiment': 'POSITIVE', 'confidence': 0.8}","{'sentiment': 'POSITIVE', 'confidence': 0.8}","{'sentiment': 'NEGATIVE', 'confidence': 0.7}"
2235,"{'sentiment': 'POSITIVE', 'confidence': 0.95}","{'sentiment': 'POSITIVE', 'confidence': 0.9}","{'sentiment': 'POSITIVE', 'confidence': 1}"
2236,"{'sentiment': 'NEGATIVE', 'confidence': 0.99}","{'sentiment': 'NEGATIVE', 'confidence': 0.9}","{'sentiment': 'NEGATIVE', 'confidence': 0.8}"
2237,"{'sentiment': 'NEGATIVE', 'confidence': 0.98}","{'sentiment': 'NEGATIVE', 'confidence': 0.8}","{'sentiment': 'NEGATIVE', 'confidence': 0.8}"
2238,"{'sentiment': 'NEGATIVE', 'confidence': 1}","{'sentiment': 'NEGATIVE', 'confidence': 0.8}","{'sentiment': 'NEGATIVE', 'confidence': 0.8}"
2239,"{'sentiment': 'NEGATIVE', 'confidence': 0.9}","{'sentiment': 'NEGATIVE', 'confidence': 0.8}","{'sentiment': 'POSITIVE', 'confidence': 0.9}"
2240,"{'sentiment': 'NEGATIVE', 'confidence': 1.0}","{'sentiment': 'NEGATIVE', 'confidence': 0.8}","{'sentiment': 'Negative', 'confidence': 0.8}"
2241,"{'sentiment': 'POSITIVE', 'confidence': 0.99}","{'sentiment': 'POSITIVE', 'confidence': 0.9}","{'sentiment': 'POSITIVE', 'confidence': 1}"
2242,"{'sentiment': 'POSITIVE', 'confidence': 1.0}","{'sentiment': 'POSITIVE', 'confidence': 0.5}","{'sentiment': 'NEGATIVE', 'confidence': 0.8}"
2243,"{'sentiment': 'POSITIVE', 'confidence': 0.95}","{'sentiment': 'POSITIVE', 'confidence': 0.8}","{'sentiment': 'NEGATIVE', 'confidence': 0.8}"
2244,"{'sentiment': 'NEUTRAL', 'confidence': 0.95}","{'sentiment': 'NEUTRAL', 'confidence': 0.75}","{'sentiment': 'Neutral', 'confidence': 0.7}"
2245,"{'sentiment': 'NEGATIVE', 'confidence': 1.0}","{'sentiment': 'NEGATIVE', 'confidence': 0.95}","{'sentiment': 'NEGATIVE', 'confidence': 0.8}"
2246,"{'sentiment': 'POSITIVE', 'confidence': 0.95}","{'sentiment': 'POSITIVE', 'confidence': 0.9}","{'sentiment': 'POSITIVE', 'confidence': 0.9}"
2247,"{'sentiment': 'NEGATIVE', 'confidence': 0.95}","{'sentiment': 'NEGATIVE', 'confidence': 0.8}","{'sentiment': 'NEGATIVE', 'confidence': 0.8}"
2248,"{'sentiment': 'NEUTRAL', 'confidence': 1.0}","{'sentiment': 'NEGATIVE', 'confidence': 0.8}","{'sentiment': 'NEGATIVE', 'confidence': 0.7}"
2249,"{'sentiment': 'POSITIVE', 'confidence': 1.0}","{'sentiment': 'POSITIVE', 'confidence': 0.9}","{'sentiment': 'POSITIVE', 'confidence': 1}"
2250,"{'sentiment': 'NEGATIVE', 'confidence': 0.9}","{'sentiment': 'NEGATIVE', 'confidence': 0.8}","{'sentiment': 'NEGATIVE', 'confidence': 0.2}"
2251,"{'sentiment': 'POSITIVE', 'confidence': 0.85}","{'sentiment': 'NEGATIVE', 'confidence': 0.9}","{'sentiment': 'NEGATIVE', 'confidence': 0.8}"
2252,"{'sentiment': 'POSITIVE', 'confidence': 0.99}","{'sentiment': 'POSITIVE', 'confidence': 0.9}","{'sentiment': 'POSITIVE', 'confidence': 1}"
2253,"{'sentiment': 'NEGATIVE', 'confidence': 0.98}","{'sentiment': 'NEGATIVE', 'confidence': 0.9}","{'sentiment': 'NEGATIVE', 'confidence': 0.8}"
2254,"{'sentiment': 'NEGATIVE', 'confidence': 0.99}","{'sentiment': 'NEGATIVE', 'confidence': 0.8}","{'sentiment': 'NEGATIVE', 'confidence': 0.8}"
2255,"{'sentiment': 'POSITIVE', 'confidence': 1}","{'sentiment': 'POSITIVE', 'confidence': 0.9}","{'sentiment': 'POSITIVE', 'confidence': 1}"
2256,"{'sentiment': 'POSITIVE', 'confidence': 1.0}","{'sentiment': 'POSITIVE', 'confidence': 0.9}","{'sentiment': 'POSITIVE', 'confidence': 0.8}"
2257,"{'sentiment': 'POSITIVE', 'confidence': 1.0}","{'sentiment': 'POSITIVE', 'confidence': 0.9}","{'sentiment': 'POSITIVE', 'confidence': 1}"
2258,"{'sentiment': 'POSITIVE', 'confidence': 1.0}","{'sentiment': 'NEGATIVE', 'confidence': 0.8}","{'sentiment': 'POSITIVE', 'confidence': 1}"
2259,"{'sentiment': 'POSITIVE', 'confidence': 1.0}","{'sentiment': 'POSITIVE', 'confidence': 0.8}","{'sentiment': 'POSITIVE', 'confidence': 1}"
2260,"{'sentiment': 'POSITIVE', 'confidence': 1}","{'sentiment': 'POSITIVE', 'confidence': 0.9}","{'sentiment': 'POSITIVE', 'confidence': 1}"
2261,"{'sentiment': 'POSITIVE', 'confidence': 1.0}","{'sentiment': 'POSITIVE', 'confidence': 0.9}","{'sentiment': 'POSITIVE', 'confidence': 1}"
2262,"{'sentiment': 'NEGATIVE', 'confidence': 0.99}","{'sentiment': 'NEGATIVE', 'confidence': 0.8}","{'sentiment': 'NEGATIVE', 'confidence': 0.7}"
2263,"{'sentiment': 'NEUTRAL', 'confidence': 0.5}","{'sentiment': 'NEGATIVE', 'confidence': 0.8}","{'sentiment': 'NEGATIVE', 'confidence': 0.75}"
2264,"{'sentiment': 'POSITIVE', 'confidence': 0.95}","{'sentiment': 'NEGATIVE', 'confidence': 0.8}","{'sentiment': 'NEGATIVE', 'confidence': 0.8}"
2265,"{'sentiment': 'NEUTRAL', 'confidence': 0.75}","{'sentiment': 'POSITIVE', 'confidence': 0.9}","{'sentiment': 'NEGATIVE', 'confidence': 0.7}"
2266,"{'sentiment': 'NEUTRAL', 'confidence': 1.0}","{'sentiment': 'POSITIVE', 'confidence': 0.8}","{'sentiment': 'NEGATIVE', 'confidence': 0.75}"
2267,"{'sentiment': 'POSITIVE', 'confidence': 0.95}","{'sentiment': 'POSITIVE', 'confidence': 0.9}","{'sentiment': 'POSITIVE', 'confidence': 0.95}"
2268,"{'sentiment': 'NEGATIVE', 'confidence': 1.0}","{'sentiment': 'NEGATIVE', 'confidence': 0.8}","{'sentiment': 'NEGATIVE', 'confidence': 0.8}"
2269,"{'sentiment': 'NEGATIVE', 'confidence': 1}","{'sentiment': 'NEGATIVE', 'confidence': 0.8}","{'sentiment': 'NEGATIVE', 'confidence': 0.8}"
2270,"{'sentiment': 'POSITIVE', 'confidence': 0.99}","{'sentiment': 'POSITIVE', 'confidence': 0.9}","{'sentiment': 'POSITIVE', 'confidence': 1}"
2271,"{'sentiment': 'POSITIVE', 'confidence': 0.95}","{'sentiment': 'POSITIVE', 'confidence': 0.8}","{'sentiment': 'POSITIVE', 'confidence': 0.85}"
2272,"{'sentiment': 'NEGATIVE', 'confidence': 1.0}","{'sentiment': 'NEGATIVE', 'confidence': 0.9}","{'sentiment': 'NEGATIVE', 'confidence': 0.8}"
2273,"{'sentiment': 'NEGATIVE', 'confidence': 1.0}","{'sentiment': 'NEGATIVE', 'confidence': 0.9}","{'sentiment': 'NEGATIVE', 'confidence': 0.8}"
2274,"{'sentiment': 'NEGATIVE', 'confidence': 1.0}","{'sentiment': 'NEGATIVE', 'confidence': 0.8}","{'sentiment': 'NEGATIVE', 'confidence': 0.8}"
2275,"{'sentiment': 'NEGATIVE', 'confidence': 0.8}","{'sentiment': 'NEGATIVE', 'confidence': 0.8}","{'sentiment': 'NEGATIVE', 'confidence': 0.8}"
2276,"{'sentiment': 'POSITIVE', 'confidence': 1.0}","{'sentiment': 'POSITIVE', 'confidence': 0.8}","{'sentiment': 'POSITIVE', 'confidence': 1}"
2277,"{'sentiment': 'NEGATIVE', 'confidence': 0.95}","{'sentiment': 'NEGATIVE', 'confidence': 0.8}","{'sentiment': 'NEGATIVE', 'confidence': 0.8}"
2278,"{'sentiment': 'NEGATIVE', 'confidence': 1.0}","{'sentiment': 'NEGATIVE', 'confidence': 0.8}","{'sentiment': 'NEGATIVE', 'confidence': 0.8}"
2279,"{'sentiment': 'NEGATIVE', 'confidence': 0.98}","{'sentiment': 'NEGATIVE', 'confidence': 0.9}","{'sentiment': 'NEGATIVE', 'confidence': 0.8}"
2280,"{'sentiment': 'NEUTRAL', 'confidence': 1.0}","{'sentiment': 'POSITIVE', 'confidence': 0.9}","{'sentiment': 'NEGATIVE', 'confidence': 0.8}"
2281,"{'sentiment': 'NEGATIVE', 'confidence': 0.99}","{'sentiment': 'NEGATIVE', 'confidence': 0.85}","{'sentiment': 'NEGATIVE', 'confidence': 0.8}"
2282,"{'sentiment': 'NEUTRAL', 'confidence': 0.65}","{'sentiment': 'NEGATIVE', 'confidence': 0.8}","{'sentiment': 'NEGATIVE', 'confidence': 0.85}"
2283,"{'sentiment': 'POSITIVE', 'confidence': 0.9}","{'sentiment': 'POSITIVE', 'confidence': 0.8}","{'sentiment': 'POSITIVE', 'confidence': 0.95}"
2284,"{'sentiment': 'NEUTRAL', 'confidence': 1.0}","{'sentiment': 'NEGATIVE', 'confidence': 0.83}","{'sentiment': 'NEGATIVE', 'confidence': 0.8}"
2285,"{'sentiment': 'NEUTRAL', 'confidence': 1.0}","{'sentiment': 'NEGATIVE', 'confidence': 0.8}","{'sentiment': 'NEGATIVE', 'confidence': 0.2}"
2286,"{'sentiment': 'POSITIVE', 'confidence': 1.0}","{'sentiment': 'NEGATIVE', 'confidence': 0.8}","{'sentiment': 'NEGATIVE', 'confidence': 0.8}"
2287,"{'sentiment': 'NEUTRAL', 'confidence': 1}","{'sentiment': 'POSITIVE', 'confidence': 0.9}","{'sentiment': 'NEGATIVE', 'confidence': 0.8}"
2288,"{'sentiment': 'POSITIVE', 'confidence': 0.9}","{'sentiment': 'POSITIVE', 'confidence': 0.9}","{'sentiment': 'POSITIVE', 'confidence': 0.8}"
2289,"{'sentiment': 'NEGATIVE', 'confidence': 0.9}","{'sentiment': 'NEGATIVE', 'confidence': 0.8}","{'sentiment': 'NEGATIVE', 'confidence': 0.7}"
2290,"{'sentiment': 'NEGATIVE', 'confidence': 1.0}","{'sentiment': 'NEGATIVE', 'confidence': 0.8}","{'sentiment': 'NEGATIVE', 'confidence': 0.8}"
2291,"{'sentiment': 'POSITIVE', 'confidence': 1}","{'sentiment': 'POSITIVE', 'confidence': 0.9}","{'sentiment': 'POSITIVE', 'confidence': 1}"
2292,"{'sentiment': 'NEUTRAL', 'confidence': 0.8}","{'sentiment': 'POSITIVE', 'confidence': 0.8}","{'sentiment': 'NEGATIVE', 'confidence': 0.8}"
2293,"{'sentiment': 'POSITIVE', 'confidence': 1.0}","{'sentiment': 'POSITIVE', 'confidence': 0.9}","{'sentiment': 'NEGATIVE', 'confidence': 0.5}"
2294,"{'sentiment': 'NEUTRAL', 'confidence': 0.8}","{'sentiment': 'POSITIVE', 'confidence': 0.9}","{'sentiment': 'POSITIVE', 'confidence': 1}"
2295,"{'sentiment': 'NEGATIVE', 'confidence': 0.9}","{'sentiment': 'NEGATIVE', 'confidence': 0.9}","{'sentiment': 'NEGATIVE', 'confidence': 0.8}"
2296,"{'sentiment': 'NEGATIVE', 'confidence': 1.0}","{'sentiment': 'NEGATIVE', 'confidence': 0.8}","{'sentiment': 'NEGATIVE', 'confidence': 0.7}"
2297,"{'sentiment': 'POSITIVE', 'confidence': 1.0}","{'sentiment': 'POSITIVE', 'confidence': 0.9}","{'sentiment': 'POSITIVE', 'confidence': 0.8}"
2298,"{'sentiment': 'NEGATIVE', 'confidence': 0.9}","{'sentiment': 'NEGATIVE', 'confidence': 0.8}","{'sentiment': 'NEGATIVE', 'confidence': 0.8}"
2299,"{'sentiment': 'POSITIVE', 'confidence': 1.0}","{'sentiment': 'POSITIVE', 'confidence': 0.9}","{'sentiment': 'POSITIVE', 'confidence': 1}"
2300,"{'sentiment': 'POSITIVE', 'confidence': 1}","{'sentiment': 'POSITIVE', 'confidence': 0.75}","{'sentiment': 'POSITIVE', 'confidence': 1}"
2301,"{'sentiment': 'POSITIVE', 'confidence': 0.85}","{'sentiment': 'POSITIVE', 'confidence': 0.9}","{'sentiment': 'POSITIVE', 'confidence': 0.95}"
2302,"{'sentiment': 'NEGATIVE', 'confidence': 1.0}","{'sentiment': 'NEGATIVE', 'confidence': 0.8}","{'sentiment': 'NEGATIVE', 'confidence': 0.8}"
2303,"{'sentiment': 'NEUTRAL', 'confidence': 0.5}","{'sentiment': 'NEUTRAL', 'confidence': 0.6}","{'sentiment': 'NEGATIVE', 'confidence': 0.7}"
2304,"{'sentiment': 'POSITIVE', 'confidence': 1}","{'sentiment': 'POSITIVE', 'confidence': 0.9}","{'sentiment': 'POSITIVE', 'confidence': 1}"
2305,"{'sentiment': 'NEGATIVE', 'confidence': 1.0}","{'sentiment': 'NEGATIVE', 'confidence': 0.9}","{'sentiment': 'NEGATIVE', 'confidence': 0.8}"
2306,"{'sentiment': 'NEUTRAL', 'confidence': 0.5}","{'sentiment': 'NEGATIVE', 'confidence': 0.8}","{'sentiment': 'NEGATIVE', 'confidence': 0.7}"
2307,"{'sentiment': 'NEUTRAL', 'confidence': 0.5}","{'sentiment': 'POSITIVE', 'confidence': 0.9}","{'sentiment': 'POSITIVE', 'confidence': 0.8}"
2308,"{'sentiment': 'NEUTRAL', 'confidence': 0.6}","{'sentiment': 'NEGATIVE', 'confidence': 0.8}","{'sentiment': 'POSITIVE', 'confidence': 1}"
2309,"{'sentiment': 'NEUTRAL', 'confidence': 1.0}","{'sentiment': 'POSITIVE', 'confidence': 0.8}","{'sentiment': 'NEGATIVE', 'confidence': 0.7}"
2310,"{'sentiment': 'NEGATIVE', 'confidence': 1.0}","{'sentiment': 'NEGATIVE', 'confidence': 0.9}","{'sentiment': 'NEGATIVE', 'confidence': 0.8}"
2311,"{'sentiment': 'NEGATIVE', 'confidence': 1.0}","{'sentiment': 'NEGATIVE', 'confidence': 0.8}","{'sentiment': 'NEGATIVE', 'confidence': 0.8}"
2312,"{'sentiment': 'NEGATIVE', 'confidence': 1}","{'sentiment': 'NEGATIVE', 'confidence': 0.8}","{'sentiment': 'NEGATIVE', 'confidence': 0.85}"
2313,"{'sentiment': 'POSITIVE', 'confidence': 0.65}","{'sentiment': 'NEUTRAL', 'confidence': 0.6}","{'sentiment': 'NEGATIVE', 'confidence': 0.8}"
2314,"{'sentiment': 'POSITIVE', 'confidence': 1.0}","{'sentiment': 'POSITIVE', 'confidence': 0.95}","{'sentiment': 'POSITIVE', 'confidence': 1}"
2315,"{'sentiment': 'POSITIVE', 'confidence': 0.75}","{'sentiment': 'NEUTRAL', 'confidence': 0.4}","{'sentiment': 'NEGATIVE', 'confidence': 0.8}"
2316,"{'sentiment': 'POSITIVE', 'confidence': 0.85}","{'sentiment': 'POSITIVE', 'confidence': 0.9}","{'sentiment': 'NEGATIVE', 'confidence': 0.8}"
2317,"{'sentiment': 'POSITIVE', 'confidence': 0.9}","{'sentiment': 'POSITIVE', 'confidence': 0.95}","{'sentiment': 'POSITIVE', 'confidence': 0.85}"
2318,"{'sentiment': 'POSITIVE', 'confidence': 0.8}","{'sentiment': 'POSITIVE', 'confidence': 0.9}","{'sentiment': 'POSITIVE', 'confidence': 0.95}"
2319,"{'sentiment': 'NEUTRAL', 'confidence': 0.5}","{'sentiment': 'POSITIVE', 'confidence': 0.9}","{'sentiment': 'NEGATIVE', 'confidence': 0.8}"
2320,"{'sentiment': 'POSITIVE', 'confidence': 1.0}","{'sentiment': 'POSITIVE', 'confidence': 0.8}","{'sentiment': 'POSITIVE', 'confidence': 1}"
2321,"{'sentiment': 'NEGATIVE', 'confidence': 0.9}","{'sentiment': 'NEGATIVE', 'confidence': 0.6}","{'sentiment': 'NEGATIVE', 'confidence': 0.5}"
2322,"{'sentiment': 'NEGATIVE', 'confidence': 0.95}","{'sentiment': 'NEGATIVE', 'confidence': 0.8}","{'sentiment': 'NEGATIVE', 'confidence': 0.3}"
2323,"{'sentiment': 'NEGATIVE', 'confidence': 0.8}","{'sentiment': 'NEGATIVE', 'confidence': 0.8}","{'sentiment': 'NEGATIVE', 'confidence': 0.2}"
2324,"{'sentiment': 'NEGATIVE', 'confidence': 0.85}","{'sentiment': 'NEGATIVE', 'confidence': 0.8}","{'sentiment': 'NEGATIVE', 'confidence': 0.8}"
2325,"{'sentiment': 'POSITIVE', 'confidence': 0.8}","{'sentiment': 'POSITIVE', 'confidence': 0.8}","{'sentiment': 'POSITIVE', 'confidence': 0.8}"
2326,"{'sentiment': 'NEGATIVE', 'confidence': 0.99}","{'sentiment': 'POSITIVE', 'confidence': 0.9}","{'sentiment': 'NEGATIVE', 'confidence': 0.8}"
2327,"{'sentiment': 'NEUTRAL', 'confidence': 0.8}","{'sentiment': 'NEGATIVE', 'confidence': 0.8}","{'sentiment': 'POSITIVE', 'confidence': 0.95}"
2328,"{'sentiment': 'NEGATIVE', 'confidence': 1.0}","{'sentiment': 'NEGATIVE', 'confidence': 0.8}","{'sentiment': 'NEGATIVE', 'confidence': 0.8}"
2329,"{'sentiment': 'NEGATIVE', 'confidence': 0.95}","{'sentiment': 'NEGATIVE', 'confidence': 0.9}","{'sentiment': 'Negative', 'confidence': 0.75}"
2330,"{'sentiment': 'NEGATIVE', 'confidence': 1.0}","{'sentiment': 'NEGATIVE', 'confidence': 0.8}","{'sentiment': 'NEGATIVE', 'confidence': 0.3}"
2331,"{'sentiment': 'POSITIVE', 'confidence': 0.75}","{'sentiment': 'POSITIVE', 'confidence': 0.8}","{'sentiment': 'POSITIVE', 'confidence': 0.8}"
2332,"{'sentiment': 'NEGATIVE', 'confidence': 0.95}","{'sentiment': 'NEGATIVE', 'confidence': 0.9}","{'sentiment': 'NEGATIVE', 'confidence': 0.8}"
2333,"{'sentiment': 'POSITIVE', 'confidence': 0.95}","{'sentiment': 'POSITIVE', 'confidence': 0.9}","{'sentiment': 'POSITIVE', 'confidence': 0.8}"
2334,"{'sentiment': 'NEGATIVE', 'confidence': 0.95}","{'sentiment': 'NEGATIVE', 'confidence': 0.9}","{'sentiment': 'NEGATIVE', 'confidence': 0.8}"
2335,"{'sentiment': 'POSITIVE', 'confidence': 1.0}","{'sentiment': 'POSITIVE', 'confidence': 0.9}","{'sentiment': 'POSITIVE', 'confidence': 1}"
2336,"{'sentiment': 'NEUTRAL', 'confidence': 0.95}","{'sentiment': 'NEGATIVE', 'confidence': 0.8}","{'sentiment': 'NEGATIVE', 'confidence': 0.7}"
2337,"{'sentiment': 'NEGATIVE', 'confidence': 1.0}","{'sentiment': 'NEGATIVE', 'confidence': 0.8}","{'sentiment': 'NEGATIVE', 'confidence': 0.8}"
2338,"{'sentiment': 'NEGATIVE', 'confidence': 0.9}","{'sentiment': 'NEGATIVE', 'confidence': 0.8}","{'sentiment': 'NEGATIVE', 'confidence': 0.7}"
2339,"{'sentiment': 'POSITIVE', 'confidence': 1}","{'sentiment': 'POSITIVE', 'confidence': 0.8}","{'sentiment': 'POSITIVE', 'confidence': 1}"
2340,"{'sentiment': 'NEUTRAL', 'confidence': 1.0}","{'sentiment': 'POSITIVE', 'confidence': 0.8}","{'sentiment': 'NEGATIVE', 'confidence': 0.7}"
2341,"{'sentiment': 'POSITIVE', 'confidence': 1}","{'sentiment': 'POSITIVE', 'confidence': 0.9}","{'sentiment': 'NEGATIVE', 'confidence': 0.8}"
2342,"{'sentiment': 'NEGATIVE', 'confidence': 1}","{'sentiment': 'NEGATIVE', 'confidence': 0.8}","{'sentiment': 'NEGATIVE', 'confidence': 0.8}"
2343,"{'sentiment': 'NEUTRAL', 'confidence': 1.0}","{'sentiment': 'NEUTRAL', 'confidence': 0.0}","{'sentiment': 'NEGATIVE', 'confidence': 0.8}"
2344,"{'sentiment': 'POSITIVE', 'confidence': 0.99}","{'sentiment': 'POSITIVE', 'confidence': 0.9}","{'sentiment': 'POSITIVE', 'confidence': 0.8}"
2345,"{'sentiment': 'POSITIVE', 'confidence': 0.85}","{'sentiment': 'NEUTRAL', 'confidence': 0.8}","{'sentiment': 'NEGATIVE', 'confidence': 0.8}"
2346,"{'sentiment': 'POSITIVE', 'confidence': 1.0}","{'sentiment': 'POSITIVE', 'confidence': 0.9}","{'sentiment': 'POSITIVE', 'confidence': 1}"
2347,"{'sentiment': 'NEUTRAL', 'confidence': 0.85}","{'sentiment': 'NEGATIVE', 'confidence': 0.8}","{'sentiment': 'NEGATIVE', 'confidence': 0.8}"
2348,"{'sentiment': 'POSITIVE', 'confidence': 0.99}","{'sentiment': 'POSITIVE', 'confidence': 0.9}","{'sentiment': 'POSITIVE', 'confidence': 1}"
2349,"{'sentiment': 'NEUTRAL', 'confidence': 0.75}","{'sentiment': 'NEUTRAL', 'confidence': 0.5}","{'sentiment': 'NEGATIVE', 'confidence': 0.8}"
2350,"{'sentiment': 'POSITIVE', 'confidence': 1.0}","{'sentiment': 'POSITIVE', 'confidence': 0.8}","{'sentiment': 'POSITIVE', 'confidence': 1}"
2351,"{'sentiment': 'POSITIVE', 'confidence': 1.0}","{'sentiment': 'POSITIVE', 'confidence': 0.9}","{'sentiment': 'POSITIVE', 'confidence': 1}"
2352,"{'sentiment': 'POSITIVE', 'confidence': 0.9}","{'sentiment': 'POSITIVE', 'confidence': 0.9}","{'sentiment': 'NEGATIVE', 'confidence': 0.3}"
2353,"{'sentiment': 'POSITIVE', 'confidence': 0.95}","{'sentiment': 'POSITIVE', 'confidence': 0.9}","{'sentiment': 'POSITIVE', 'confidence': 0.95}"
2354,"{'sentiment': 'NEGATIVE', 'confidence': 1}","{'sentiment': 'NEGATIVE', 'confidence': 0.8}","{'sentiment': 'NEGATIVE', 'confidence': 0.8}"
2355,"{'sentiment': 'NEGATIVE', 'confidence': 1}","{'sentiment': 'NEGATIVE', 'confidence': 0.9}","{'sentiment': 'NEGATIVE', 'confidence': 0.8}"
2356,"{'sentiment': 'POSITIVE', 'confidence': 0.95}","{'sentiment': 'POSITIVE', 'confidence': 0.9}","{'sentiment': 'POSITIVE', 'confidence': 0.95}"
2357,"{'sentiment': 'NEGATIVE', 'confidence': 1.0}","{'sentiment': 'NEGATIVE', 'confidence': 0.8}","{'sentiment': 'NEGATIVE', 'confidence': 0.8}"
2358,"{'sentiment': 'NEUTRAL', 'confidence': 1.0}","{'sentiment': 'NEUTRAL', 'confidence': 0.5}","{'sentiment': 'NEUTRAL', 'confidence': 0.7}"
2359,"{'sentiment': 'POSITIVE', 'confidence': 0.95}","{'sentiment': 'POSITIVE', 'confidence': 0.95}","{'sentiment': 'POSITIVE', 'confidence': 0.95}"
2360,"{'sentiment': 'NEUTRAL', 'confidence': 0.8}","{'sentiment': 'POSITIVE', 'confidence': 0.8}","{'sentiment': 'NEGATIVE', 'confidence': 0.8}"
2361,"{'sentiment': 'POSITIVE', 'confidence': 0.8}","{'sentiment': 'POSITIVE', 'confidence': 0.8}","{'sentiment': 'NEGATIVE', 'confidence': 0.85}"
2362,"{'sentiment': 'NEUTRAL', 'confidence': 0.95}","{'sentiment': 'NEGATIVE', 'confidence': 0.8}","{'sentiment': 'NEGATIVE', 'confidence': 0.8}"
2363,"{'sentiment': 'POSITIVE', 'confidence': 0.85}","{'sentiment': 'POSITIVE', 'confidence': 0.8}","{'sentiment': 'POSITIVE', 'confidence': 0.8}"
2364,"{'sentiment': 'POSITIVE', 'confidence': 1.0}","{'sentiment': 'POSITIVE', 'confidence': 0.8}","{'sentiment': 'NEGATIVE', 'confidence': 0.1}"
2365,"{'sentiment': 'POSITIVE', 'confidence': 0.9}","{'sentiment': 'NEUTRAL', 'confidence': 0.5}","{'sentiment': 'NEGATIVE', 'confidence': 0.8}"
2366,"{'sentiment': 'NEUTRAL', 'confidence': 0.5}","{'sentiment': 'NEUTRAL', 'confidence': 0.4}","{'sentiment': 'NEGATIVE', 'confidence': 0.1}"
2367,"{'sentiment': 'POSITIVE', 'confidence': 1.0}","{'sentiment': 'POSITIVE', 'confidence': 0.8}","{'sentiment': 'POSITIVE', 'confidence': 1}"
2368,"{'sentiment': 'POSITIVE', 'confidence': 1.0}","{'sentiment': 'POSITIVE', 'confidence': 0.95}","{'sentiment': 'POSITIVE', 'confidence': 1}"
2369,"{'sentiment': 'NEUTRAL', 'confidence': 1.0}","{'sentiment': 'NEGATIVE', 'confidence': 0.8}","{'sentiment': 'NEGATIVE', 'confidence': 0.2}"
2370,"{'sentiment': 'NEGATIVE', 'confidence': 0.99}","{'sentiment': 'NEGATIVE', 'confidence': 0.9}","{'sentiment': 'NEGATIVE', 'confidence': 0.8}"
2371,"{'sentiment': 'NEGATIVE', 'confidence': 1.0}","{'sentiment': 'NEGATIVE', 'confidence': 0.9}","{'sentiment': 'NEGATIVE', 'confidence': 0.85}"
2372,"{'sentiment': 'NEGATIVE', 'confidence': 0.87}","{'sentiment': 'NEUTRAL', 'confidence': 0.8}","{'sentiment': 'NEGATIVE', 'confidence': 0.6}"
2373,"{'sentiment': 'NEGATIVE', 'confidence': 0.99}","{'sentiment': 'NEGATIVE', 'confidence': 0.8}","{'sentiment': 'NEGATIVE', 'confidence': 0.8}"
2374,"{'sentiment': 'NEGATIVE', 'confidence': 1.0}","{'sentiment': 'NEGATIVE', 'confidence': 0.8}","{'sentiment': 'NEGATIVE', 'confidence': 0.8}"
2375,"{'sentiment': 'POSITIVE', 'confidence': 1.0}","{'sentiment': 'POSITIVE', 'confidence': 0.9}","{'sentiment': 'POSITIVE', 'confidence': 0.8}"
2376,"{'sentiment': 'NEUTRAL', 'confidence': 1}","{'sentiment': 'POSITIVE', 'confidence': 0.9}","{'sentiment': 'POSITIVE', 'confidence': 1}"
2377,"{'sentiment': 'NEGATIVE', 'confidence': 1.0}","{'sentiment': 'NEGATIVE', 'confidence': 0.8}","{'sentiment': 'NEGATIVE', 'confidence': 0.8}"
2378,"{'sentiment': 'NEGATIVE', 'confidence': 1.0}","{'sentiment': 'NEGATIVE', 'confidence': 0.8}","{'sentiment': 'POSITIVE', 'confidence': 1}"
2379,"{'sentiment': 'NEGATIVE', 'confidence': 1.0}","{'sentiment': 'NEGATIVE', 'confidence': 0.5}","{'sentiment': 'NEGATIVE', 'confidence': 0.8}"
2380,"{'sentiment': 'NEUTRAL', 'confidence': 0.8}","{'sentiment': 'NEUTRAL', 'confidence': 0.8}","{'sentiment': 'POSITIVE', 'confidence': 0.8}"
2381,"{'sentiment': 'NEGATIVE', 'confidence': 0.9}","{'sentiment': 'NEGATIVE', 'confidence': 0.9}","{'sentiment': 'NEGATIVE', 'confidence': 0.8}"
2382,"{'sentiment': 'NEGATIVE', 'confidence': 0.85}","{'sentiment': 'NEUTRAL', 'confidence': 0.33}","{'sentiment': 'NEGATIVE', 'confidence': 0.2}"
2383,"{'sentiment': 'NEGATIVE', 'confidence': 0.99}","{'sentiment': 'NEGATIVE', 'confidence': 0.8}","{'sentiment': 'NEGATIVE', 'confidence': 0.7}"
2384,"{'sentiment': 'POSITIVE', 'confidence': 0.95}","{'sentiment': 'POSITIVE', 'confidence': 0.9}","{'sentiment': 'POSITIVE', 'confidence': 1}"
2385,"{'sentiment': 'POSITIVE', 'confidence': 1.0}","{'sentiment': 'POSITIVE', 'confidence': 0.9}","{'sentiment': 'POSITIVE', 'confidence': 1}"
2386,"{'sentiment': 'NEGATIVE', 'confidence': 0.97}","{'sentiment': 'NEGATIVE', 'confidence': 0.8}","{'sentiment': 'NEGATIVE', 'confidence': 0.8}"
2387,"{'sentiment': 'POSITIVE', 'confidence': 0.95}","{'sentiment': 'POSITIVE', 'confidence': 0.9}","{'sentiment': 'POSITIVE', 'confidence': 1}"
2388,"{'sentiment': 'NEGATIVE', 'confidence': 0.99}","{'sentiment': 'NEGATIVE', 'confidence': 0.8}","{'sentiment': 'NEGATIVE', 'confidence': 0.7}"
2389,"{'sentiment': 'POSITIVE', 'confidence': 0.95}","{'sentiment': 'POSITIVE', 'confidence': 0.95}","{'sentiment': 'POSITIVE', 'confidence': 1}"
2390,"{'sentiment': 'NEUTRAL', 'confidence': 0.6}","{'sentiment': 'NEGATIVE', 'confidence': 0.8}","{'sentiment': 'NEGATIVE', 'confidence': 0.8}"
2391,"{'sentiment': 'NEGATIVE', 'confidence': 0.8}","{'sentiment': 'NEUTRAL', 'confidence': 0.75}","{'sentiment': 'NEGATIVE', 'confidence': 0.8}"
2392,"{'sentiment': 'NEUTRAL', 'confidence': 0.5}","{'sentiment': 'POSITIVE', 'confidence': 0.8}","{'sentiment': 'NEGATIVE', 'confidence': 0.8}"
2393,"{'sentiment': 'POSITIVE', 'confidence': 0.9}","{'sentiment': 'POSITIVE', 'confidence': 0.8}","{'sentiment': 'POSITIVE', 'confidence': 0.8}"
2394,"{'sentiment': 'NEGATIVE', 'confidence': 1.0}","{'sentiment': 'NEGATIVE', 'confidence': 0.8}","{'sentiment': 'NEGATIVE', 'confidence': 0.8}"
2395,"{'sentiment': 'POSITIVE', 'confidence': 0.97}","{'sentiment': 'POSITIVE', 'confidence': 0.9}","{'sentiment': 'POSITIVE', 'confidence': 0.8}"
2396,"{'sentiment': 'NEGATIVE', 'confidence': 1.0}","{'sentiment': 'NEGATIVE', 'confidence': 0.8}","{'sentiment': 'NEGATIVE', 'confidence': 0.8}"
2397,"{'sentiment': 'NEGATIVE', 'confidence': 0.95}","{'sentiment': 'NEGATIVE', 'confidence': 0.8}","{'sentiment': 'NEGATIVE', 'confidence': 0.8}"
2398,"{'sentiment': 'NEGATIVE', 'confidence': 1.0}","{'sentiment': 'NEGATIVE', 'confidence': 0.9}","{'sentiment': 'NEGATIVE', 'confidence': 0.8}"
2399,"{'sentiment': 'NEUTRAL', 'confidence': 1.0}","{'sentiment': 'NEGATIVE', 'confidence': 0.8}","{'sentiment': 'NEGATIVE', 'confidence': 0.6}"
2400,"{'sentiment': 'POSITIVE', 'confidence': 0.85}","{'sentiment': 'POSITIVE', 'confidence': 0.8}","{'sentiment': 'NEGATIVE', 'confidence': 0.8}"
2401,"{'sentiment': 'NEUTRAL', 'confidence': 0.7}","{'sentiment': 'POSITIVE', 'confidence': 0.9}","{'sentiment': 'NEGATIVE', 'confidence': 0.7}"
2402,"{'sentiment': 'NEGATIVE', 'confidence': 0.99}","{'sentiment': 'NEGATIVE', 'confidence': 0.8}","{'sentiment': 'NEGATIVE', 'confidence': 0.8}"
2403,"{'sentiment': 'POSITIVE', 'confidence': 1.0}","{'sentiment': 'POSITIVE', 'confidence': 0.9}","{'sentiment': 'POSITIVE', 'confidence': 0.8}"
2404,"{'sentiment': 'POSITIVE', 'confidence': 0.95}","{'sentiment': 'POSITIVE', 'confidence': 0.9}","{'sentiment': 'NEGATIVE', 'confidence': 0.8}"
2405,"{'sentiment': 'NEGATIVE', 'confidence': 0.9}","{'sentiment': 'NEGATIVE', 'confidence': 0.9}","{'sentiment': 'NEGATIVE', 'confidence': 0.75}"
2406,"{'sentiment': 'NEGATIVE', 'confidence': 0.95}","{'sentiment': 'NEGATIVE', 'confidence': 0.75}","{'sentiment': 'POSITIVE', 'confidence': 1}"
2407,"{'sentiment': 'NEGATIVE', 'confidence': 0.99}","{'sentiment': 'NEGATIVE', 'confidence': 0.8}","{'sentiment': 'NEGATIVE', 'confidence': 0.8}"
2408,"{'sentiment': 'POSITIVE', 'confidence': 1.0}","{'sentiment': 'POSITIVE', 'confidence': 0.9}","{'sentiment': 'POSITIVE', 'confidence': 1}"
2409,"{'sentiment': 'POSITIVE', 'confidence': 0.9}","{'sentiment': 'POSITIVE', 'confidence': 0.9}","{'sentiment': 'POSITIVE', 'confidence': 0.95}"
2410,"{'sentiment': 'NEGATIVE', 'confidence': 0.9}","{'sentiment': 'NEGATIVE', 'confidence': 0.8}","{'sentiment': 'NEGATIVE', 'confidence': 0.75}"
2411,"{'sentiment': 'NEGATIVE', 'confidence': 0.9}","{'sentiment': 'NEUTRAL', 'confidence': 0.6}","{'sentiment': 'NEGATIVE', 'confidence': 0.7}"
2412,"{'sentiment': 'POSITIVE', 'confidence': 0.95}","{'sentiment': 'POSITIVE', 'confidence': 0.9}","{'sentiment': 'POSITIVE', 'confidence': 0.8}"
2413,"{'sentiment': 'NEGATIVE', 'confidence': 0.95}","{'sentiment': 'NEGATIVE', 'confidence': 0.8}","{'sentiment': 'NEGATIVE', 'confidence': 0.8}"
2414,"{'sentiment': 'POSITIVE', 'confidence': 1.0}","{'sentiment': 'POSITIVE', 'confidence': 0.9}","{'sentiment': 'POSITIVE', 'confidence': 1}"
2415,"{'sentiment': 'POSITIVE', 'confidence': 0.95}","{'sentiment': 'POSITIVE', 'confidence': 0.95}","{'sentiment': 'POSITIVE', 'confidence': 1}"
